user_id,offer_arm
3,1
5,0
12,1
13,2
20,0
21,0
23,1
33,0
40,0
42,1
48,0
53,1
55,0
57,2
65,1
67,1
70,2
71,0
74,1
85,1
91,1
92,1
93,1
102,0
109,1
112,0
116,2
120,2
126,1
127,1
128,1
137,0
141,1
142,1
145,1
146,1
150,1
152,0
162,1
183,1
187,1
196,2
197,0
203,1
207,1
209,2
219,0
225,0
230,1
233,0
240,0
248,1
251,1
256,0
260,0
264,0
267,1
271,1
274,1
279,0
281,1
291,1
293,1
294,1
295,0
298,1
300,2
302,2
303,1
304,0
308,2
310,1
315,1
321,2
323,0
342,1
349,2
354,0
355,1
368,0
375,1
388,1
389,1
397,1
402,0
419,2
421,1
423,0
431,0
434,0
436,0
442,0
443,1
451,1
452,1
456,0
457,1
459,1
463,0
470,1
488,0
491,1
496,1
509,2
511,2
513,0
518,1
519,1
525,1
528,1
533,1
540,1
542,1
543,2
562,1
568,0
573,1
575,2
576,1
592,2
596,0
597,2
606,1
621,0
622,1
626,1
628,1
630,1
631,0
637,1
642,0
649,1
666,0
667,0
680,0
681,0
682,0
683,2
688,0
708,1
721,1
725,0
729,0
736,0
737,1
740,1
743,1
746,1
755,0
761,0
768,0
770,0
771,1
779,2
782,1
789,2
793,0
795,1
797,1
798,1
800,0
801,1
804,0
807,1
811,1
812,1
817,0
829,1
831,1
835,2
837,1
838,0
846,1
851,1
859,1
867,1
871,1
873,1
875,1
877,0
880,1
881,0
882,2
907,0
920,0
924,1
925,1
929,1
941,0
943,0
944,0
945,1
952,1
957,0
961,2
963,0
970,0
971,1
972,0
974,0
976,1
979,1
981,0
982,1
986,0
1006,1
1011,0
1017,1
1020,0
1031,0
1041,0
1044,1
1046,1
1048,0
1049,0
1050,0
1056,2
1057,1
1059,0
1064,2
1071,0
1072,0
1073,0
1087,1
1098,0
1099,2
1102,1
1103,1
1107,0
1117,0
1124,0
1126,1
1130,0
1131,0
1132,1
1134,0
1135,1
1144,2
1156,1
1160,0
1169,0
1173,0
1176,1
1183,2
1184,2
1197,1
1199,0
1202,2
1203,1
1212,0
1216,1
1219,1
1222,0
1231,1
1234,1
1241,1
1252,0
1255,0
1257,0
1262,1
1264,1
1266,2
1268,2
1270,1
1273,1
1274,0
1293,1
1295,2
1296,0
1305,1
1306,1
1309,0
1310,1
1313,1
1316,1
1329,1
1331,0
1333,1
1339,1
1343,0
1352,1
1355,2
1364,1
1372,3
1374,0
1378,2
1381,1
1382,1
1383,0
1402,0
1412,2
1419,1
1440,1
1443,0
1456,0
1461,1
1467,1
1468,1
1476,0
1490,0
1491,0
1495,0
1496,2
1501,1
1510,0
1512,1
1518,1
1522,0
1526,2
1529,0
1530,0
1538,0
1546,1
1552,0
1560,1
1573,0
1590,1
1594,0
1597,2
1599,2
1600,1
1601,0
1609,0
1612,1
1615,1
1618,2
1619,2
1632,0
1638,0
1639,1
1641,1
1642,0
1645,0
1646,1
1647,0
1648,1
1652,1
1656,2
1666,0
1667,1
1668,1
1676,1
1684,2
1715,0
1725,1
1733,0
1739,1
1742,1
1744,0
1746,1
1750,1
1752,0
1757,1
1758,0
1762,0
1770,1
1771,0
1773,1
1775,1
1776,0
1778,1
1780,0
1781,2
1784,2
1786,1
1793,1
1795,2
1796,1
1801,1
1805,0
1810,0
1814,2
1815,1
1824,0
1825,1
1828,0
1830,0
1841,1
1848,1
1851,1
1853,1
1859,1
1861,1
1869,0
1871,0
1872,0
1873,1
1878,2
1880,0
1881,1
1882,0
1883,1
1890,0
1893,1
1896,0
1899,1
1905,0
1906,1
1909,0
1911,0
1912,1
1917,0
1922,0
1925,0
1927,2
1928,1
1930,0
1936,1
1940,1
1945,1
1953,1
1964,0
1967,1
1969,0
1970,1
1972,1
1974,0
1984,1
1987,1
1990,1
2003,2
2008,0
2012,1
2020,1
2021,0
2023,0
2031,0
2036,1
2037,1
2041,1
2042,1
2047,2
2048,0
2055,0
2064,1
2078,0
2093,0
2094,1
2096,0
2100,1
2104,2
2106,1
2109,1
2112,0
2118,1
2123,1
2124,2
2125,2
2128,0
2129,1
2136,1
2143,1
2145,0
2148,1
2155,0
2167,1
2168,2
2169,0
2180,0
2183,0
2195,0
2200,1
2205,1
2206,1
2214,1
2215,0
2218,0
2221,2
2223,1
2224,0
2230,0
2244,1
2247,1
2254,0
2260,2
2268,0
2271,1
2274,1
2288,1
2290,1
2292,1
2297,1
2305,1
2314,1
2318,1
2320,0
2322,1
2325,0
2332,0
2335,1
2337,0
2342,0
2349,1
2350,1
2354,1
2355,0
2359,0
2362,2
2370,2
2389,0
2394,1
2396,1
2397,0
2400,0
2407,1
2412,1
2427,1
2428,1
2430,0
2433,2
2437,0
2444,1
2450,0
2458,0
2459,0
2460,1
2461,1
2464,2
2465,0
2472,1
2474,0
2480,1
2483,1
2488,1
2494,1
2501,0
2508,0
2509,1
2515,1
2517,1
2529,1
2533,1
2534,0
2540,1
2545,1
2548,0
2557,0
2563,1
2566,1
2567,1
2572,2
2577,1
2578,0
2585,0
2607,0
2612,1
2616,1
2620,1
2623,0
2626,0
2632,2
2638,0
2639,0
2641,0
2649,2
2650,1
2657,1
2663,0
2664,1
2665,1
2674,1
2681,1
2685,1
2703,1
2721,1
2722,0
2731,1
2732,1
2741,1
2759,2
2762,1
2763,0
2770,0
2786,0
2793,0
2795,0
2797,1
2804,2
2825,1
2845,0
2849,2
2854,1
2866,1
2869,1
2875,0
2876,1
2877,0
2880,1
2884,1
2885,1
2888,1
2895,1
2909,2
2915,1
2920,1
2942,0
2948,0
2949,1
2951,1
2953,1
2956,2
2958,1
2960,0
2967,1
2968,1
2970,1
2972,0
2975,1
2976,0
2977,1
2978,0
2981,2
2991,1
2995,1
2996,2
3003,1
3008,1
3010,0
3019,0
3020,1
3023,2
3030,1
3032,1
3037,2
3049,2
3051,0
3052,1
3063,1
3071,1
3075,1
3094,1
3100,1
3108,1
3109,2
3112,0
3113,1
3129,0
3136,0
3146,0
3154,1
3161,1
3162,0
3164,0
3165,2
3174,0
3178,0
3186,1
3190,1
3193,1
3201,2
3204,1
3208,0
3212,0
3214,1
3221,1
3225,1
3228,1
3232,1
3238,1
3239,0
3240,1
3251,0
3253,0
3256,0
3257,0
3258,0
3260,1
3261,1
3266,1
3267,1
3273,2
3282,1
3284,0
3300,0
3306,1
3309,0
3311,0
3316,0
3318,0
3325,0
3330,1
3335,0
3338,1
3346,1
3347,0
3348,1
3349,0
3353,1
3358,0
3369,1
3370,1
3375,2
3378,1
3390,0
3397,1
3400,1
3402,0
3405,0
3410,1
3416,1
3430,1
3436,1
3438,0
3446,1
3447,0
3456,0
3465,0
3471,2
3477,1
3483,0
3487,0
3507,2
3509,1
3518,2
3536,1
3540,1
3547,1
3560,0
3564,2
3597,0
3600,1
3607,0
3608,0
3614,1
3616,0
3620,1
3627,1
3637,1
3638,1
3641,1
3643,2
3660,2
3664,1
3665,2
3668,0
3672,1
3680,0
3682,0
3683,0
3690,0
3694,1
3697,0
3702,2
3703,1
3709,1
3711,1
3713,1
3714,0
3717,2
3730,1
3733,0
3744,0
3745,0
3751,1
3759,1
3763,1
3768,1
3784,2
3786,0
3790,1
3792,0
3809,0
3814,0
3821,1
3825,1
3828,1
3842,1
3846,1
3847,1
3850,1
3851,1
3858,1
3866,0
3876,1
3877,1
3889,2
3893,1
3896,2
3901,1
3902,0
3903,0
3904,0
3905,1
3912,1
3913,2
3916,0
3918,1
3920,2
3930,0
3936,1
3948,1
3950,0
3955,1
3968,1
3972,1
3978,0
3979,1
3980,1
3982,1
3983,1
3984,1
3986,1
3987,1
3989,1
3994,0
4001,0
4004,1
4007,1
4009,1
4016,2
4025,1
4027,1
4047,1
4050,2
4056,1
4058,1
4061,1
4069,1
4071,1
4077,1
4078,0
4094,1
4101,0
4111,1
4114,1
4119,2
4120,1
4121,1
4143,1
4146,1
4149,0
4152,0
4156,1
4157,1
4162,1
4164,0
4180,1
4183,0
4184,0
4188,1
4203,2
4219,1
4224,1
4226,0
4233,0
4238,0
4240,1
4241,1
4246,0
4247,0
4252,0
4256,0
4260,1
4269,0
4274,2
4280,0
4286,0
4294,0
4303,0
4305,1
4310,1
4314,1
4316,0
4321,1
4325,1
4330,1
4336,2
4339,1
4346,1
4352,0
4355,1
4356,0
4364,2
4367,0
4368,0
4372,2
4374,0
4382,1
4386,0
4390,1
4392,0
4402,2
4403,0
4410,1
4413,0
4418,1
4423,0
4426,2
4432,0
4436,0
4446,1
4449,1
4451,0
4461,1
4464,0
4466,0
4469,2
4471,1
4473,1
4480,2
4483,1
4504,1
4516,0
4519,0
4525,1
4531,1
4534,1
4540,0
4546,1
4547,1
4548,1
4554,1
4558,2
4563,0
4570,0
4575,1
4578,0
4584,0
4588,0
4591,1
4596,1
4603,0
4605,0
4608,1
4613,1
4616,1
4626,1
4638,1
4640,0
4647,1
4652,0
4662,0
4682,2
4683,0
4684,0
4688,2
4695,1
4701,2
4703,0
4709,1
4710,1
4715,0
4725,0
4727,1
4731,1
4733,2
4736,1
4737,1
4739,1
4740,1
4741,1
4763,0
4764,0
4768,1
4770,1
4778,0
4779,1
4786,1
4796,1
4797,1
4802,0
4806,0
4808,0
4815,0
4818,1
4824,1
4830,1
4835,1
4836,1
4844,1
4846,2
4851,2
4854,0
4857,1
4864,0
4868,0
4871,0
4876,0
4886,1
4888,2
4901,1
4903,1
4905,1
4911,1
4915,2
4919,0
4922,0
4923,1
4924,1
4928,0
4931,1
4933,1
4937,1
4944,0
4948,0
4965,0
4966,1
4969,1
4970,0
4971,0
4973,0
4974,1
4977,0
4979,2
4986,1
4989,1
4998,1
5000,1
5003,0
5011,0
5014,0
5024,1
5029,1
5037,1
5040,1
5047,0
5049,0
5055,1
5059,0
5060,1
5077,1
5086,0
5088,0
5095,2
5108,1
5115,1
5116,0
5122,1
5123,1
5127,1
5135,1
5147,1
5149,1
5157,0
5162,1
5163,2
5164,0
5170,1
5178,0
5182,1
5186,2
5192,1
5196,1
5205,0
5212,2
5214,0
5222,0
5228,1
5234,1
5240,0
5243,1
5251,1
5255,0
5257,1
5268,1
5282,0
5283,1
5284,0
5291,1
5297,0
5299,1
5300,0
5301,1
5303,1
5304,2
5313,1
5314,0
5331,1
5336,1
5337,1
5338,0
5343,2
5344,1
5368,1
5369,1
5370,1
5374,1
5377,0
5383,1
5388,0
5404,0
5410,0
5422,1
5424,0
5430,1
5432,1
5443,0
5444,2
5446,1
5447,0
5456,1
5457,0
5458,1
5468,0
5474,1
5475,2
5480,0
5482,1
5488,1
5492,1
5493,0
5508,1
5509,0
5514,0
5520,0
5522,0
5526,1
5538,0
5540,0
5546,0
5565,0
5567,0
5571,1
5575,1
5581,1
5584,0
5592,1
5595,1
5598,1
5602,0
5604,2
5608,0
5620,0
5626,0
5629,2
5639,0
5649,0
5658,1
5659,2
5661,0
5670,0
5672,0
5682,0
5686,0
5703,0
5709,1
5713,1
5715,2
5721,1
5724,1
5730,1
5734,0
5735,1
5736,0
5737,1
5740,0
5744,0
5749,1
5750,0
5755,0
5757,2
5758,2
5759,2
5766,0
5769,1
5771,0
5774,1
5794,0
5797,0
5798,1
5802,1
5808,1
5813,1
5820,2
5827,2
5834,1
5836,0
5839,1
5844,1
5846,0
5849,0
5855,1
5867,1
5868,1
5870,0
5874,0
5892,2
5893,2
5894,0
5895,1
5904,1
5907,1
5913,0
5915,1
5923,0
5932,0
5934,1
5940,1
5942,1
5951,1
5954,0
5960,1
5969,1
5970,1
5971,2
5972,1
5975,0
5976,0
5978,1
5981,1
5992,0
6005,0
6023,0
6030,1
6037,1
6047,1
6050,0
6055,0
6060,0
6063,1
6064,1
6070,0
6083,0
6087,1
6094,0
6095,0
6101,2
6104,0
6110,0
6112,1
6114,1
6116,1
6121,2
6131,1
6138,1
6139,2
6153,0
6157,1
6164,0
6166,1
6172,2
6173,0
6175,1
6178,0
6187,0
6189,0
6191,0
6198,0
6199,2
6204,2
6206,1
6214,1
6224,1
6235,1
6239,1
6241,1
6247,0
6248,1
6250,1
6251,1
6253,1
6260,1
6262,2
6271,0
6274,2
6278,0
6279,2
6284,1
6290,1
6297,0
6298,0
6303,0
6309,1
6311,1
6313,1
6315,0
6320,0
6322,1
6323,1
6330,1
6332,1
6344,0
6345,1
6359,1
6364,0
6365,1
6381,1
6384,0
6390,0
6392,0
6393,1
6394,2
6400,1
6402,0
6404,0
6407,1
6410,1
6415,1
6417,0
6421,0
6424,0
6432,0
6465,1
6466,0
6482,1
6484,1
6485,1
6489,1
6497,1
6499,0
6504,0
6510,1
6512,1
6516,0
6526,1
6527,1
6530,1
6543,1
6547,0
6550,1
6556,1
6565,2
6570,1
6572,0
6577,1
6581,1
6592,2
6596,0
6598,0
6601,0
6606,1
6610,1
6613,2
6621,1
6624,0
6630,1
6631,1
6632,1
6633,1
6636,0
6638,0
6639,1
6649,1
6650,1
6658,1
6661,2
6663,1
6666,1
6668,1
6678,1
6687,1
6701,1
6702,0
6709,2
6717,0
6720,2
6728,0
6731,1
6734,1
6745,0
6746,1
6752,0
6754,0
6763,0
6772,0
6788,0
6789,1
6791,2
6802,0
6803,1
6813,0
6816,0
6817,1
6820,0
6821,0
6823,2
6826,0
6829,0
6830,0
6831,0
6832,0
6834,1
6838,0
6839,1
6844,1
6848,1
6849,0
6850,0
6860,1
6861,2
6867,1
6875,0
6885,1
6892,0
6895,1
6903,1
6917,1
6931,0
6934,1
6938,0
6940,1
6946,0
6947,0
6948,1
6951,1
6955,0
6961,0
6973,0
6976,1
6982,1
6984,0
6987,2
7006,1
7016,0
7019,1
7021,1
7022,2
7035,0
7038,1
7040,0
7046,0
7053,2
7057,0
7075,1
7080,1
7091,1
7093,0
7095,2
7097,1
7100,1
7103,1
7111,2
7121,0
7131,0
7133,0
7141,1
7144,1
7154,0
7155,1
7160,0
7169,1
7176,0
7179,0
7180,1
7183,0
7185,0
7187,2
7190,1
7192,0
7193,1
7195,1
7196,0
7220,1
7231,0
7232,0
7236,1
7247,0
7253,1
7256,0
7258,1
7263,0
7271,0
7275,1
7277,1
7283,1
7286,0
7295,0
7296,0
7304,1
7307,0
7309,2
7321,2
7325,1
7329,1
7334,2
7335,0
7337,1
7338,1
7341,1
7347,1
7357,1
7362,1
7363,0
7367,1
7370,2
7375,2
7376,0
7379,0
7383,1
7390,1
7397,1
7398,0
7402,1
7405,0
7406,0
7411,0
7412,0
7439,0
7440,1
7442,1
7444,2
7447,0
7452,0
7464,1
7467,1
7476,1
7478,0
7479,1
7480,0
7489,1
7491,0
7492,1
7498,1
7500,1
7502,0
7506,1
7514,0
7520,1
7522,1
7524,0
7526,0
7528,1
7533,0
7535,2
7546,2
7547,2
7552,2
7565,1
7582,1
7583,0
7588,0
7590,1
7596,1
7610,2
7611,0
7628,1
7630,1
7642,1
7644,0
7660,1
7665,0
7668,1
7669,1
7684,0
7686,1
7688,1
7691,1
7692,0
7700,1
7711,0
7713,0
7714,0
7727,1
7729,1
7730,1
7732,2
7733,0
7740,0
7747,0
7753,0
7756,1
7758,1
7782,1
7790,0
7791,1
7795,1
7798,1
7808,1
7809,2
7810,0
7812,1
7815,2
7819,1
7822,1
7834,1
7841,1
7846,1
7856,0
7859,0
7865,1
7866,0
7868,0
7876,0
7879,1
7889,1
7890,2
7892,2
7893,2
7903,0
7913,0
7918,0
7928,1
7932,0
7933,0
7937,0
7943,0
7945,1
7956,0
7957,0
7961,2
7962,1
7963,1
7964,1
7971,1
7972,0
7973,1
7975,1
7979,1
8012,1
8024,0
8025,1
8033,1
8040,0
8044,1
8049,0
8058,1
8063,0
8070,0
8077,1
8078,1
8079,1
8082,1
8091,1
8093,1
8101,0
8105,1
8109,0
8114,1
8124,1
8134,1
8142,0
8153,1
8158,1
8163,1
8168,2
8169,0
8172,0
8177,1
8193,1
8194,2
8205,1
8206,2
8228,0
8230,1
8231,0
8232,2
8236,1
8237,1
8241,1
8243,2
8244,2
8247,1
8251,1
8253,1
8254,1
8256,0
8257,1
8263,0
8268,1
8273,1
8277,1
8287,0
8291,2
8301,0
8305,1
8316,0
8319,0
8321,1
8324,0
8329,1
8331,1
8339,0
8343,0
8349,0
8350,1
8353,1
8355,1
8369,0
8373,0
8376,1
8378,1
8382,0
8384,1
8385,1
8393,2
8394,0
8398,1
8401,1
8403,1
8405,2
8413,0
8415,1
8416,2
8417,1
8421,1
8424,1
8426,0
8427,2
8431,0
8443,0
8451,1
8460,0
8462,0
8476,0
8477,1
8478,0
8481,1
8497,1
8499,0
8502,0
8504,1
8515,0
8517,0
8520,1
8524,0
8529,1
8531,1
8534,0
8540,1
8541,0
8552,0
8553,0
8554,1
8562,0
8567,1
8584,1
8588,1
8594,0
8597,1
8599,1
8603,0
8611,2
8614,1
8615,1
8623,1
8633,1
8642,1
8647,0
8651,1
8662,0
8670,0
8684,0
8686,0
8688,0
8689,0
8692,1
8700,2
8705,0
8708,2
8719,1
8726,1
8727,0
8729,0
8745,0
8747,1
8750,0
8751,1
8753,1
8762,1
8766,1
8768,2
8781,2
8782,1
8784,1
8788,0
8810,0
8813,0
8814,1
8818,0
8825,1
8835,0
8837,0
8841,0
8843,1
8857,1
8871,1
8885,1
8889,2
8897,1
8900,1
8908,1
8917,0
8919,0
8926,1
8927,0
8939,0
8945,0
8953,1
8955,1
8958,0
8959,0
8960,1
8966,1
8975,0
8980,1
8989,1
8992,0
8997,0
8999,0
9001,0
9002,0
9009,1
9027,1
9034,1
9045,1
9052,2
9055,0
9056,0
9063,1
9065,1
9070,1
9075,1
9079,0
9082,2
9089,1
9092,0
9095,0
9096,0
9104,1
9122,1
9127,0
9130,0
9132,1
9133,0
9140,0
9146,1
9149,0
9152,1
9154,0
9162,2
9167,0
9172,0
9174,1
9176,0
9180,2
9184,1
9199,3
9204,1
9210,1
9211,0
9215,0
9216,2
9221,0
9227,0
9234,1
9235,1
9252,1
9253,0
9254,1
9261,2
9262,0
9264,1
9268,2
9277,1
9285,0
9286,0
9287,1
9295,0
9299,1
9303,1
9306,1
9307,0
9317,0
9318,1
9323,0
9328,0
9336,0
9346,1
9351,1
9362,1
9364,1
9369,0
9370,1
9383,0
9392,1
9393,1
9398,1
9399,1
9401,0
9415,1
9434,1
9437,0
9439,1
9442,1
9453,1
9458,1
9461,0
9465,1
9467,1
9471,0
9479,1
9483,1
9487,2
9494,1
9498,0
9502,1
9509,0
9515,0
9516,1
9517,2
9523,1
9524,1
9528,0
9534,1
9542,1
9545,1
9553,1
9555,0
9558,1
9570,2
9597,1
9599,2
9602,1
9609,1
9616,1
9630,1
9631,2
9633,1
9639,0
9641,1
9643,1
9647,0
9652,2
9656,1
9658,0
9661,1
9664,0
9666,2
9683,2
9684,1
9689,1
9727,0
9732,1
9740,0
9743,1
9754,1
9757,2
9763,0
9770,2
9772,1
9777,0
9785,1
9786,0
9789,1
9791,1
9797,0
9798,0
9799,1
9804,0
9806,1
9807,1
9823,0
9839,0
9846,1
9848,0
9854,1
9856,0
9863,1
9870,1
9872,0
9874,0
9877,0
9879,1
9885,0
9886,0
9902,2
9904,0
9910,2
9911,1
9915,1
9921,0
9922,0
9924,0
9928,2
9930,1
9939,1
9940,0
9953,1
9955,0
9956,0
9965,1
9968,1
9969,1
9977,1
9984,1
10008,0
10015,1
10016,0
10017,1
10022,0
10031,0
10038,0
10064,0
10073,1
10075,0
10079,1
10083,1
10087,0
10090,1
10094,0
10096,1
10099,1
10122,1
10132,0
10133,0
10136,0
10146,1
10152,0
10154,1
10160,1
10161,1
10170,1
10176,1
10196,1
10208,1
10223,1
10232,1
10234,0
10240,2
10242,1
10243,1
10253,1
10261,1
10265,1
10269,1
10273,1
10281,1
10286,0
10290,0
10292,0
10295,0
10300,1
10309,1
10312,2
10319,1
10321,1
10327,1
10330,1
10332,1
10334,0
10345,1
10348,0
10353,0
10354,1
10356,1
10379,0
10382,1
10385,1
10387,1
10388,1
10404,1
10409,1
10413,1
10425,0
10427,1
10429,1
10431,0
10440,1
10442,1
10459,0
10466,2
10471,1
10476,0
10481,0
10490,0
10493,0
10494,1
10497,2
10498,0
10504,2
10519,0
10524,0
10525,0
10526,1
10546,2
10549,0
10551,2
10553,0
10554,1
10555,2
10557,1
10563,1
10570,0
10577,0
10583,1
10587,2
10594,1
10596,1
10601,1
10627,1
10628,0
10630,1
10634,1
10639,1
10643,0
10652,1
10655,1
10656,0
10665,0
10668,1
10669,1
10675,0
10678,0
10680,0
10687,1
10691,1
10699,1
10706,1
10712,0
10721,1
10722,2
10724,0
10738,0
10741,2
10746,1
10755,1
10762,0
10770,1
10775,0
10776,1
10784,0
10787,1
10789,0
10797,1
10799,1
10804,0
10805,1
10810,0
10819,0
10823,1
10838,0
10844,0
10846,1
10847,1
10852,1
10869,1
10880,1
10886,1
10889,1
10895,1
10896,1
10897,1
10900,0
10903,1
10904,2
10906,0
10907,0
10918,1
10922,0
10925,1
10929,1
10932,1
10937,1
10940,1
10941,1
10945,0
10951,1
10952,0
10956,1
10971,0
10972,1
10977,1
10980,0
10982,2
10985,1
10990,0
10995,1
11000,2
11004,1
11007,1
11011,2
11020,1
11033,1
11036,1
11047,0
11057,2
11059,1
11063,1
11065,1
11077,2
11081,1
11086,1
11088,1
11089,1
11096,1
11104,2
11116,1
11122,1
11125,1
11126,0
11127,1
11128,0
11132,0
11135,2
11139,0
11142,1
11144,1
11145,0
11147,1
11152,0
11156,1
11161,0
11163,1
11164,0
11172,0
11181,0
11183,1
11198,0
11201,0
11202,1
11204,0
11205,2
11207,2
11210,1
11215,0
11216,0
11219,0
11221,0
11222,0
11223,1
11224,0
11234,0
11235,1
11241,2
11249,0
11250,0
11252,1
11254,0
11256,0
11259,1
11261,0
11265,1
11277,2
11279,1
11282,1
11296,0
11303,0
11308,1
11310,1
11311,0
11312,0
11325,0
11326,1
11337,1
11339,0
11342,0
11345,1
11363,0
11371,1
11373,0
11378,1
11385,1
11389,0
11399,1
11401,0
11411,1
11417,0
11436,1
11443,1
11447,1
11449,1
11454,1
11456,1
11460,2
11471,0
11477,1
11500,0
11503,1
11505,0
11510,1
11515,0
11516,2
11520,1
11523,0
11527,1
11535,0
11544,0
11549,0
11557,0
11565,0
11569,0
11582,0
11585,1
11587,1
11593,0
11594,0
11601,1
11603,1
11604,0
11617,1
11618,1
11620,0
11621,1
11623,0
11624,1
11632,0
11641,1
11642,1
11649,1
11661,1
11662,0
11667,1
11676,0
11695,0
11697,0
11699,0
11707,0
11720,1
11724,2
11726,1
11735,0
11736,1
11738,1
11746,0
11748,0
11751,1
11753,0
11763,0
11766,2
11769,1
11770,1
11771,0
11775,1
11777,0
11790,0
11794,1
11806,1
11829,0
11831,1
11835,1
11837,0
11861,0
11865,1
11874,1
11875,0
11878,0
11879,2
11881,0
11888,1
11895,1
11898,0
11926,2
11936,0
11937,0
11939,0
11940,1
11942,1
11957,1
11972,1
11976,0
11978,0
11980,2
11985,0
12015,1
12017,0
12019,0
12023,1
12024,0
12026,0
12031,1
12034,1
12040,1
12041,1
12045,0
12046,0
12047,1
12048,1
12049,1
12050,1
12052,1
12066,1
12077,0
12081,0
12086,2
12087,0
12092,1
12093,1
12103,1
12106,0
12107,0
12110,3
12128,0
12131,0
12132,0
12133,0
12146,1
12169,1
12173,0
12177,1
12181,2
12186,1
12187,2
12190,1
12200,2
12202,0
12211,1
12213,0
12215,1
12217,0
12231,0
12236,1
12238,1
12242,2
12248,2
12250,0
12257,1
12258,0
12262,1
12263,2
12265,0
12274,0
12280,1
12284,1
12286,1
12288,0
12291,3
12301,1
12309,1
12310,0
12316,0
12320,0
12328,1
12334,0
12336,0
12338,1
12340,1
12357,0
12359,1
12378,0
12379,1
12381,0
12387,1
12393,0
12399,0
12404,0
12420,1
12424,0
12426,0
12429,1
12446,1
12447,1
12448,1
12450,1
12452,1
12457,0
12471,2
12474,0
12483,1
12486,0
12490,1
12495,0
12498,0
12499,1
12500,1
12503,2
12514,1
12519,0
12523,1
12528,1
12539,1
12545,1
12548,2
12557,1
12560,2
12565,0
12569,1
12573,1
12574,0
12576,1
12580,0
12582,0
12591,2
12594,0
12595,1
12600,1
12604,1
12610,0
12615,0
12618,0
12621,1
12626,1
12627,1
12631,0
12643,1
12644,1
12645,1
12649,2
12650,1
12653,1
12659,1
12660,0
12663,1
12665,1
12667,1
12672,1
12675,1
12677,1
12683,1
12688,1
12689,1
12704,0
12709,1
12713,1
12717,0
12721,0
12725,0
12737,0
12742,0
12758,0
12761,0
12762,1
12764,1
12768,0
12782,0
12783,1
12784,0
12785,1
12802,1
12803,2
12811,0
12813,0
12819,1
12823,0
12839,1
12840,0
12847,1
12848,1
12858,0
12859,1
12862,1
12876,0
12877,0
12886,0
12919,1
12927,1
12930,0
12939,0
12940,1
12963,1
12964,1
12969,0
12973,0
12976,1
12981,2
12982,0
12984,2
12987,0
12991,0
12995,0
12999,1
13000,0
13006,2
13021,0
13026,1
13036,1
13039,0
13047,0
13048,1
13049,1
13054,1
13056,1
13058,2
13061,1
13062,1
13065,0
13080,1
13088,1
13095,0
13098,1
13105,0
13108,0
13109,0
13113,2
13127,1
13131,1
13133,2
13137,1
13147,1
13148,0
13153,1
13155,1
13159,2
13162,1
13163,1
13171,0
13184,1
13185,1
13193,1
13196,1
13209,1
13210,0
13220,1
13223,1
13228,0
13236,0
13247,1
13248,0
13250,1
13252,1
13262,0
13274,1
13276,1
13277,0
13292,1
13300,1
13301,0
13307,1
13308,1
13309,0
13310,1
13312,0
13314,1
13315,1
13323,2
13329,1
13345,0
13359,0
13363,1
13365,1
13370,1
13373,1
13376,0
13380,0
13392,1
13401,1
13407,0
13409,0
13411,0
13414,1
13439,1
13442,1
13448,2
13453,0
13458,1
13459,1
13478,2
13482,1
13485,1
13494,1
13496,0
13502,2
13508,1
13512,1
13515,0
13523,1
13528,2
13536,1
13550,1
13551,1
13552,1
13560,1
13561,1
13565,0
13569,1
13572,0
13585,2
13587,1
13594,2
13595,1
13600,1
13602,0
13603,0
13610,1
13614,0
13616,1
13623,0
13625,1
13629,0
13643,1
13646,0
13648,1
13650,1
13651,0
13653,1
13654,0
13661,1
13667,0
13671,2
13676,0
13695,1
13700,0
13705,0
13707,1
13709,2
13711,0
13712,1
13715,0
13716,0
13724,1
13728,2
13732,1
13733,1
13742,1
13751,0
13752,2
13759,0
13773,0
13776,0
13777,0
13782,1
13784,2
13790,1
13791,2
13797,2
13804,2
13807,0
13818,2
13825,2
13826,1
13827,0
13833,0
13838,1
13842,0
13850,1
13854,0
13857,1
13858,1
13865,1
13870,2
13873,0
13874,0
13881,2
13885,1
13887,0
13889,1
13891,1
13898,0
13900,1
13908,0
13909,0
13912,1
13913,0
13915,0
13916,1
13931,1
13934,0
13942,0
13946,0
13956,2
13963,0
13966,0
13967,0
13971,1
13976,1
13985,0
13986,2
13992,0
13996,0
14011,1
14024,1
14026,1
14032,1
14046,1
14073,0
14086,1
14089,1
14102,0
14104,1
14105,1
14107,1
14112,0
14118,0
14120,0
14121,0
14124,2
14126,0
14134,0
14138,0
14142,1
14148,0
14154,1
14164,0
14170,1
14172,1
14175,0
14176,1
14178,1
14182,1
14185,0
14186,0
14187,1
14194,1
14212,1
14227,1
14235,1
14244,0
14257,1
14259,0
14270,0
14276,1
14279,1
14285,1
14292,0
14298,0
14300,1
14307,0
14314,1
14318,1
14321,2
14328,1
14329,2
14331,1
14333,1
14334,0
14336,1
14337,0
14341,2
14343,0
14346,0
14356,1
14359,1
14361,1
14364,1
14368,1
14369,1
14375,1
14378,1
14382,1
14393,0
14401,1
14407,0
14412,1
14413,0
14416,0
14418,0
14419,0
14428,2
14432,0
14438,1
14439,1
14451,0
14453,0
14460,0
14461,0
14466,0
14467,1
14468,1
14474,0
14478,0
14486,0
14487,0
14488,0
14492,2
14495,1
14503,1
14506,0
14511,1
14517,0
14518,1
14523,0
14527,0
14528,0
14529,0
14536,0
14540,1
14543,1
14544,1
14556,2
14559,1
14562,1
14567,1
14569,0
14589,0
14590,1
14595,1
14596,1
14597,1
14599,0
14602,1
14611,1
14612,1
14618,0
14619,0
14628,0
14639,1
14645,0
14661,1
14672,2
14674,2
14675,2
14680,0
14685,0
14689,0
14690,1
14691,1
14708,0
14712,2
14715,1
14716,1
14721,1
14751,0
14752,2
14760,1
14762,1
14763,0
14770,0
14787,2
14788,1
14790,1
14791,1
14795,0
14796,1
14800,0
14802,1
14807,2
14808,0
14812,0
14817,0
14819,1
14820,1
14830,1
14832,2
14844,1
14849,0
14859,1
14861,1
14873,2
14877,0
14879,1
14884,0
14885,0
14889,0
14892,2
14894,2
14898,1
14905,0
14906,1
14907,1
14910,0
14914,2
14916,0
14918,1
14928,1
14930,1
14937,0
14950,0
14952,0
14953,0
14956,1
14957,0
14964,2
14968,0
14971,1
14978,0
14982,1
14987,0
14989,0
14991,1
14994,0
14996,0
14998,0
15000,0
15009,2
15015,0
15017,1
15018,1
15023,0
15029,1
15031,0
15033,0
15036,1
15042,1
15053,0
15074,0
15076,1
15101,0
15103,0
15111,0
15112,1
15113,1
15115,1
15116,0
15118,2
15120,0
15136,0
15140,0
15143,1
15148,0
15158,0
15159,1
15161,1
15173,0
15174,1
15176,1
15180,0
15185,1
15186,0
15192,1
15195,1
15197,0
15209,1
15210,1
15212,0
15214,0
15222,1
15223,0
15225,1
15230,1
15234,1
15237,2
15254,0
15265,1
15266,1
15270,1
15280,0
15282,0
15292,1
15293,0
15294,0
15295,1
15296,0
15297,0
15300,1
15302,1
15306,1
15311,0
15329,1
15336,1
15338,0
15346,0
15349,1
15354,0
15356,1
15359,1
15368,1
15375,1
15376,1
15378,1
15379,1
15382,1
15384,0
15386,0
15388,0
15391,0
15417,0
15422,1
15429,1
15433,1
15442,1
15443,1
15444,0
15448,0
15449,0
15451,1
15459,1
15461,0
15462,1
15465,0
15471,0
15473,2
15474,3
15477,0
15478,2
15480,0
15483,1
15486,1
15487,1
15493,0
15494,1
15497,1
15508,1
15513,1
15514,0
15517,0
15528,0
15544,1
15550,1
15553,0
15561,2
15562,1
15564,2
15574,1
15578,0
15579,0
15583,1
15584,1
15585,2
15586,0
15590,0
15593,1
15596,0
15598,1
15604,1
15606,0
15611,1
15612,2
15614,1
15615,1
15616,2
15620,1
15622,0
15631,0
15636,1
15641,1
15644,1
15649,0
15650,1
15653,1
15655,1
15656,0
15659,1
15671,2
15672,0
15676,0
15695,1
15699,1
15701,1
15711,0
15721,1
15726,1
15746,0
15751,2
15758,1
15760,0
15767,1
15772,1
15781,0
15782,0
15787,0
15792,0
15797,0
15802,1
15804,1
15808,1
15814,0
15827,0
15828,0
15829,0
15830,0
15838,1
15841,1
15858,1
15861,1
15862,0
15874,1
15889,1
15896,0
15907,1
15909,1
15914,2
15921,2
15931,1
15937,0
15938,1
15939,0
15952,1
15953,0
15962,2
15970,0
15990,1
15994,1
15995,0
16005,1
16006,0
16007,0
16010,1
16016,0
16017,2
16030,1
16037,1
16042,0
16047,0
16049,1
16052,0
16056,0
16059,0
16061,0
16070,1
16076,1
16081,0
16085,1
16095,0
16103,1
16104,1
16110,1
16113,0
16119,2
16125,1
16128,0
16132,0
16136,1
16140,0
16146,1
16152,0
16161,1
16163,0
16172,1
16188,1
16193,2
16194,1
16197,0
16199,1
16200,1
16201,1
16211,0
16212,0
16217,1
16219,2
16227,1
16240,1
16242,1
16250,2
16256,1
16265,1
16271,1
16273,1
16277,0
16281,1
16286,1
16288,1
16302,0
16303,1
16318,0
16322,0
16323,0
16335,0
16342,0
16343,1
16351,1
16352,1
16365,0
16368,1
16371,1
16372,1
16378,1
16380,1
16381,1
16386,1
16387,1
16388,2
16391,1
16397,0
16401,0
16402,1
16404,0
16411,1
16416,2
16420,0
16436,0
16437,0
16439,0
16440,1
16444,1
16451,2
16453,1
16456,0
16462,0
16467,1
16471,0
16472,1
16474,0
16483,0
16484,0
16495,1
16499,0
16500,0
16502,1
16504,0
16524,0
16525,1
16531,0
16533,0
16542,2
16553,1
16560,2
16561,1
16562,2
16564,1
16565,1
16566,0
16569,1
16570,0
16581,0
16587,1
16588,0
16595,0
16613,1
16618,1
16622,1
16624,0
16625,2
16630,1
16631,2
16642,1
16645,2
16654,0
16660,0
16661,0
16663,1
16668,1
16673,1
16674,1
16675,1
16684,0
16686,1
16694,1
16702,0
16729,0
16747,0
16766,1
16774,0
16777,1
16779,1
16782,2
16788,0
16792,1
16809,1
16812,1
16816,2
16819,2
16830,1
16835,2
16840,0
16844,2
16845,1
16848,0
16862,1
16863,1
16866,1
16876,1
16882,0
16883,1
16890,1
16896,2
16897,0
16899,1
16909,0
16910,0
16914,0
16925,0
16927,1
16936,1
16938,2
16939,1
16942,0
16950,1
16954,1
16955,0
16963,1
16972,0
16976,0
16977,1
16980,0
16982,0
16985,2
16993,0
16997,1
17003,1
17005,0
17011,1
17020,1
17024,1
17030,1
17048,1
17057,1
17087,0
17090,1
17093,0
17095,0
17100,1
17106,1
17114,1
17115,1
17116,1
17122,1
17126,0
17130,0
17132,0
17134,0
17135,1
17136,0
17143,0
17149,1
17150,1
17155,0
17157,0
17162,0
17174,1
17181,0
17182,0
17183,0
17185,2
17186,1
17187,0
17192,1
17205,1
17206,0
17212,1
17213,0
17217,1
17226,1
17228,0
17243,1
17249,0
17254,1
17259,0
17262,1
17264,1
17267,0
17269,1
17274,1
17278,1
17282,1
17297,1
17299,0
17300,0
17305,1
17311,1
17327,1
17328,1
17330,0
17334,0
17340,1
17348,1
17350,0
17357,1
17362,1
17364,0
17367,0
17375,2
17380,1
17384,0
17387,1
17391,1
17393,2
17400,1
17410,2
17411,1
17417,1
17424,1
17426,0
17431,0
17445,1
17446,0
17448,1
17449,1
17455,1
17458,0
17459,1
17466,0
17468,1
17482,0
17486,0
17489,0
17499,1
17501,1
17509,1
17510,0
17533,0
17545,1
17546,0
17548,1
17551,1
17552,1
17555,0
17561,1
17568,2
17572,1
17575,0
17581,0
17583,2
17598,2
17599,0
17605,2
17612,1
17621,1
17636,0
17639,0
17642,1
17648,1
17650,1
17669,1
17672,1
17674,0
17682,0
17684,0
17685,0
17686,0
17692,0
17694,2
17696,1
17702,1
17723,0
17725,1
17734,1
17751,0
17765,1
17767,1
17777,1
17782,1
17784,1
17786,0
17790,1
17793,0
17799,1
17804,0
17806,1
17807,1
17808,1
17810,1
17815,1
17818,1
17823,0
17826,1
17829,2
17831,0
17838,0
17839,0
17841,1
17844,1
17845,1
17846,0
17850,1
17852,1
17856,1
17862,1
17870,0
17871,1
17874,0
17879,0
17884,0
17892,1
17894,0
17910,1
17911,0
17918,1
17921,1
17929,1
17930,1
17937,0
17948,1
17950,1
17954,1
17958,0
17970,3
17972,0
17973,1
17974,1
17979,2
17990,1
17996,0
18013,1
18016,1
18020,1
18025,1
18029,0
18031,0
18033,1
18035,1
18040,0
18041,1
18043,0
18044,0
18047,1
18063,2
18064,1
18071,2
18076,0
18078,1
18082,0
18087,0
18092,0
18093,1
18096,0
18099,0
18104,1
18105,0
18107,0
18118,0
18119,2
18122,1
18134,1
18136,0
18139,0
18140,1
18143,1
18144,1
18146,1
18148,0
18150,0
18151,2
18157,1
18159,1
18176,2
18182,2
18192,2
18198,0
18199,0
18211,0
18214,1
18216,1
18223,1
18231,1
18232,0
18233,1
18240,0
18241,1
18242,0
18243,2
18245,2
18253,1
18254,2
18264,0
18265,0
18266,1
18268,0
18277,1
18291,0
18295,0
18304,0
18307,1
18315,2
18319,1
18323,1
18327,1
18331,0
18332,1
18343,1
18354,1
18355,1
18358,0
18362,0
18364,1
18367,0
18369,1
18382,1
18395,1
18397,0
18405,1
18414,1
18417,1
18424,1
18429,0
18435,2
18437,0
18442,0
18443,1
18444,1
18446,0
18452,1
18453,1
18457,1
18462,0
18467,0
18468,1
18484,1
18485,1
18488,1
18489,1
18494,1
18501,2
18506,1
18513,0
18519,3
18522,1
18524,0
18535,2
18540,0
18544,1
18547,1
18553,1
18554,1
18557,0
18564,1
18568,0
18571,1
18574,1
18585,2
18588,1
18597,0
18622,0
18634,1
18641,0
18648,2
18659,1
18663,1
18664,1
18676,2
18677,0
18685,0
18699,1
18701,0
18702,1
18705,0
18708,1
18710,0
18713,0
18714,1
18715,2
18716,1
18719,1
18725,0
18738,1
18740,0
18746,1
18749,0
18754,1
18756,0
18758,0
18766,0
18776,0
18779,1
18782,0
18783,1
18784,1
18785,0
18795,2
18798,1
18803,0
18805,0
18809,0
18820,0
18823,1
18828,1
18842,0
18846,1
18854,0
18872,1
18874,2
18884,0
18910,1
18914,1
18920,0
18924,1
18925,1
18926,0
18929,0
18931,0
18941,1
18944,0
18948,0
18954,2
18955,0
18957,0
18961,1
18966,1
18970,0
18973,1
18974,0
18977,1
18978,2
18988,1
18989,1
18993,0
18994,1
18995,1
19000,1
19002,1
19003,1
19009,2
19012,1
19014,2
19016,0
19017,0
19022,1
19028,0
19032,0
19038,0
19040,1
19065,2
19066,2
19077,1
19079,0
19080,1
19081,1
19096,1
19097,1
19101,1
19117,1
19125,1
19127,2
19142,1
19148,2
19154,1
19159,1
19161,1
19165,1
19171,1
19176,1
19178,0
19179,1
19193,0
19194,1
19200,1
19202,0
19203,1
19206,0
19208,0
19209,1
19216,1
19231,1
19233,0
19236,0
19238,1
19239,0
19241,1
19248,1
19253,1
19257,1
19260,0
19261,1
19263,1
19268,0
19273,1
19277,1
19280,0
19293,0
19296,0
19306,1
19307,0
19310,2
19321,2
19325,1
19335,1
19339,0
19344,0
19348,0
19352,1
19366,0
19385,2
19404,1
19409,1
19411,2
19413,1
19414,0
19415,1
19417,1
19433,0
19434,1
19436,0
19438,0
19440,0
19441,1
19447,1
19451,1
19458,1
19464,0
19468,0
19469,0
19470,0
19477,0
19479,1
19484,0
19488,0
19493,1
19507,2
19516,1
19517,0
19520,1
19540,1
19546,0
19550,0
19554,1
19563,1
19564,0
19566,1
19570,1
19573,1
19575,0
19579,1
19586,1
19589,0
19601,1
19602,1
19603,0
19605,1
19614,0
19619,0
19623,0
19629,1
19632,0
19640,1
19641,1
19644,1
19647,1
19650,2
19651,1
19663,0
19664,1
19671,0
19678,0
19684,0
19692,1
19693,1
19695,0
19697,0
19699,1
19701,0
19703,1
19707,1
19711,2
19716,1
19721,1
19724,1
19725,0
19728,1
19729,1
19739,1
19746,0
19759,1
19767,1
19768,0
19772,1
19777,1
19785,1
19788,1
19811,0
19820,1
19823,2
19835,0
19836,0
19839,1
19847,0
19852,0
19873,1
19878,0
19879,0
19881,1
19886,1
19889,0
19898,1
19908,0
19917,1
19918,1
19919,0
19922,1
19924,0
19929,0
19930,2
19934,1
19935,0
19937,0
19940,0
19941,1
19947,0
19959,1
19960,1
19962,1
19972,0
19973,1
19979,0
19985,0
19996,1
20003,1
20006,1
20022,0
20023,0
20026,0
20027,1
20030,0
20034,0
20035,0
20046,1
20048,1
20053,0
20059,1
20064,0
20066,1
20070,0
20072,2
20082,1
20083,0
20086,0
20087,1
20088,1
20114,0
20116,1
20118,1
20122,0
20123,1
20129,2
20135,1
20141,1
20145,0
20148,1
20149,0
20150,1
20151,1
20153,0
20163,1
20173,0
20176,1
20178,1
20184,1
20185,1
20191,0
20193,0
20200,0
20205,1
20209,1
20214,0
20220,1
20225,2
20231,1
20232,2
20234,0
20236,1
20237,0
20239,0
20245,1
20254,1
20259,1
20260,0
20266,1
20270,1
20281,1
20295,1
20305,1
20306,1
20313,1
20316,0
20318,1
20328,0
20329,0
20330,1
20331,1
20338,0
20340,0
20341,1
20342,1
20344,1
20346,0
20356,0
20364,0
20368,2
20372,2
20378,0
20387,1
20389,0
20395,0
20397,2
20399,1
20403,1
20409,0
20413,1
20418,1
20426,1
20427,1
20429,0
20432,1
20434,2
20450,0
20457,2
20476,0
20478,0
20482,1
20493,0
20494,0
20503,1
20515,0
20522,2
20526,0
20527,0
20533,1
20538,1
20541,1
20542,1
20543,1
20545,0
20546,0
20561,1
20565,1
20566,2
20569,0
20580,0
20581,0
20589,1
20604,0
20610,1
20614,1
20621,1
20627,1
20638,0
20649,2
20650,1
20651,0
20655,0
20657,1
20669,0
20675,1
20679,0
20684,1
20689,1
20693,0
20694,1
20699,0
20707,0
20714,1
20715,1
20728,0
20734,0
20741,2
20743,1
20751,2
20776,1
20777,1
20784,1
20785,0
20788,1
20795,1
20799,1
20802,1
20805,1
20808,0
20809,1
20811,0
20812,0
20817,1
20819,2
20822,2
20824,0
20829,0
20833,0
20835,0
20836,1
20839,0
20844,1
20845,0
20863,0
20866,1
20868,1
20870,1
20877,1
20879,0
20899,1
20901,1
20906,1
20910,2
20916,0
20922,0
20926,0
20930,2
20931,1
20936,1
20937,0
20946,2
20950,0
20951,0
20952,1
20954,0
20956,0
20957,1
20958,1
20963,1
20966,2
20970,1
20985,0
20986,1
20992,1
21004,0
21006,0
21011,0
21019,1
21021,2
21023,1
21024,1
21026,0
21029,2
21037,1
21039,1
21068,0
21070,1
21075,1
21077,1
21080,1
21082,0
21084,0
21085,1
21087,1
21089,1
21097,0
21103,1
21104,0
21111,0
21125,0
21127,0
21130,1
21135,1
21142,1
21147,0
21159,1
21166,0
21172,0
21188,1
21193,0
21195,1
21196,1
21205,1
21206,1
21207,0
21211,1
21217,0
21219,0
21230,2
21240,0
21244,0
21250,0
21252,0
21254,0
21255,1
21261,0
21271,0
21280,2
21295,1
21302,0
21305,0
21308,1
21309,1
21322,1
21325,0
21327,1
21330,1
21332,1
21334,0
21346,0
21350,1
21351,1
21359,1
21361,1
21375,0
21379,1
21391,0
21395,2
21396,1
21400,0
21402,2
21413,0
21415,2
21422,0
21426,0
21427,0
21428,1
21467,0
21478,0
21485,0
21486,1
21497,1
21500,0
21501,1
21506,2
21507,0
21510,1
21524,1
21532,1
21536,1
21541,1
21545,0
21547,1
21554,0
21559,0
21578,2
21579,1
21580,1
21603,0
21604,1
21608,2
21615,0
21617,1
21622,1
21626,0
21628,1
21631,1
21633,1
21636,1
21639,0
21643,1
21652,1
21653,0
21663,0
21671,1
21684,0
21685,0
21691,1
21694,0
21695,0
21697,0
21703,2
21710,1
21720,1
21724,0
21726,0
21729,1
21744,0
21748,0
21754,1
21762,0
21766,2
21770,1
21771,1
21773,1
21777,1
21778,1
21781,1
21783,0
21785,0
21787,0
21791,0
21793,2
21797,1
21815,1
21822,0
21823,2
21825,0
21828,0
21839,0
21841,0
21846,1
21848,1
21850,1
21853,0
21857,1
21864,1
21868,1
21870,1
21877,1
21879,0
21884,0
21890,1
21893,1
21895,0
21898,1
21901,0
21904,2
21910,0
21915,2
21922,0
21930,0
21936,0
21940,2
21941,1
21942,2
21950,1
21966,1
21973,0
21987,1
21993,1
21994,2
21995,2
22000,0
22001,2
22004,0
22010,1
22022,1
22023,1
22025,1
22041,0
22046,1
22051,0
22053,1
22061,0
22063,1
22066,0
22069,1
22071,1
22072,0
22075,0
22076,1
22077,1
22082,1
22085,2
22095,0
22097,1
22116,0
22117,0
22122,0
22123,0
22132,1
22155,0
22160,2
22161,0
22171,2
22175,1
22185,1
22191,1
22197,1
22204,1
22205,1
22206,0
22214,0
22218,0
22222,1
22230,0
22232,2
22236,1
22237,0
22248,0
22252,0
22255,0
22262,2
22270,0
22272,1
22274,1
22276,1
22279,1
22282,0
22287,2
22289,0
22296,1
22302,0
22304,2
22306,0
22309,0
22332,1
22333,0
22336,0
22346,0
22353,0
22355,1
22362,1
22363,0
22378,0
22383,1
22384,0
22387,0
22391,0
22403,1
22404,1
22405,1
22414,0
22423,1
22427,2
22440,0
22441,0
22443,0
22444,0
22456,0
22457,1
22458,1
22463,1
22471,1
22473,1
22475,2
22477,0
22480,0
22482,1
22487,1
22488,0
22493,1
22497,1
22501,1
22502,0
22511,0
22512,0
22520,1
22523,0
22534,1
22537,1
22548,0
22550,1
22557,2
22559,0
22568,0
22584,1
22586,1
22589,1
22613,1
22619,1
22626,0
22646,0
22648,2
22652,0
22656,1
22658,0
22669,0
22671,0
22674,1
22690,1
22695,2
22707,1
22711,1
22713,0
22715,0
22725,1
22731,0
22732,2
22733,0
22736,1
22737,1
22739,1
22742,0
22743,1
22751,1
22754,0
22759,1
22764,0
22770,1
22779,1
22782,1
22787,1
22789,1
22793,1
22800,1
22806,1
22807,0
22809,2
22812,0
22818,2
22825,1
22831,1
22840,0
22845,0
22846,1
22848,0
22856,0
22859,0
22864,0
22865,0
22866,0
22871,0
22896,1
22918,0
22921,1
22926,1
22928,2
22929,0
22937,0
22940,2
22941,1
22942,1
22949,1
22951,0
22954,0
22961,0
22968,1
22969,0
22973,1
22976,0
22984,1
22987,0
22992,0
22996,0
22997,0
23010,1
23017,0
23022,2
23040,1
23045,1
23046,0
23054,1
23060,1
23068,1
23072,1
23077,1
23084,1
23089,2
23094,0
23106,1
23109,1
23110,0
23112,2
23119,1
23125,1
23128,1
23133,2
23138,1
23139,1
23140,1
23142,1
23144,1
23148,1
23154,2
23158,0
23161,1
23162,0
23163,1
23166,0
23170,0
23174,0
23176,0
23177,1
23182,1
23186,0
23187,1
23190,0
23198,1
23203,1
23205,0
23206,1
23209,0
23210,1
23226,0
23247,0
23249,1
23258,1
23260,1
23269,1
23270,1
23272,1
23284,1
23288,0
23291,0
23294,0
23296,0
23298,0
23300,1
23306,1
23316,0
23319,1
23327,1
23329,0
23336,0
23343,0
23348,1
23353,0
23358,0
23361,0
23368,2
23372,1
23379,1
23381,0
23385,1
23390,1
23392,1
23393,1
23401,1
23406,1
23411,1
23418,1
23423,0
23435,0
23447,0
23453,1
23458,1
23461,1
23462,1
23464,1
23479,1
23481,2
23485,1
23488,0
23493,0
23500,1
23501,1
23503,1
23508,0
23511,2
23515,1
23523,1
23526,1
23527,1
23536,1
23544,1
23545,0
23546,0
23559,0
23562,0
23563,1
23565,1
23571,1
23572,1
23573,1
23579,1
23583,0
23588,1
23600,1
23610,0
23612,1
23618,0
23619,1
23621,1
23626,1
23628,0
23630,1
23631,0
23636,0
23639,0
23642,0
23650,1
23655,1
23656,1
23666,0
23676,0
23680,0
23698,2
23704,0
23709,1
23711,0
23713,1
23718,1
23719,0
23722,0
23729,0
23735,1
23739,0
23748,1
23753,1
23754,0
23761,2
23778,0
23781,1
23785,1
23799,0
23814,0
23821,1
23826,0
23832,0
23837,2
23845,1
23849,1
23855,1
23861,0
23863,1
23876,0
23880,1
23883,2
23886,1
23888,0
23898,1
23899,0
23907,2
23908,0
23914,1
23917,1
23918,0
23920,0
23926,1
23938,1
23945,0
23946,1
23950,1
23951,1
23954,1
23955,1
23956,0
23971,1
23972,1
23973,2
23975,0
23978,1
23982,1
23988,1
23994,1
23997,0
23998,1
24001,1
24012,2
24020,0
24024,0
24031,1
24039,1
24048,1
24052,0
24055,1
24057,1
24063,2
24064,0
24066,1
24067,1
24079,0
24080,2
24094,1
24099,1
24104,0
24105,0
24107,1
24109,1
24110,1
24111,0
24114,0
24115,0
24121,1
24136,0
24138,1
24139,1
24151,1
24153,1
24157,0
24160,1
24162,1
24177,1
24185,1
24186,1
24187,0
24191,1
24196,0
24202,0
24203,1
24207,0
24212,1
24216,0
24218,1
24221,1
24222,1
24230,1
24234,2
24235,1
24248,1
24250,1
24254,0
24255,1
24278,1
24297,1
24300,1
24305,1
24313,1
24319,1
24320,1
24322,1
24326,1
24330,0
24333,0
24348,0
24354,0
24363,0
24369,0
24372,2
24380,0
24384,0
24393,0
24396,1
24406,0
24407,1
24410,1
24412,0
24414,0
24418,1
24422,0
24427,0
24431,1
24432,1
24437,1
24441,1
24444,1
24450,1
24451,1
24452,1
24458,1
24467,1
24468,0
24471,1
24472,0
24476,1
24495,0
24499,0
24513,1
24516,1
24521,1
24523,0
24524,0
24529,2
24537,1
24538,1
24542,0
24544,1
24550,1
24552,1
24554,0
24559,1
24562,1
24578,1
24586,0
24600,0
24601,1
24603,1
24605,0
24606,1
24610,1
24611,1
24614,1
24617,1
24621,1
24629,2
24643,0
24654,1
24655,0
24663,1
24669,0
24670,1
24674,0
24677,0
24681,0
24685,0
24696,1
24698,1
24701,1
24702,1
24704,0
24710,0
24713,1
24714,0
24715,0
24720,2
24728,0
24729,1
24733,1
24736,0
24748,0
24749,0
24750,2
24759,1
24761,1
24769,2
24782,1
24783,1
24784,0
24785,1
24789,1
24790,0
24796,1
24798,1
24799,1
24808,1
24814,1
24816,0
24821,1
24832,0
24836,0
24839,0
24840,0
24867,0
24869,0
24880,0
24894,1
24895,1
24900,1
24905,1
24923,0
24925,1
24926,0
24933,0
24944,2
24956,0
24967,0
24975,0
24976,1
24978,1
24984,0
24985,1
24993,1
24997,1
24998,0
25013,1
25028,0
25029,1
25031,0
25032,2
25039,0
25040,1
25041,1
25045,1
25048,0
25049,2
25053,1
25056,1
25060,1
25080,0
25081,0
25091,2
25100,0
25106,0
25109,1
25111,0
25116,0
25122,1
25124,1
25128,2
25133,0
25144,0
25145,0
25149,0
25153,0
25159,1
25161,1
25162,1
25164,0
25169,0
25172,1
25179,1
25185,2
25204,0
25205,1
25206,0
25208,0
25209,2
25211,1
25215,1
25220,0
25221,0
25222,0
25225,0
25239,1
25240,0
25242,2
25244,0
25246,1
25258,0
25261,1
25266,2
25271,0
25272,0
25275,2
25279,1
25285,0
25287,0
25288,1
25302,0
25316,1
25319,1
25322,0
25327,1
25330,1
25332,0
25335,1
25339,1
25352,1
25355,1
25359,1
25362,1
25363,0
25367,1
25368,2
25371,0
25377,0
25378,0
25380,2
25384,0
25397,1
25400,0
25402,1
25409,1
25410,1
25411,2
25423,2
25430,0
25432,0
25440,0
25451,1
25469,2
25470,0
25483,0
25486,1
25491,1
25493,1
25494,2
25495,0
25504,1
25511,1
25519,0
25536,2
25544,0
25545,1
25548,0
25557,2
25559,1
25570,2
25601,2
25602,0
25618,0
25620,1
25634,0
25637,0
25640,0
25641,0
25645,1
25651,0
25652,1
25654,1
25655,1
25664,1
25665,0
25667,0
25676,0
25683,0
25688,0
25698,1
25701,0
25703,2
25708,2
25713,1
25717,1
25730,1
25732,1
25734,0
25737,1
25739,1
25740,1
25741,1
25742,0
25749,2
25751,0
25754,0
25755,0
25762,0
25764,0
25767,1
25771,1
25772,2
25779,2
25793,0
25795,0
25802,1
25809,1
25814,0
25816,2
25819,0
25827,1
25833,0
25837,1
25838,0
25845,1
25850,0
25852,0
25856,1
25861,1
25865,2
25876,0
25877,1
25885,0
25888,1
25889,1
25898,1
25901,1
25905,1
25909,1
25910,1
25921,0
25922,0
25925,0
25934,1
25938,1
25944,0
25950,0
25961,0
25962,2
25964,2
25965,1
25969,1
25980,1
25984,0
25985,0
25986,0
25993,1
26010,1
26017,0
26021,2
26027,1
26030,0
26040,2
26042,0
26045,1
26046,1
26047,0
26051,0
26052,1
26055,1
26062,2
26074,0
26084,1
26087,1
26088,1
26093,0
26107,0
26112,1
26120,0
26128,0
26131,0
26140,0
26142,1
26144,0
26149,2
26151,0
26159,2
26168,1
26171,2
26173,1
26174,1
26202,0
26214,2
26218,0
26224,0
26225,1
26226,1
26240,1
26246,0
26247,0
26250,1
26251,1
26255,0
26272,1
26281,1
26282,1
26292,1
26294,1
26296,0
26301,1
26305,1
26312,0
26316,0
26319,2
26321,0
26325,2
26327,1
26328,0
26329,1
26330,1
26333,0
26336,1
26341,1
26348,1
26353,2
26357,0
26362,0
26366,1
26367,0
26375,0
26380,1
26381,2
26384,1
26388,1
26389,1
26407,0
26434,2
26442,0
26449,0
26453,0
26459,2
26475,0
26482,0
26487,2
26489,0
26490,1
26494,0
26495,2
26502,0
26504,0
26511,1
26523,1
26524,1
26525,0
26534,1
26537,1
26543,0
26551,0
26555,1
26556,1
26558,0
26565,0
26579,0
26582,0
26585,0
26587,1
26590,0
26595,1
26596,0
26597,1
26599,0
26606,0
26607,2
26615,2
26618,0
26620,1
26622,1
26635,0
26638,1
26650,1
26654,0
26655,1
26659,1
26664,0
26667,1
26672,1
26673,0
26679,1
26681,1
26694,0
26696,1
26697,1
26704,0
26710,1
26715,2
26716,2
26726,1
26734,1
26735,1
26747,0
26749,1
26750,1
26761,1
26763,1
26764,0
26766,1
26775,0
26778,1
26780,0
26781,0
26786,1
26803,1
26811,0
26822,0
26828,0
26830,2
26834,0
26839,1
26842,1
26844,1
26846,1
26848,0
26862,0
26864,1
26866,1
26868,1
26889,1
26890,0
26894,1
26898,1
26901,0
26906,1
26913,0
26921,2
26923,0
26929,1
26944,1
26945,0
26953,1
26954,1
26956,0
26961,0
26963,1
26965,1
26967,1
26968,2
26969,1
26973,0
26975,0
26976,1
26981,1
26983,1
26985,2
26988,0
26989,1
26990,1
26992,1
26997,0
27001,1
27008,0
27017,0
27030,1
27031,1
27035,1
27039,1
27045,1
27049,1
27051,1
27058,2
27059,0
27061,1
27073,0
27079,2
27086,1
27099,0
27102,0
27104,0
27107,0
27113,2
27137,0
27145,1
27146,1
27149,1
27153,1
27157,0
27159,1
27170,2
27177,2
27192,0
27193,1
27194,2
27204,2
27205,1
27219,1
27224,1
27227,0
27229,1
27236,1
27237,0
27240,1
27242,0
27248,0
27255,0
27264,1
27271,1
27272,1
27275,0
27296,1
27299,1
27303,0
27313,2
27318,0
27321,1
27322,0
27329,1
27341,1
27345,0
27346,1
27354,1
27357,0
27364,1
27370,1
27380,0
27384,2
27385,1
27386,1
27387,0
27389,0
27397,0
27408,1
27412,1
27414,0
27415,0
27420,1
27425,0
27429,1
27431,0
27432,1
27452,0
27461,2
27462,0
27465,1
27475,1
27476,0
27482,1
27483,1
27490,0
27492,1
27504,0
27508,1
27517,0
27524,2
27526,0
27527,0
27529,0
27536,0
27538,0
27539,0
27540,2
27541,1
27546,1
27550,1
27553,1
27554,0
27560,1
27561,0
27562,0
27565,1
27574,1
27583,0
27584,0
27587,1
27591,1
27605,1
27611,0
27612,1
27625,1
27629,0
27635,1
27638,1
27641,0
27649,1
27652,0
27664,1
27671,0
27675,0
27683,1
27689,2
27692,2
27697,1
27700,0
27702,0
27704,1
27707,0
27709,1
27710,1
27717,0
27721,0
27722,1
27723,0
27733,0
27736,1
27738,0
27751,0
27752,1
27759,1
27767,1
27771,1
27772,0
27775,0
27777,1
27782,0
27797,1
27801,0
27806,1
27807,1
27811,0
27831,0
27836,1
27842,1
27843,1
27844,0
27852,0
27854,0
27858,2
27860,2
27867,1
27874,0
27876,0
27880,1
27883,1
27890,1
27892,1
27896,0
27903,0
27907,1
27909,1
27918,1
27927,0
27932,1
27934,0
27951,1
27953,1
27954,0
27955,1
27967,1
27968,1
27973,1
27974,0
27985,1
27990,1
27991,0
27994,1
28003,1
28005,1
28008,0
28009,1
28014,1
28016,0
28017,1
28024,1
28039,1
28047,1
28054,1
28060,0
28062,0
28063,2
28070,1
28072,2
28081,1
28084,1
28085,1
28089,2
28097,1
28098,2
28101,1
28103,0
28109,1
28114,0
28128,2
28129,1
28137,1
28138,0
28139,1
28144,0
28146,1
28152,0
28178,1
28191,0
28194,2
28196,0
28197,2
28198,1
28206,2
28207,0
28216,0
28223,1
28231,0
28234,0
28238,1
28244,1
28255,0
28258,0
28264,1
28265,1
28267,1
28277,1
28294,0
28297,2
28299,0
28300,1
28302,1
28306,1
28309,0
28316,0
28318,0
28320,2
28325,2
28328,0
28335,1
28336,1
28339,0
28340,1
28352,1
28354,1
28359,1
28361,0
28363,2
28370,0
28372,1
28377,1
28379,0
28382,0
28392,1
28393,0
28396,0
28399,0
28406,0
28415,1
28416,0
28424,0
28427,1
28428,0
28435,0
28442,1
28447,1
28456,0
28457,1
28459,0
28461,1
28462,1
28464,1
28466,1
28471,0
28472,0
28474,1
28475,1
28477,0
28481,1
28500,0
28517,1
28520,0
28521,0
28527,1
28536,1
28537,1
28545,0
28547,0
28554,1
28557,0
28567,1
28568,1
28575,0
28576,1
28584,2
28586,0
28589,0
28591,2
28597,1
28600,0
28601,1
28605,1
28607,1
28611,0
28623,1
28625,0
28630,0
28633,1
28637,0
28639,1
28640,0
28642,2
28646,1
28652,1
28656,1
28659,0
28662,0
28663,1
28666,0
28668,0
28669,1
28671,1
28676,0
28679,1
28686,0
28689,0
28693,2
28694,0
28695,1
28699,0
28718,0
28725,1
28727,2
28728,2
28740,0
28742,1
28745,1
28754,1
28755,0
28756,1
28766,1
28767,1
28768,1
28772,0
28773,0
28778,1
28784,0
28785,1
28788,1
28797,1
28804,0
28807,1
28811,0
28822,0
28829,0
28833,2
28841,0
28845,1
28846,1
28849,0
28851,0
28852,1
28861,0
28862,0
28863,1
28864,1
28871,0
28873,1
28874,1
28887,0
28891,1
28895,1
28903,1
28911,1
28914,0
28918,0
28919,1
28920,1
28922,1
28923,1
28924,1
28929,0
28939,1
28940,1
28943,0
28944,1
28955,0
28959,1
28960,0
28966,1
28970,1
28973,1
28976,0
28982,1
28990,0
28991,2
28995,1
28996,2
29006,2
29011,1
29015,1
29026,0
29033,2
29044,0
29050,1
29054,0
29069,0
29071,2
29074,0
29082,0
29087,2
29089,0
29090,0
29092,2
29108,1
29115,2
29117,1
29119,1
29124,0
29131,0
29141,0
29143,1
29146,1
29148,1
29151,1
29153,1
29156,1
29160,1
29175,1
29184,0
29195,1
29201,0
29204,0
29209,0
29210,1
29223,1
29226,1
29237,1
29240,1
29248,1
29251,0
29253,0
29254,1
29256,0
29257,1
29261,1
29265,0
29266,1
29267,0
29273,2
29275,0
29281,1
29285,2
29297,2
29299,1
29305,1
29309,2
29320,1
29323,1
29325,0
29331,0
29332,0
29333,0
29335,0
29339,1
29342,2
29345,0
29346,0
29359,1
29360,1
29367,1
29369,1
29373,1
29376,1
29377,1
29394,0
29406,0
29409,1
29417,0
29418,0
29426,0
29434,0
29439,1
29464,0
29469,1
29471,0
29481,2
29487,1
29488,1
29496,1
29498,0
29511,1
29515,1
29524,0
29529,1
29530,1
29533,0
29538,0
29541,1
29542,1
29546,0
29550,1
29556,1
29561,1
29567,1
29570,1
29579,0
29582,1
29585,1
29586,0
29587,1
29588,0
29590,1
29592,1
29604,1
29605,1
29607,0
29611,1
29612,1
29617,2
29623,1
29626,0
29629,1
29637,0
29640,1
29649,0
29654,1
29661,0
29671,1
29677,0
29678,0
29683,0
29684,0
29696,1
29699,1
29700,0
29701,1
29702,1
29708,0
29709,1
29719,0
29723,0
29725,0
29726,0
29728,1
29737,0
29739,1
29749,1
29750,1
29762,0
29768,1
29773,0
29775,2
29786,0
29792,0
29805,2
29808,2
29813,1
29815,1
29837,1
29839,1
29840,1
29842,0
29844,1
29855,0
29865,2
29869,1
29878,0
29883,1
29885,1
29887,0
29888,0
29890,1
29892,0
29895,1
29898,0
29906,1
29913,1
29914,1
29930,1
29943,1
29950,0
29954,2
29956,0
29958,0
29977,1
29978,0
29979,1
29981,2
30006,1
30034,0
30035,2
30039,1
30042,1
30043,0
30045,1
30046,0
30051,0
30054,1
30062,0
30063,1
30064,1
30065,1
30071,0
30074,1
30085,0
30092,0
30094,0
30100,0
30102,0
30103,1
30104,1
30111,3
30112,0
30114,0
30125,1
30127,0
30129,1
30130,1
30134,2
30138,0
30144,0
30149,0
30151,1
30157,1
30170,2
30176,0
30179,0
30180,0
30187,1
30190,0
30200,0
30202,0
30204,0
30210,0
30212,1
30214,1
30217,2
30219,1
30222,0
30226,1
30230,2
30232,1
30240,1
30241,1
30250,0
30254,1
30256,1
30266,1
30270,0
30271,0
30282,2
30284,0
30288,1
30293,0
30301,1
30313,0
30315,1
30321,0
30326,1
30330,0
30342,0
30346,0
30347,0
30353,0
30354,1
30355,2
30357,1
30358,1
30365,0
30366,0
30376,2
30379,2
30380,0
30392,0
30394,1
30396,0
30403,0
30405,2
30409,1
30415,1
30416,1
30419,1
30424,2
30425,0
30427,2
30428,0
30429,1
30430,1
30431,0
30435,1
30439,2
30445,1
30452,1
30466,0
30481,1
30489,0
30510,1
30513,2
30515,1
30517,1
30521,1
30532,0
30540,0
30542,0
30543,0
30548,1
30556,0
30564,0
30567,1
30572,0
30577,0
30579,2
30580,0
30582,1
30586,0
30587,1
30590,0
30591,0
30592,1
30598,1
30600,1
30604,2
30608,0
30609,2
30610,1
30611,1
30613,0
30618,1
30622,2
30629,2
30631,0
30634,0
30639,0
30644,1
30646,0
30650,0
30652,0
30655,0
30658,1
30661,1
30662,0
30664,1
30674,1
30688,1
30691,2
30708,1
30710,0
30717,1
30723,1
30724,1
30731,1
30744,0
30747,2
30754,0
30755,0
30757,0
30759,1
30760,1
30761,0
30769,2
30771,1
30772,1
30778,0
30783,1
30786,1
30792,1
30794,1
30795,2
30801,0
30804,1
30805,1
30820,1
30831,0
30838,1
30840,0
30842,1
30852,1
30853,0
30854,0
30855,1
30857,0
30860,1
30871,1
30877,0
30878,0
30890,1
30900,1
30919,0
30922,0
30923,0
30926,1
30932,1
30935,1
30939,1
30943,1
30948,2
30953,2
30955,2
30956,0
30957,1
30969,1
30970,0
30972,0
30974,0
30975,1
30976,1
30984,1
30986,1
30987,1
30989,1
30993,0
30994,2
31003,0
31008,0
31027,2
31028,1
31032,0
31035,0
31037,0
31051,2
31058,0
31063,0
31065,1
31066,1
31072,2
31080,0
31086,1
31087,1
31099,1
31102,1
31104,1
31113,1
31122,0
31123,0
31127,1
31132,1
31133,1
31139,1
31143,0
31144,1
31150,0
31153,0
31155,1
31158,1
31168,1
31170,1
31180,1
31184,1
31186,0
31191,1
31195,1
31196,0
31199,1
31202,1
31210,1
31212,1
31217,0
31222,1
31224,1
31230,0
31241,1
31245,2
31247,2
31250,1
31255,1
31266,0
31269,2
31275,1
31279,0
31286,1
31288,1
31290,1
31291,1
31294,0
31301,0
31302,1
31310,0
31313,1
31319,1
31322,1
31332,0
31335,0
31336,0
31338,0
31350,1
31352,1
31354,1
31356,1
31357,2
31360,1
31361,1
31362,0
31363,0
31364,1
31371,1
31375,1
31378,0
31383,0
31385,1
31386,1
31388,0
31393,0
31394,0
31399,1
31404,0
31410,1
31414,1
31422,0
31424,1
31430,1
31432,1
31441,0
31442,0
31443,0
31446,0
31452,0
31462,1
31467,0
31470,1
31473,0
31476,1
31478,0
31482,1
31484,1
31489,1
31493,1
31497,1
31498,3
31520,0
31523,1
31524,0
31532,1
31533,1
31541,1
31551,1
31561,1
31562,0
31568,0
31569,1
31573,0
31575,1
31592,0
31593,0
31595,2
31606,0
31608,1
31609,1
31613,0
31615,2
31617,2
31619,0
31628,1
31636,0
31640,0
31643,0
31644,0
31646,1
31647,2
31649,0
31655,0
31665,1
31668,1
31670,0
31674,0
31675,0
31677,1
31683,0
31684,0
31688,0
31690,0
31698,2
31701,2
31706,1
31707,1
31708,1
31711,0
31720,1
31729,0
31730,0
31733,1
31734,1
31736,1
31737,0
31739,1
31744,1
31750,2
31761,1
31769,0
31772,1
31774,0
31785,1
31786,1
31787,0
31788,0
31808,0
31811,1
31815,0
31816,0
31818,1
31819,0
31820,0
31821,1
31825,1
31826,0
31828,0
31833,0
31848,0
31851,1
31855,2
31857,1
31858,1
31863,0
31871,1
31874,1
31891,0
31895,0
31896,0
31916,0
31918,1
31924,1
31931,0
31934,0
31936,0
31938,0
31943,1
31946,0
31947,0
31954,1
31957,1
31965,1
31967,0
31975,0
31979,0
31987,1
31988,1
31992,0
31997,1
32003,1
32005,0
32010,0
32012,0
32014,0
32020,1
32021,2
32024,1
32031,0
32034,1
32039,0
32042,0
32043,2
32052,0
32063,0
32067,2
32071,2
32074,2
32076,1
32090,0
32092,1
32097,1
32099,1
32108,2
32120,1
32122,0
32137,1
32141,1
32146,1
32148,0
32150,0
32152,0
32155,0
32157,0
32162,1
32174,0
32178,1
32180,0
32187,0
32194,1
32199,0
32203,0
32204,0
32212,1
32214,0
32219,1
32220,0
32252,0
32254,0
32270,1
32272,0
32289,0
32295,2
32298,1
32299,1
32302,0
32314,1
32316,1
32325,1
32335,1
32337,1
32338,1
32340,0
32347,0
32352,2
32356,0
32358,0
32366,0
32371,1
32374,1
32386,0
32407,0
32413,0
32415,0
32420,2
32423,0
32424,1
32432,0
32435,1
32447,0
32458,1
32460,1
32461,1
32465,1
32466,0
32474,0
32475,1
32487,1
32490,1
32491,0
32492,2
32497,0
32498,0
32507,0
32510,1
32514,0
32517,0
32520,1
32526,1
32528,0
32536,0
32537,1
32541,2
32542,1
32548,0
32549,0
32554,1
32555,1
32559,1
32566,1
32576,1
32584,0
32585,1
32586,1
32588,0
32591,1
32593,1
32596,0
32600,1
32601,1
32603,0
32608,2
32609,0
32613,1
32614,0
32615,1
32617,0
32621,1
32629,0
32637,2
32640,0
32641,1
32642,1
32645,2
32647,1
32649,0
32651,2
32652,0
32654,0
32656,1
32667,0
32677,2
32682,1
32683,0
32686,0
32687,0
32688,0
32699,2
32700,0
32704,0
32707,1
32711,0
32722,0
32724,0
32729,1
32738,1
32739,1
32742,0
32755,1
32770,1
32776,1
32781,0
32783,0
32785,0
32789,1
32798,1
32806,0
32808,1
32811,0
32812,2
32814,1
32816,0
32821,1
32835,0
32838,0
32845,1
32849,1
32851,0
32853,1
32854,0
32866,0
32872,2
32876,0
32881,1
32884,1
32895,1
32897,0
32899,1
32906,2
32911,0
32916,1
32922,1
32928,0
32931,1
32932,0
32934,1
32947,2
32948,0
32952,2
32953,0
32955,1
32957,1
32959,0
32962,0
32964,1
32974,1
32975,0
32999,1
33000,0
33011,0
33012,0
33013,0
33024,0
33031,1
33032,0
33033,1
33034,1
33045,1
33046,0
33048,1
33072,1
33076,1
33078,1
33079,0
33082,0
33093,1
33094,0
33096,1
33110,1
33113,0
33124,0
33128,0
33133,1
33135,0
33149,2
33151,1
33154,1
33155,1
33175,1
33176,1
33187,0
33197,0
33202,0
33210,1
33219,0
33221,1
33224,0
33225,2
33230,0
33244,0
33246,2
33260,1
33265,2
33266,1
33268,0
33269,0
33272,0
33273,0
33280,0
33284,2
33288,1
33293,0
33307,0
33316,0
33319,0
33322,0
33323,1
33329,0
33330,2
33341,1
33352,0
33366,0
33371,0
33373,1
33374,1
33392,1
33393,1
33410,1
33412,0
33413,0
33427,1
33430,2
33433,1
33434,1
33450,1
33461,0
33463,1
33469,0
33476,0
33478,1
33480,1
33487,1
33491,2
33493,1
33499,1
33500,1
33506,1
33508,1
33512,1
33513,1
33518,0
33522,0
33523,0
33525,1
33529,0
33536,1
33539,1
33548,1
33551,0
33555,1
33557,1
33562,1
33572,1
33573,0
33575,0
33576,2
33577,0
33584,0
33591,1
33592,0
33598,1
33601,1
33605,0
33610,1
33611,1
33626,1
33629,1
33632,1
33637,1
33642,0
33643,1
33646,0
33649,1
33650,2
33659,0
33663,1
33668,0
33676,1
33683,1
33685,0
33711,0
33712,0
33714,1
33715,0
33718,1
33720,0
33726,1
33732,1
33735,1
33738,0
33740,1
33746,1
33749,0
33750,2
33757,1
33761,1
33766,1
33772,1
33775,1
33784,0
33804,0
33805,0
33812,2
33814,2
33825,0
33832,0
33833,1
33836,2
33848,1
33854,1
33863,0
33866,1
33875,1
33882,1
33884,0
33885,1
33892,1
33893,0
33908,1
33917,2
33922,1
33931,2
33949,1
33960,0
33963,1
33970,2
33975,1
33984,2
33993,0
34003,1
34005,1
34010,0
34016,2
34017,0
34019,0
34024,1
34025,0
34026,0
34031,0
34034,0
34043,1
34061,1
34070,0
34073,0
34081,1
34087,1
34088,0
34109,1
34113,0
34117,1
34118,0
34130,1
34134,1
34141,2
34143,1
34144,0
34149,1
34150,1
34157,0
34160,2
34175,0
34176,1
34181,0
34187,1
34189,0
34196,0
34197,1
34198,1
34202,2
34204,2
34206,1
34211,0
34214,0
34215,1
34216,0
34217,0
34225,1
34236,1
34237,2
34243,1
34255,0
34265,0
34269,0
34273,0
34275,1
34277,0
34278,1
34288,0
34299,1
34300,1
34301,0
34306,0
34319,2
34322,1
34330,0
34331,1
34332,1
34349,1
34353,1
34367,0
34373,1
34374,1
34376,1
34377,1
34382,1
34383,1
34386,1
34396,1
34400,1
34407,1
34410,1
34414,1
34416,1
34423,1
34425,0
34428,1
34429,0
34433,0
34434,0
34435,0
34447,1
34455,1
34458,2
34459,0
34466,2
34468,1
34470,1
34477,0
34481,0
34490,1
34491,0
34492,1
34493,0
34495,0
34501,1
34504,0
34506,0
34507,0
34522,0
34526,1
34527,1
34529,0
34533,1
34548,1
34552,0
34554,2
34556,0
34557,1
34558,1
34560,2
34571,0
34573,1
34577,0
34579,0
34585,0
34592,0
34593,1
34600,1
34616,1
34617,0
34624,1
34625,0
34627,1
34629,0
34631,0
34638,0
34649,1
34651,1
34658,1
34675,0
34678,1
34681,1
34687,0
34697,0
34699,1
34704,1
34709,0
34718,2
34720,1
34721,1
34725,0
34735,1
34744,2
34745,0
34746,0
34748,1
34754,0
34756,0
34762,1
34765,1
34767,1
34776,1
34777,0
34780,0
34784,3
34789,0
34790,1
34799,1
34800,1
34817,1
34829,0
34832,1
34835,1
34836,1
34844,1
34848,0
34854,1
34872,0
34874,0
34881,1
34884,1
34891,1
34893,1
34896,1
34899,0
34900,0
34902,1
34908,0
34915,0
34916,0
34918,2
34920,0
34934,1
34937,1
34940,1
34943,2
34945,2
34950,1
34954,1
34957,0
34963,0
34970,1
34977,1
34989,0
34993,0
35000,2
35010,1
35022,0
35024,1
35029,1
35034,1
35035,1
35041,1
35043,1
35044,1
35049,0
35050,1
35053,1
35061,1
35066,1
35073,2
35077,1
35084,0
35085,1
35086,1
35095,0
35101,0
35103,1
35109,2
35111,0
35115,1
35116,1
35119,2
35121,0
35126,1
35127,0
35131,1
35139,0
35150,0
35154,1
35157,1
35171,0
35172,2
35177,1
35196,1
35200,1
35205,1
35211,0
35213,1
35222,1
35227,1
35230,0
35233,0
35237,0
35238,1
35244,0
35246,0
35250,2
35251,1
35254,1
35255,0
35257,1
35259,0
35261,0
35263,0
35264,0
35265,1
35266,0
35267,0
35268,0
35271,0
35275,1
35279,1
35282,1
35284,1
35295,0
35302,2
35304,0
35310,0
35315,1
35319,0
35321,1
35327,0
35328,1
35334,1
35341,0
35342,2
35344,1
35347,0
35350,2
35354,0
35357,1
35367,0
35379,1
35387,1
35388,2
35391,0
35393,0
35396,1
35397,0
35400,0
35402,1
35405,0
35411,0
35415,0
35417,1
35429,1
35430,1
35439,0
35440,1
35445,0
35447,1
35450,2
35451,0
35453,2
35461,1
35474,1
35479,1
35480,0
35481,1
35488,0
35501,1
35503,0
35504,0
35505,2
35510,0
35514,0
35527,1
35529,0
35530,1
35533,0
35535,1
35542,2
35557,0
35559,1
35561,1
35566,0
35574,1
35576,2
35590,1
35591,1
35593,0
35606,1
35611,1
35616,2
35617,0
35620,0
35626,0
35633,1
35634,1
35636,0
35637,0
35640,0
35643,1
35648,0
35650,1
35654,1
35656,1
35662,0
35667,2
35671,1
35672,1
35673,1
35676,1
35697,0
35699,1
35705,0
35710,1
35712,0
35713,0
35722,1
35724,0
35728,1
35736,0
35738,2
35744,1
35748,0
35755,1
35759,1
35767,0
35775,1
35776,0
35778,0
35786,1
35792,2
35794,1
35796,1
35802,1
35803,1
35804,1
35811,0
35819,1
35822,0
35823,2
35826,0
35829,0
35837,1
35841,1
35846,1
35865,0
35866,1
35870,0
35872,1
35879,1
35880,0
35886,2
35889,0
35890,2
35895,0
35896,1
35898,0
35899,1
35910,0
35915,0
35933,1
35935,1
35936,1
35937,1
35941,0
35942,0
35952,0
35954,0
35955,2
35957,0
35962,0
35975,1
35977,1
35978,1
35983,2
35985,1
35989,1
35991,1
35993,1
36001,1
36006,0
36011,1
36012,0
36016,2
36017,1
36020,1
36027,1
36035,1
36039,0
36043,0
36049,0
36053,0
36057,2
36059,1
36061,0
36063,1
36077,1
36079,0
36081,0
36086,1
36093,0
36099,0
36105,2
36106,1
36109,1
36114,0
36119,2
36124,0
36125,1
36131,0
36132,1
36136,1
36152,0
36157,0
36160,1
36161,1
36167,1
36171,1
36173,1
36179,1
36195,0
36206,0
36217,1
36220,1
36223,1
36229,0
36231,0
36236,0
36246,1
36251,1
36253,1
36254,1
36263,0
36267,1
36268,2
36288,2
36294,0
36304,1
36311,1
36317,0
36330,1
36333,1
36350,1
36352,1
36357,1
36361,2
36362,1
36367,1
36374,1
36377,1
36383,1
36391,3
36401,1
36402,0
36412,1
36414,0
36423,1
36426,1
36431,1
36432,1
36435,1
36436,1
36439,1
36447,0
36453,2
36460,0
36461,1
36462,1
36475,0
36479,1
36480,0
36488,2
36495,0
36497,1
36499,0
36503,1
36507,1
36508,2
36509,0
36511,2
36527,1
36530,0
36540,1
36554,1
36558,0
36559,0
36560,1
36562,0
36563,0
36570,0
36572,0
36578,1
36586,0
36587,0
36596,0
36605,0
36609,2
36610,1
36613,1
36615,1
36622,2
36636,1
36638,0
36641,0
36642,2
36644,0
36650,1
36653,0
36657,1
36663,0
36669,1
36674,1
36675,2
36681,1
36688,1
36690,1
36694,0
36698,0
36708,0
36709,0
36720,1
36734,0
36737,0
36739,1
36755,0
36760,1
36765,3
36769,0
36772,0
36784,1
36794,0
36801,1
36815,1
36816,1
36819,1
36826,1
36828,1
36834,1
36840,0
36860,1
36861,1
36865,1
36866,1
36871,1
36874,2
36887,0
36895,1
36897,1
36899,1
36906,1
36910,1
36911,2
36922,0
36924,1
36936,1
36941,0
36948,0
36962,1
36968,0
36978,0
36989,2
36999,1
37012,1
37014,0
37029,0
37038,0
37040,2
37044,0
37048,0
37054,1
37057,0
37066,0
37073,0
37074,0
37075,1
37084,1
37089,0
37091,0
37092,0
37102,0
37103,1
37108,0
37110,2
37112,1
37124,2
37125,0
37126,0
37134,1
37149,1
37154,1
37156,1
37158,1
37166,1
37169,1
37170,1
37173,0
37176,1
37182,0
37188,1
37189,1
37207,2
37208,0
37213,0
37219,1
37231,0
37234,0
37240,1
37246,1
37249,0
37251,1
37255,1
37257,1
37258,1
37261,0
37271,1
37282,0
37288,1
37292,1
37294,1
37295,0
37298,0
37299,1
37301,1
37310,0
37316,0
37317,1
37320,0
37325,0
37326,0
37337,1
37348,0
37350,0
37351,2
37357,0
37359,1
37362,0
37366,1
37370,0
37374,2
37380,1
37387,0
37388,1
37392,0
37408,1
37409,0
37417,1
37425,1
37430,0
37440,0
37442,1
37445,1
37446,0
37454,1
37464,1
37469,0
37470,1
37476,0
37483,1
37489,1
37509,0
37511,1
37525,1
37536,1
37547,1
37548,2
37556,0
37559,1
37560,0
37563,1
37565,1
37568,1
37572,0
37574,0
37575,0
37589,0
37591,0
37597,0
37603,2
37605,1
37607,1
37616,1
37621,1
37628,0
37640,0
37641,1
37651,0
37654,2
37660,1
37664,1
37667,1
37672,1
37673,0
37682,1
37691,1
37698,1
37701,0
37704,0
37717,1
37723,0
37732,0
37736,0
37756,0
37759,1
37760,0
37761,0
37766,1
37782,1
37784,1
37788,1
37789,0
37798,1
37804,1
37809,1
37810,0
37829,0
37830,0
37840,1
37844,0
37852,0
37865,1
37870,1
37873,0
37882,1
37893,1
37897,1
37898,1
37907,0
37910,1
37914,0
37923,0
37927,0
37934,1
37938,0
37941,1
37957,0
37962,2
37965,1
37967,1
37976,2
37980,0
37985,1
37990,0
37994,1
37996,1
37998,1
38005,0
38008,0
38009,0
38021,1
38025,0
38028,1
38031,1
38033,0
38034,0
38039,1
38046,0
38057,0
38059,1
38061,1
38073,1
38076,0
38078,0
38082,1
38086,1
38092,2
38094,0
38102,1
38110,0
38111,0
38120,1
38121,0
38122,0
38136,0
38137,1
38138,0
38150,0
38154,0
38159,1
38170,0
38171,0
38177,1
38178,0
38180,1
38184,0
38189,0
38191,1
38193,1
38197,0
38207,0
38208,1
38212,0
38213,0
38215,0
38217,0
38219,0
38221,1
38222,0
38223,0
38225,0
38226,1
38228,1
38230,1
38232,0
38233,0
38234,1
38245,2
38263,0
38264,1
38275,1
38280,1
38283,1
38287,1
38291,1
38294,0
38298,1
38308,1
38313,0
38322,1
38325,0
38327,1
38333,0
38344,0
38345,0
38348,0
38352,2
38355,0
38356,1
38358,0
38363,2
38371,2
38378,1
38385,0
38392,0
38401,1
38409,0
38410,1
38416,0
38417,1
38420,1
38427,0
38428,1
38436,0
38440,1
38443,0
38444,0
38449,0
38456,1
38463,1
38464,0
38466,1
38471,1
38472,1
38476,0
38482,1
38487,0
38495,1
38496,1
38497,0
38509,0
38512,0
38514,0
38520,0
38526,2
38530,1
38534,1
38537,2
38539,0
38542,1
38547,1
38548,1
38550,1
38551,1
38555,0
38556,1
38557,1
38561,1
38564,1
38569,1
38570,0
38578,1
38581,1
38582,1
38587,1
38591,0
38601,0
38606,0
38607,1
38612,0
38613,0
38625,2
38632,1
38633,1
38650,0
38652,2
38654,2
38663,1
38670,1
38672,1
38685,0
38686,1
38688,0
38690,0
38698,1
38699,1
38701,0
38705,1
38719,0
38720,2
38721,1
38722,1
38723,1
38728,1
38734,1
38738,1
38745,1
38749,0
38754,1
38756,0
38763,1
38764,0
38765,2
38767,1
38774,0
38775,0
38777,1
38783,2
38796,1
38802,1
38807,0
38809,1
38811,0
38814,1
38817,1
38818,0
38823,2
38824,1
38831,0
38832,2
38843,1
38849,1
38850,1
38851,1
38856,0
38859,1
38860,1
38861,0
38865,0
38873,1
38878,1
38880,1
38881,0
38887,1
38891,0
38893,0
38894,1
38895,2
38900,1
38906,1
38910,2
38913,1
38920,0
38928,0
38932,0
38937,1
38940,0
38950,1
38953,0
38955,0
38958,1
38965,0
38967,0
38973,1
38991,1
38999,0
39001,1
39004,1
39013,1
39014,1
39021,0
39024,1
39030,0
39035,0
39036,1
39038,1
39040,2
39043,1
39054,1
39058,1
39064,2
39065,1
39072,1
39078,1
39080,0
39090,0
39091,1
39101,1
39102,1
39109,0
39111,1
39114,1
39115,0
39122,1
39132,0
39140,1
39144,1
39148,0
39152,2
39153,0
39156,0
39158,1
39162,2
39169,0
39173,1
39179,0
39188,0
39206,1
39208,1
39211,0
39212,1
39218,1
39226,0
39230,0
39235,2
39236,0
39237,1
39241,1
39246,1
39253,1
39257,1
39258,1
39274,0
39275,0
39278,1
39291,0
39294,1
39295,0
39299,0
39311,0
39324,1
39325,2
39329,1
39331,0
39341,0
39353,1
39356,1
39362,1
39364,1
39367,0
39369,0
39371,1
39386,1
39402,0
39403,2
39404,0
39407,1
39408,1
39409,0
39421,0
39423,1
39424,0
39448,1
39449,0
39459,0
39469,1
39470,0
39481,0
39483,0
39493,2
39498,1
39500,0
39502,2
39505,0
39506,1
39513,0
39515,2
39517,1
39536,0
39538,0
39540,1
39542,0
39544,1
39545,1
39549,1
39553,1
39557,0
39561,1
39577,1
39581,0
39582,2
39584,2
39586,0
39593,0
39596,0
39602,0
39606,0
39607,0
39617,0
39625,0
39629,0
39636,1
39644,1
39647,1
39652,0
39654,2
39661,0
39662,0
39664,0
39674,0
39676,1
39685,2
39688,1
39692,0
39694,1
39699,0
39706,1
39708,1
39712,0
39723,2
39728,1
39733,2
39737,2
39738,1
39745,1
39756,1
39767,1
39774,2
39777,1
39778,0
39797,1
39807,0
39815,1
39830,1
39831,0
39840,1
39848,1
39852,1
39853,2
39855,0
39860,0
39877,1
39885,1
39892,0
39900,0
39907,1
39917,0
39923,0
39924,1
39925,0
39934,1
39938,1
39949,1
39956,1
39958,2
39959,1
39970,1
39986,0
39987,1
39990,0
39992,2
40003,1
40004,1
40005,0
40006,1
40011,1
40014,1
40018,1
40025,0
40029,1
40033,1
40037,0
40038,1
40043,1
40047,0
40048,0
40053,1
40058,1
40062,0
40064,1
40068,0
40069,0
40072,1
40079,1
40084,0
40091,0
40095,0
40099,0
40104,1
40105,0
40106,1
40109,0
40129,1
40131,1
40134,1
40144,2
40149,0
40155,2
40156,0
40160,0
40165,1
40166,1
40168,1
40171,0
40180,1
40183,0
40186,1
40187,0
40189,0
40192,1
40193,0
40201,1
40209,1
40214,1
40215,1
40216,1
40220,0
40223,1
40224,0
40225,1
40232,0
40234,1
40235,1
40238,2
40241,0
40243,1
40250,1
40252,1
40253,1
40260,0
40264,1
40271,1
40280,0
40293,1
40295,1
40301,1
40307,1
40316,0
40317,1
40327,1
40331,2
40334,0
40336,1
40348,1
40350,1
40356,1
40360,1
40362,1
40369,0
40374,1
40378,0
40381,1
40391,2
40392,1
40394,1
40395,0
40401,1
40404,0
40409,0
40412,0
40415,1
40417,1
40420,0
40427,2
40429,1
40434,1
40436,1
40439,0
40447,1
40450,2
40455,2
40463,0
40467,1
40486,0
40493,1
40497,1
40498,1
40503,1
40504,1
40516,0
40520,2
40523,1
40526,0
40531,1
40536,1
40540,0
40541,0
40544,0
40547,0
40562,0
40566,1
40572,1
40576,0
40582,1
40587,0
40589,1
40591,1
40597,0
40601,1
40605,0
40606,1
40612,1
40613,1
40617,1
40625,2
40628,0
40642,2
40646,1
40655,0
40656,1
40657,1
40659,1
40660,0
40666,0
40668,2
40671,1
40672,2
40680,1
40694,1
40695,1
40696,1
40697,0
40703,1
40712,1
40728,0
40730,0
40731,0
40733,1
40734,2
40738,1
40746,1
40752,0
40753,1
40766,1
40767,2
40772,0
40775,1
40785,2
40799,0
40800,1
40807,1
40815,2
40817,1
40819,1
40820,0
40821,1
40824,1
40826,1
40831,2
40832,0
40836,1
40843,0
40859,0
40862,1
40865,1
40870,0
40874,1
40875,1
40877,1
40879,1
40894,0
40898,1
40899,1
40908,0
40926,1
40928,0
40938,0
40940,1
40943,1
40950,1
40951,1
40954,1
40955,1
40959,1
40968,0
40969,0
41000,0
41006,2
41009,1
41012,1
41013,0
41014,0
41020,0
41029,1
41032,0
41037,0
41039,0
41044,0
41045,1
41049,1
41065,0
41068,0
41081,1
41085,1
41089,1
41096,2
41106,1
41109,1
41111,1
41114,0
41116,2
41118,1
41123,1
41139,0
41142,1
41143,1
41147,1
41150,0
41167,1
41168,0
41169,0
41170,1
41172,1
41173,0
41182,0
41195,0
41199,0
41209,0
41211,1
41218,2
41225,1
41230,1
41231,1
41234,1
41249,0
41258,0
41274,1
41286,1
41288,1
41289,0
41290,1
41292,1
41295,0
41296,2
41299,1
41300,0
41303,1
41306,0
41324,2
41329,0
41335,0
41340,1
41344,0
41346,0
41353,1
41355,1
41356,0
41362,1
41369,0
41378,1
41381,0
41390,0
41396,0
41400,0
41406,1
41411,1
41414,0
41416,1
41418,0
41422,0
41426,0
41427,0
41433,0
41434,2
41442,1
41452,2
41456,1
41463,0
41464,1
41469,1
41473,0
41487,0
41503,1
41504,2
41508,0
41519,1
41522,0
41525,1
41526,1
41535,0
41544,0
41545,1
41547,0
41557,1
41561,1
41566,1
41569,0
41571,1
41589,1
41620,1
41624,1
41630,1
41631,0
41633,0
41635,0
41640,0
41644,0
41667,0
41678,1
41679,0
41680,0
41685,2
41686,0
41691,1
41692,1
41693,0
41704,1
41711,1
41713,1
41717,1
41721,0
41722,0
41723,0
41728,0
41731,1
41732,0
41734,0
41741,0
41758,0
41763,0
41765,0
41766,1
41775,1
41776,0
41781,1
41783,1
41786,1
41793,1
41804,0
41812,1
41814,0
41825,0
41826,1
41828,1
41829,1
41831,1
41832,1
41838,1
41842,1
41843,2
41844,2
41847,0
41849,1
41851,1
41855,0
41858,1
41862,0
41874,0
41882,1
41887,0
41898,0
41902,1
41909,2
41911,1
41913,1
41914,1
41921,1
41927,1
41930,1
41934,0
41939,1
41950,0
41958,0
41973,0
41979,2
41989,0
41994,0
41998,2
42000,1
42001,2
42015,2
42016,0
42026,1
42027,0
42029,0
42032,1
42036,0
42038,1
42040,0
42043,1
42057,0
42075,0
42082,0
42083,0
42093,0
42095,1
42097,0
42101,0
42110,1
42115,1
42117,1
42126,1
42130,2
42143,0
42152,1
42155,1
42158,0
42162,0
42169,1
42179,2
42184,1
42189,0
42192,0
42193,0
42195,0
42197,0
42198,1
42207,0
42212,1
42213,0
42216,1
42220,0
42229,1
42234,0
42236,1
42237,1
42238,1
42239,2
42241,1
42244,1
42245,0
42248,0
42255,2
42257,0
42259,0
42261,1
42262,0
42267,0
42270,0
42271,0
42273,0
42289,0
42294,1
42300,1
42301,1
42309,1
42311,0
42317,1
42329,0
42331,0
42339,1
42343,0
42348,1
42349,0
42351,1
42353,0
42354,0
42367,1
42368,1
42370,1
42399,0
42405,1
42412,0
42414,0
42428,0
42430,0
42431,1
42434,1
42438,0
42439,1
42445,1
42447,0
42449,1
42459,1
42463,0
42483,1
42490,1
42494,0
42498,1
42500,0
42521,1
42523,1
42532,1
42536,1
42548,1
42552,0
42557,0
42567,0
42571,0
42576,1
42579,0
42590,0
42593,1
42612,1
42619,1
42625,1
42632,1
42636,1
42649,0
42650,1
42654,0
42656,2
42662,0
42669,1
42672,0
42677,1
42685,2
42686,0
42687,1
42689,0
42696,0
42699,0
42701,0
42705,1
42708,2
42713,0
42722,0
42728,0
42730,1
42734,2
42736,0
42739,0
42744,0
42755,0
42757,1
42760,0
42761,2
42766,2
42771,0
42784,0
42785,1
42788,1
42792,0
42795,0
42800,1
42804,1
42807,0
42808,0
42817,1
42826,1
42827,2
42830,1
42832,1
42837,1
42840,0
42847,0
42853,0
42860,1
42861,0
42862,1
42863,1
42877,1
42879,0
42881,1
42889,0
42890,0
42897,1
42904,1
42905,0
42910,1
42913,1
42917,1
42918,1
42928,0
42935,1
42939,1
42940,0
42945,1
42949,0
42952,0
42953,0
42956,1
42957,0
42967,0
42972,0
42976,1
42979,1
42991,1
42999,0
43001,2
43007,1
43013,1
43018,0
43019,0
43034,0
43039,1
43048,0
43059,0
43061,1
43066,1
43074,0
43080,1
43089,1
43090,1
43092,0
43093,0
43099,0
43106,2
43107,0
43108,0
43110,0
43111,1
43126,1
43128,0
43137,0
43138,1
43143,1
43147,0
43148,0
43150,0
43152,2
43155,2
43158,0
43174,1
43180,1
43182,0
43191,1
43192,1
43204,1
43206,1
43212,0
43214,0
43227,0
43231,1
43235,0
43242,2
43247,0
43248,1
43252,1
43255,1
43260,0
43261,1
43264,1
43281,0
43282,2
43297,1
43306,1
43307,1
43310,1
43311,2
43313,0
43319,0
43326,2
43337,0
43344,0
43346,0
43357,0
43362,0
43363,1
43367,1
43370,1
43371,0
43373,1
43391,0
43394,1
43396,1
43401,2
43404,1
43406,0
43409,0
43411,1
43431,1
43434,1
43449,0
43452,0
43455,0
43460,1
43470,0
43472,1
43473,1
43474,0
43479,1
43483,1
43486,0
43487,2
43492,1
43494,1
43495,2
43496,1
43499,1
43500,2
43501,1
43506,1
43511,1
43512,0
43519,1
43524,1
43527,0
43529,2
43540,1
43545,1
43548,1
43552,0
43570,1
43576,0
43577,1
43579,0
43583,2
43584,0
43589,0
43590,0
43594,1
43599,0
43600,1
43618,1
43623,1
43627,1
43629,1
43645,1
43649,1
43650,0
43652,1
43661,0
43669,1
43672,0
43678,1
43680,1
43681,1
43706,1
43711,1
43716,0
43728,0
43760,1
43762,0
43766,0
43769,0
43776,0
43777,1
43780,2
43784,1
43787,1
43791,2
43792,0
43799,1
43810,2
43812,0
43825,0
43838,1
43841,0
43851,2
43858,0
43862,0
43864,0
43874,2
43879,0
43882,1
43888,1
43891,0
43892,0
43901,1
43906,1
43909,1
43919,1
43925,1
43928,1
43932,3
43935,0
43952,0
43956,1
43957,2
43973,0
43974,1
43980,1
43986,0
43994,0
43995,1
43997,1
44000,0
44004,1
44011,1
44013,0
44015,1
44020,0
44024,2
44036,2
44037,0
44038,1
44039,1
44047,0
44051,0
44053,0
44056,0
44059,0
44065,0
44068,0
44069,0
44072,1
44088,0
44091,0
44113,0
44115,0
44136,0
44139,1
44145,0
44151,0
44156,0
44161,1
44170,1
44176,1
44178,0
44182,1
44193,1
44206,1
44209,1
44215,0
44218,1
44219,0
44222,1
44223,1
44230,1
44231,1
44235,1
44242,1
44251,1
44255,1
44256,0
44265,1
44272,1
44285,1
44286,0
44287,0
44288,0
44290,0
44292,0
44294,0
44311,1
44312,1
44316,0
44319,1
44322,1
44323,0
44325,1
44328,1
44330,1
44334,1
44335,0
44342,2
44344,1
44356,1
44357,0
44364,0
44374,1
44381,0
44389,1
44399,1
44410,1
44411,2
44413,1
44417,1
44427,1
44428,1
44437,0
44442,0
44450,1
44452,1
44472,1
44481,0
44490,1
44498,0
44515,1
44519,1
44525,1
44526,0
44527,1
44528,2
44532,0
44533,1
44543,0
44545,2
44550,0
44562,0
44565,1
44569,1
44575,1
44587,2
44588,0
44589,2
44590,1
44594,1
44606,0
44616,1
44620,0
44622,1
44624,1
44631,1
44632,1
44636,1
44641,1
44661,1
44664,1
44665,1
44666,0
44670,0
44680,2
44681,1
44684,1
44688,0
44692,2
44693,1
44707,1
44709,0
44718,1
44719,0
44722,1
44727,2
44728,1
44731,1
44732,2
44733,0
44741,2
44744,1
44746,0
44753,1
44755,1
44767,0
44773,1
44776,1
44781,2
44789,1
44799,1
44800,2
44801,0
44817,1
44822,1
44835,1
44836,0
44850,1
44860,1
44868,1
44870,1
44872,1
44875,1
44879,1
44892,1
44905,1
44906,0
44907,0
44914,1
44919,0
44920,0
44927,0
44930,0
44946,1
44954,1
44960,1
44964,1
44968,0
44977,0
44979,1
44980,1
44989,1
45002,1
45009,0
45010,0
45013,1
45018,1
45021,0
45024,1
45034,2
45043,1
45046,0
45053,2
45075,1
45082,0
45090,1
45093,1
45103,1
45108,0
45110,0
45113,1
45121,1
45132,0
45143,1
45159,1
45165,1
45170,0
45172,1
45175,0
45177,1
45178,0
45179,1
45193,1
45198,0
45201,0
45206,1
45221,0
45222,1
45223,0
45231,0
45232,0
45236,0
45253,1
45272,1
45290,0
45291,1
45295,1
45299,0
45323,0
45325,1
45326,0
45333,1
45334,1
45340,2
45341,2
45342,1
45352,0
45358,1
45361,1
45371,1
45379,2
45383,1
45397,0
45400,1
45404,1
45406,0
45408,2
45410,0
45412,1
45433,2
45434,0
45435,1
45439,0
45442,1
45445,2
45446,1
45448,1
45456,1
45458,0
45469,1
45471,0
45481,1
45484,0
45489,0
45492,1
45504,2
45505,2
45510,0
45511,1
45518,1
45520,1
45526,1
45527,1
45528,1
45532,1
45538,1
45543,0
45544,1
45546,1
45557,1
45573,0
45575,1
45578,1
45594,1
45600,2
45601,1
45602,0
45614,0
45617,0
45618,0
45628,0
45636,0
45643,1
45644,0
45645,1
45654,0
45658,1
45662,1
45667,1
45676,0
45677,2
45681,1
45686,1
45690,1
45691,1
45694,1
45700,1
45701,1
45704,1
45705,1
45711,2
45716,0
45723,1
45726,2
45736,2
45737,0
45738,0
45741,1
45742,0
45748,1
45757,2
45758,1
45765,1
45766,1
45777,0
45783,1
45787,0
45792,1
45794,2
45803,0
45804,1
45805,2
45810,1
45813,0
45814,0
45817,0
45822,2
45835,0
45840,1
45845,1
45850,1
45851,0
45856,0
45859,1
45860,0
45861,1
45863,0
45872,1
45879,0
45886,1
45890,1
45892,0
45897,1
45900,1
45907,0
45923,1
45926,0
45934,0
45941,2
45943,0
45950,1
45953,0
45958,0
45959,1
45968,1
45972,0
45974,1
45981,1
45995,0
46000,2
46011,2
46017,1
46019,2
46020,1
46032,2
46036,1
46037,0
46038,2
46045,0
46050,1
46052,1
46066,1
46069,1
46072,1
46078,0
46079,1
46088,2
46095,1
46099,0
46102,1
46105,0
46109,0
46111,0
46115,1
46116,0
46124,0
46128,2
46138,1
46140,0
46154,0
46161,0
46166,1
46169,1
46175,0
46178,0
46179,0
46180,0
46189,1
46191,1
46192,2
46196,1
46198,0
46203,1
46211,0
46212,0
46224,1
46227,1
46230,1
46254,2
46264,0
46284,0
46298,1
46306,2
46309,0
46315,1
46328,0
46334,1
46337,0
46338,1
46340,0
46341,1
46347,0
46348,1
46350,0
46351,2
46354,1
46355,1
46357,1
46359,1
46361,0
46362,1
46366,2
46375,0
46379,1
46382,0
46387,1
46395,0
46407,1
46412,1
46413,0
46421,1
46423,0
46430,1
46441,0
46458,0
46459,0
46463,0
46471,1
46479,0
46481,2
46482,0
46483,2
46484,1
46485,1
46487,2
46495,2
46503,2
46508,1
46510,1
46516,2
46519,1
46528,0
46539,1
46540,1
46550,0
46556,0
46557,1
46558,1
46561,0
46565,0
46567,2
46568,1
46577,1
46580,1
46581,1
46583,1
46595,1
46605,0
46607,1
46608,0
46634,0
46636,1
46637,0
46645,0
46646,2
46648,1
46649,1
46652,2
46658,1
46660,1
46665,0
46668,2
46670,1
46672,2
46676,0
46678,1
46680,0
46681,0
46682,1
46684,0
46687,0
46691,1
46693,2
46694,2
46695,1
46708,0
46711,1
46721,1
46730,0
46735,1
46738,0
46741,0
46744,0
46752,1
46753,0
46761,1
46768,1
46771,0
46772,0
46776,1
46784,1
46785,1
46790,1
46800,1
46801,1
46809,2
46810,1
46812,1
46813,1
46821,0
46823,1
46832,0
46837,0
46840,0
46842,0
46845,1
46847,0
46848,0
46858,1
46871,0
46873,1
46877,1
46884,1
46886,1
46895,1
46896,0
46903,1
46904,1
46905,0
46907,0
46909,1
46911,1
46917,0
46926,1
46944,0
46945,0
46947,0
46949,0
46960,1
46964,0
46985,0
46990,1
46994,1
46995,1
47004,1
47006,2
47007,1
47009,1
47010,0
47017,0
47020,1
47025,0
47028,2
47030,1
47046,1
47047,1
47048,2
47055,1
47070,1
47073,1
47074,0
47075,1
47077,1
47081,1
47082,0
47087,1
47091,1
47094,0
47096,2
47100,1
47103,0
47108,1
47110,1
47111,1
47118,2
47119,0
47122,1
47132,0
47151,0
47152,1
47156,0
47157,1
47158,0
47161,1
47165,1
47171,1
47176,1
47182,1
47183,0
47186,1
47202,0
47208,1
47213,1
47233,1
47237,0
47238,1
47239,1
47240,2
47241,1
47248,2
47250,0
47251,2
47255,0
47265,1
47268,0
47277,0
47279,0
47284,0
47289,0
47303,1
47310,1
47313,0
47322,0
47337,1
47338,0
47339,0
47342,0
47357,0
47359,0
47363,2
47377,1
47385,0
47391,1
47393,1
47395,2
47399,0
47405,0
47406,1
47407,0
47409,1
47412,1
47413,1
47414,2
47417,1
47425,0
47426,0
47432,1
47438,1
47440,0
47443,2
47461,0
47466,1
47471,1
47474,1
47481,1
47485,0
47488,1
47489,0
47490,0
47497,0
47498,0
47504,0
47509,1
47517,0
47518,1
47523,1
47525,0
47529,2
47531,1
47534,2
47535,0
47538,1
47545,0
47556,1
47568,0
47587,0
47588,0
47592,1
47596,0
47598,0
47599,0
47600,1
47622,2
47635,0
47637,1
47641,1
47644,2
47647,0
47649,1
47667,0
47673,1
47674,0
47675,1
47678,0
47679,1
47682,1
47684,0
47692,1
47694,1
47698,1
47703,0
47710,1
47717,1
47732,1
47733,0
47735,0
47736,0
47737,0
47752,1
47756,2
47757,1
47758,0
47786,1
47791,1
47793,2
47796,1
47802,0
47803,0
47804,1
47821,1
47823,2
47829,1
47837,1
47841,1
47857,1
47869,1
47871,1
47875,1
47876,1
47878,0
47897,1
47901,0
47904,0
47907,1
47912,2
47916,1
47918,0
47923,0
47926,0
47935,0
47941,1
47956,1
47961,2
47966,1
47967,1
47969,0
47973,0
47974,1
47988,0
48000,1
48008,0
48010,0
48018,1
48020,0
48023,1
48024,1
48037,1
48039,1
48040,2
48047,1
48048,0
48054,1
48055,1
48058,0
48065,1
48066,1
48080,0
48085,0
48104,0
48108,0
48115,1
48117,1
48120,1
48121,1
48123,1
48136,1
48140,1
48143,1
48144,0
48148,0
48149,1
48150,0
48162,0
48163,1
48165,0
48168,1
48173,0
48174,0
48177,2
48189,1
48191,1
48195,1
48197,0
48202,0
48204,0
48206,1
48217,1
48226,2
48227,1
48229,1
48231,1
48232,0
48235,1
48238,1
48239,0
48244,0
48246,0
48249,1
48252,0
48253,1
48254,1
48265,0
48273,1
48277,0
48283,0
48288,0
48299,0
48300,1
48302,0
48305,1
48306,1
48319,0
48320,0
48341,0
48344,0
48345,1
48347,0
48360,0
48367,0
48379,1
48381,1
48382,1
48385,1
48397,2
48405,1
48406,1
48407,0
48409,1
48422,0
48424,0
48426,1
48442,1
48446,1
48449,0
48458,1
48460,1
48466,0
48475,1
48477,2
48490,0
48492,1
48494,1
48497,0
48501,0
48502,1
48503,2
48506,0
48523,1
48530,0
48545,0
48549,1
48552,1
48554,1
48577,1
48586,0
48588,0
48603,1
48606,2
48608,2
48628,1
48633,1
48642,1
48648,1
48654,0
48655,2
48665,1
48691,1
48694,1
48710,0
48712,1
48718,0
48719,1
48720,1
48729,1
48730,0
48741,1
48742,0
48748,0
48751,0
48755,1
48757,1
48759,0
48760,0
48761,2
48769,0
48773,1
48784,0
48786,0
48788,1
48790,0
48791,1
48798,0
48800,0
48801,0
48812,2
48820,0
48834,0
48838,0
48839,0
48845,2
48847,1
48854,1
48865,0
48873,0
48884,0
48885,1
48889,0
48894,0
48897,1
48898,1
48909,0
48912,1
48914,0
48916,1
48917,0
48924,1
48928,0
48930,1
48935,0
48937,0
48938,1
48940,1
48947,0
48951,0
48952,1
48953,0
48954,0
48965,1
48968,1
48974,0
48981,1
48990,0
49012,1
49022,0
49026,1
49031,1
49035,1
49036,0
49039,0
49045,0
49052,2
49054,1
49056,0
49078,0
49080,0
49081,0
49083,1
49088,0
49091,0
49096,0
49099,1
49102,0
49107,0
49108,1
49110,1
49112,1
49113,0
49121,0
49125,1
49131,1
49134,0
49136,1
49144,1
49148,2
49154,0
49158,1
49161,2
49162,0
49169,1
49171,0
49178,1
49189,1
49199,0
49200,1
49204,2
49207,0
49215,1
49216,1
49224,1
49229,1
49235,1
49236,1
49238,1
49242,0
49259,0
49262,1
49263,1
49264,0
49265,1
49269,0
49276,2
49283,1
49287,0
49289,1
49299,0
49300,0
49303,0
49313,0
49320,1
49333,1
49335,1
49339,0
49345,1
49353,1
49359,0
49361,1
49376,0
49379,0
49382,1
49383,1
49387,0
49394,0
49399,2
49401,0
49408,1
49415,2
49417,1
49421,1
49426,1
49428,2
49430,0
49434,1
49437,1
49441,0
49443,0
49456,1
49460,0
49461,1
49469,0
49485,1
49492,2
49498,1
49502,2
49504,0
49505,0
49506,1
49507,1
49509,1
49511,1
49515,1
49519,2
49520,1
49529,0
49537,0
49538,0
49544,0
49549,1
49556,2
49560,0
49565,0
49578,1
49580,0
49584,3
49590,1
49601,1
49602,1
49603,1
49615,0
49619,1
49625,0
49628,1
49630,1
49635,1
49640,2
49641,1
49652,1
49653,0
49659,1
49663,0
49665,2
49669,1
49671,0
49674,1
49684,0
49686,1
49693,0
49697,1
49704,0
49714,0
49715,2
49716,1
49728,1
49738,1
49739,1
49741,0
49742,2
49743,2
49747,0
49750,1
49752,0
49754,1
49756,0
49757,0
49763,0
49767,1
49769,1
49774,0
49778,0
49796,2
49804,1
49830,0
49833,1
49836,1
49837,0
49838,0
49841,1
49848,1
49851,0
49854,1
49873,0
49874,2
49878,1
49880,0
49887,0
49890,1
49893,1
49898,0
49906,0
49917,1
49918,1
49930,1
49932,1
49935,1
49937,0
49941,1
49945,1
49948,0
49951,0
49960,1
49969,1
49970,1
49982,0
49988,0
49996,1
49997,1
50000,0
50001,0
50006,0
50010,1
50013,2
50014,1
50015,0
50022,0
50032,1
50042,2
50046,0
50066,1
50067,1
50076,1
50079,1
50084,1
50090,0
50091,0
50092,2
50094,2
50095,0
50105,1
50109,0
50120,0
50123,1
50125,0
50126,1
50131,0
50140,1
50145,1
50151,0
50152,0
50155,0
50161,0
50164,1
50165,0
50173,1
50174,1
50176,0
50180,1
50184,0
50191,2
50203,1
50212,1
50217,0
50221,2
50222,1
50226,1
50227,1
50228,2
50231,0
50233,1
50236,2
50257,1
50263,0
50267,2
50275,2
50276,2
50284,0
50285,0
50291,0
50298,0
50300,0
50302,2
50305,0
50313,1
50315,2
50321,1
50326,1
50328,1
50354,0
50359,0
50360,1
50362,0
50364,1
50366,0
50372,1
50382,1
50383,1
50393,0
50394,0
50396,1
50404,0
50407,1
50409,1
50410,0
50412,0
50425,1
50426,1
50432,1
50437,0
50444,1
50454,2
50460,1
50462,1
50468,0
50472,0
50475,0
50476,0
50477,0
50493,1
50504,1
50508,0
50509,1
50512,0
50517,0
50532,1
50534,1
50539,2
50542,1
50551,0
50552,1
50553,1
50564,2
50569,1
50571,1
50572,0
50575,1
50584,1
50591,1
50593,1
50600,1
50602,1
50619,0
50620,1
50625,0
50627,2
50633,2
50645,0
50650,0
50658,0
50659,0
50663,1
50665,0
50667,0
50679,0
50680,0
50686,0
50689,1
50693,0
50697,0
50703,0
50726,1
50728,1
50739,0
50740,2
50741,1
50743,1
50744,1
50745,2
50748,2
50749,0
50757,1
50758,0
50759,0
50762,0
50780,1
50786,1
50788,1
50804,2
50821,1
50825,0
50826,1
50828,1
50831,1
50834,0
50838,0
50843,1
50844,1
50862,0
50868,1
50872,1
50874,1
50881,1
50899,1
50910,0
50914,0
50918,1
50920,1
50926,0
50927,0
50931,0
50932,2
50935,2
50946,0
50948,1
50950,1
50952,2
50953,1
50954,0
50957,2
50959,1
50961,1
50973,1
50975,0
50976,1
50986,1
50987,1
50988,0
50992,0
50996,0
51000,0
51003,1
51007,1
51008,1
51012,0
51015,0
51016,1
51018,1
51019,0
51027,1
51028,1
51034,2
51041,2
51043,0
51052,1
51054,0
51057,1
51062,1
51065,2
51069,1
51070,0
51072,2
51078,0
51082,1
51085,0
51090,0
51094,1
51095,0
51103,1
51133,1
51142,0
51148,0
51149,1
51168,1
51169,1
51174,1
51177,0
51181,0
51182,1
51185,0
51187,1
51190,0
51193,2
51201,1
51208,0
51246,1
51247,0
51255,1
51257,1
51263,1
51265,1
51268,0
51273,0
51280,0
51288,1
51291,0
51294,1
51297,1
51300,0
51302,0
51317,1
51320,1
51323,0
51330,1
51336,0
51337,1
51347,1
51358,0
51364,1
51368,1
51369,0
51378,0
51380,0
51388,2
51392,0
51393,0
51395,0
51404,0
51408,0
51409,1
51413,2
51417,2
51426,0
51428,0
51430,2
51433,1
51444,1
51445,1
51450,0
51453,0
51458,0
51464,0
51466,1
51468,0
51469,1
51473,1
51476,1
51480,1
51495,1
51496,2
51509,0
51515,0
51518,0
51524,1
51533,0
51535,1
51549,0
51550,0
51559,0
51564,1
51566,1
51567,1
51568,0
51572,1
51581,0
51582,1
51587,1
51590,0
51591,2
51616,0
51622,0
51626,1
51627,1
51629,1
51636,1
51640,0
51643,2
51644,1
51646,0
51654,1
51658,1
51661,3
51671,1
51673,0
51679,2
51693,1
51694,1
51700,1
51706,1
51708,0
51711,2
51721,1
51722,0
51738,1
51746,1
51748,0
51758,1
51766,0
51768,2
51772,1
51773,0
51774,1
51776,0
51778,1
51784,1
51790,1
51806,0
51807,0
51808,1
51817,0
51822,1
51826,0
51835,0
51837,1
51841,1
51842,1
51843,0
51855,2
51857,0
51864,2
51865,2
51866,1
51867,1
51869,0
51875,1
51876,0
51881,1
51882,1
51885,0
51887,1
51890,1
51893,2
51906,2
51909,0
51916,1
51922,2
51924,1
51925,0
51928,0
51932,2
51934,1
51936,0
51958,1
51959,0
51962,1
51964,0
51965,2
51967,1
51970,0
51972,0
51977,1
51978,0
51979,0
51990,0
51993,1
51995,0
52003,2
52006,2
52014,1
52017,0
52025,1
52027,1
52039,0
52051,2
52052,1
52055,2
52061,1
52065,1
52066,0
52069,1
52073,1
52088,0
52092,0
52093,0
52095,0
52102,0
52105,0
52108,1
52109,2
52110,0
52112,2
52115,0
52116,0
52127,1
52132,1
52133,0
52151,1
52154,0
52155,0
52156,0
52160,1
52166,0
52167,0
52170,0
52176,1
52182,0
52185,1
52202,1
52204,0
52207,1
52232,1
52233,0
52241,2
52246,1
52247,2
52252,1
52258,0
52267,2
52274,1
52275,2
52283,0
52284,2
52288,0
52290,0
52296,0
52302,1
52306,0
52308,1
52318,0
52324,0
52336,2
52340,1
52341,0
52347,1
52353,1
52354,0
52358,1
52359,0
52361,2
52365,2
52367,0
52371,0
52374,0
52382,0
52387,1
52399,1
52400,2
52403,1
52414,0
52416,2
52419,0
52425,0
52426,1
52430,1
52446,1
52449,0
52450,1
52451,0
52458,1
52473,1
52474,2
52487,1
52493,2
52495,1
52497,0
52503,0
52507,0
52517,2
52522,1
52528,0
52529,1
52541,1
52546,0
52547,1
52561,1
52570,1
52578,1
52585,0
52587,0
52588,1
52589,0
52602,1
52603,0
52621,0
52623,0
52627,2
52628,0
52634,1
52639,0
52640,0
52643,1
52644,1
52660,1
52661,1
52664,1
52672,1
52682,2
52690,2
52701,1
52705,0
52709,0
52725,1
52731,2
52750,0
52763,1
52765,0
52769,1
52773,2
52775,0
52776,0
52779,0
52787,1
52791,0
52798,1
52801,1
52802,1
52803,1
52807,0
52810,1
52814,1
52819,1
52820,0
52828,1
52832,1
52850,1
52866,1
52867,1
52878,0
52895,1
52905,1
52921,0
52928,2
52938,1
52943,1
52951,0
52952,1
52958,0
52960,2
52969,0
52976,0
52989,1
52991,1
52994,1
53000,0
53004,1
53005,2
53007,0
53008,1
53010,2
53015,0
53025,1
53029,0
53035,1
53037,1
53043,0
53049,2
53050,0
53054,0
53055,1
53057,1
53058,0
53059,1
53068,0
53072,1
53078,1
53084,1
53088,0
53089,0
53091,0
53097,0
53100,1
53102,1
53103,1
53107,0
53110,2
53128,0
53131,1
53133,0
53134,0
53138,0
53148,0
53152,1
53153,0
53156,1
53159,0
53161,1
53164,0
53172,1
53175,0
53177,0
53185,0
53187,0
53188,1
53190,1
53196,1
53202,1
53206,2
53213,1
53214,1
53215,0
53218,1
53221,1
53225,1
53228,0
53236,1
53239,2
53241,2
53248,2
53249,1
53261,0
53270,0
53274,1
53282,1
53288,1
53291,1
53294,0
53298,1
53303,2
53305,1
53310,0
53311,1
53316,0
53320,1
53328,1
53331,0
53335,1
53337,1
53343,0
53344,0
53347,1
53353,1
53356,1
53364,1
53368,1
53370,1
53374,0
53382,1
53392,0
53402,1
53408,1
53409,1
53420,0
53441,0
53444,1
53450,1
53452,1
53464,1
53471,1
53473,0
53476,0
53483,1
53484,1
53495,2
53497,1
53499,1
53500,1
53503,1
53511,0
53514,1
53515,1
53519,2
53520,2
53523,1
53527,0
53534,0
53543,0
53556,1
53563,1
53570,1
53573,0
53581,1
53586,1
53588,0
53591,0
53597,2
53598,0
53604,1
53608,0
53617,1
53618,0
53625,1
53626,0
53627,1
53628,0
53650,1
53659,0
53660,0
53665,1
53672,1
53673,1
53675,0
53677,1
53690,0
53691,1
53692,0
53722,1
53723,1
53726,0
53731,2
53744,0
53745,1
53757,1
53759,1
53765,1
53770,1
53772,1
53775,0
53778,0
53793,1
53798,1
53801,2
53803,1
53811,0
53817,0
53825,1
53828,0
53829,1
53832,1
53837,1
53838,0
53839,0
53845,0
53847,0
53850,1
53861,1
53865,0
53879,0
53906,1
53909,1
53914,1
53915,2
53917,0
53925,0
53936,0
53947,0
53950,1
53952,0
53956,0
53962,1
53969,2
53976,0
53980,0
53982,0
53993,1
53996,0
54000,1
54032,0
54034,0
54035,1
54041,1
54045,1
54050,2
54054,0
54061,1
54062,0
54063,0
54065,1
54072,1
54073,1
54079,0
54083,1
54085,1
54088,1
54091,1
54102,1
54110,0
54112,2
54117,2
54120,2
54143,0
54144,0
54147,0
54151,1
54156,1
54157,1
54160,0
54161,1
54164,0
54166,2
54172,1
54176,0
54183,0
54185,0
54193,1
54201,1
54204,2
54205,1
54207,0
54210,0
54213,1
54216,0
54222,1
54255,1
54257,0
54267,2
54268,1
54276,0
54284,0
54309,0
54313,1
54314,1
54316,0
54323,0
54325,0
54337,1
54340,1
54357,1
54363,2
54366,0
54368,1
54378,0
54384,1
54385,0
54386,0
54387,0
54393,0
54414,0
54421,0
54428,1
54431,1
54432,0
54444,0
54449,1
54459,0
54462,1
54463,2
54467,1
54468,2
54471,0
54473,1
54474,0
54487,1
54491,0
54495,0
54496,0
54500,0
54504,0
54507,1
54516,0
54518,0
54526,1
54532,0
54534,1
54536,1
54537,0
54539,0
54544,1
54547,2
54553,1
54554,0
54573,0
54580,0
54603,0
54610,1
54616,0
54617,1
54619,1
54625,1
54630,1
54632,1
54639,1
54649,0
54652,0
54654,0
54657,1
54658,1
54662,0
54666,0
54676,0
54678,0
54681,0
54686,1
54691,0
54699,1
54700,1
54701,1
54703,1
54705,0
54706,0
54712,1
54713,1
54715,1
54717,1
54721,1
54725,1
54735,0
54745,1
54747,1
54749,1
54751,0
54760,1
54763,0
54775,1
54776,1
54778,0
54781,1
54797,1
54802,1
54811,1
54828,0
54832,1
54841,0
54844,1
54848,0
54849,1
54853,0
54867,1
54868,2
54869,1
54879,1
54880,0
54885,1
54892,0
54896,1
54900,0
54922,1
54927,0
54932,1
54934,1
54935,1
54937,0
54941,1
54944,1
54946,1
54950,0
54957,0
54975,2
54976,1
54977,0
54979,1
54992,1
54995,0
55000,1
55001,0
55013,1
55016,0
55020,1
55022,1
55036,0
55039,0
55042,1
55047,1
55055,2
55068,0
55073,0
55078,0
55079,0
55080,1
55092,2
55093,0
55094,0
55095,0
55099,0
55103,0
55110,0
55111,0
55118,0
55121,0
55129,0
55145,1
55146,1
55151,1
55158,2
55159,0
55161,2
55166,0
55167,1
55175,2
55180,2
55185,0
55186,1
55196,0
55197,0
55202,1
55203,0
55206,0
55211,2
55213,1
55214,0
55218,0
55224,1
55226,1
55232,0
55255,0
55258,0
55263,0
55267,0
55274,1
55275,1
55282,1
55286,2
55305,1
55309,2
55314,0
55319,0
55325,0
55327,0
55338,1
55345,0
55346,1
55347,0
55355,0
55356,1
55358,1
55368,0
55379,1
55380,2
55388,1
55391,1
55394,0
55400,1
55401,1
55409,1
55410,1
55412,1
55414,0
55416,1
55421,1
55429,2
55440,1
55443,1
55451,1
55453,1
55458,0
55459,1
55466,1
55467,1
55470,1
55473,0
55482,0
55485,1
55490,0
55491,2
55494,0
55499,1
55503,0
55507,1
55513,1
55514,1
55520,1
55521,0
55522,2
55531,0
55534,0
55538,1
55544,1
55551,0
55557,2
55576,0
55589,0
55590,0
55593,1
55600,1
55605,1
55610,0
55612,0
55615,1
55620,2
55626,0
55629,1
55636,1
55640,0
55641,0
55657,1
55667,1
55679,0
55682,1
55686,1
55689,1
55696,1
55698,1
55707,1
55711,0
55713,0
55714,1
55718,0
55732,0
55734,0
55737,1
55745,1
55750,0
55751,1
55757,0
55764,0
55766,1
55776,0
55779,2
55787,0
55790,0
55792,2
55795,1
55807,0
55812,0
55824,0
55827,0
55833,1
55835,1
55837,0
55840,2
55841,0
55847,1
55848,1
55854,2
55857,0
55861,2
55866,0
55876,1
55885,0
55890,2
55893,2
55894,0
55896,0
55901,0
55904,0
55908,1
55913,1
55914,1
55918,1
55922,0
55923,2
55927,1
55929,1
55932,1
55937,1
55939,1
55942,1
55947,1
55948,2
55958,1
55969,1
55997,1
55998,1
56016,0
56018,0
56029,1
56033,1
56035,0
56041,1
56054,0
56055,1
56058,1
56059,0
56067,1
56068,1
56077,0
56079,0
56081,0
56082,2
56084,3
56089,1
56092,0
56094,0
56096,1
56098,0
56099,0
56103,1
56111,1
56112,1
56113,0
56118,1
56122,2
56123,2
56128,1
56136,2
56137,1
56138,0
56145,1
56149,1
56150,1
56154,2
56155,0
56160,0
56164,1
56166,0
56175,1
56178,0
56189,1
56190,0
56191,1
56197,1
56199,1
56200,1
56204,1
56210,2
56213,1
56215,0
56218,0
56220,0
56221,1
56223,1
56241,1
56247,1
56255,2
56257,1
56259,2
56265,1
56266,0
56269,1
56271,0
56283,0
56285,1
56290,1
56300,0
56302,1
56303,1
56309,1
56312,0
56317,1
56318,1
56321,1
56330,1
56336,0
56342,0
56356,1
56364,0
56365,1
56370,1
56374,0
56383,1
56387,0
56402,2
56428,1
56430,1
56434,1
56438,1
56446,0
56449,1
56453,0
56456,1
56460,2
56469,1
56471,1
56473,1
56475,0
56479,1
56482,1
56489,0
56490,1
56493,1
56498,0
56500,1
56501,0
56504,1
56506,1
56507,2
56508,1
56518,1
56519,2
56531,0
56533,1
56536,1
56537,0
56552,0
56556,0
56557,0
56566,0
56578,0
56581,0
56583,1
56590,0
56593,1
56604,0
56623,0
56626,1
56635,1
56637,1
56642,0
56650,1
56651,0
56656,1
56662,1
56664,1
56675,2
56683,0
56689,0
56694,1
56703,1
56705,0
56716,1
56721,1
56723,0
56726,1
56727,1
56736,0
56739,0
56742,1
56744,0
56753,0
56756,0
56763,0
56773,1
56779,0
56790,1
56791,0
56809,0
56812,1
56824,0
56825,1
56827,1
56829,1
56832,0
56835,0
56840,1
56849,1
56850,0
56859,0
56862,0
56865,1
56870,2
56876,0
56877,1
56879,1
56884,1
56888,0
56900,0
56914,1
56915,0
56917,1
56920,0
56923,2
56926,0
56927,1
56932,1
56948,2
56957,1
56968,1
56969,0
56972,1
56976,2
56986,1
56996,0
57006,1
57018,1
57036,0
57039,0
57052,0
57054,0
57058,1
57061,1
57063,1
57064,0
57066,1
57071,1
57073,2
57079,0
57082,1
57086,0
57088,0
57093,0
57104,1
57109,2
57127,0
57138,0
57141,1
57154,0
57155,1
57161,1
57169,1
57171,1
57173,2
57181,1
57185,1
57187,0
57196,1
57211,2
57218,0
57223,1
57224,1
57225,1
57226,1
57229,1
57231,1
57234,3
57236,1
57245,1
57246,2
57252,1
57253,0
57257,1
57270,1
57276,0
57277,2
57280,1
57281,1
57288,0
57298,2
57302,0
57303,1
57307,0
57315,0
57316,0
57326,1
57327,1
57328,0
57329,2
57333,1
57343,1
57345,0
57352,1
57360,0
57362,0
57374,1
57382,0
57384,0
57389,1
57394,0
57402,1
57409,0
57410,0
57413,1
57414,0
57423,0
57424,1
57434,1
57453,0
57455,2
57457,1
57458,0
57463,1
57469,0
57475,1
57478,1
57483,1
57487,1
57489,0
57490,0
57498,1
57506,2
57510,0
57520,0
57525,0
57528,0
57529,0
57532,1
57536,0
57537,0
57538,1
57542,1
57543,0
57546,1
57547,0
57548,0
57550,1
57552,2
57557,0
57562,0
57581,0
57582,0
57592,2
57593,1
57603,1
57604,1
57605,0
57612,0
57618,0
57621,0
57624,0
57633,1
57643,1
57659,2
57660,1
57667,1
57669,0
57671,1
57680,0
57682,1
57691,0
57692,1
57700,0
57704,1
57710,0
57714,2
57715,1
57722,0
57727,1
57729,1
57730,0
57736,0
57741,1
57745,2
57746,1
57747,0
57748,1
57760,2
57764,0
57770,1
57772,1
57778,0
57787,0
57789,0
57792,0
57797,1
57807,0
57809,1
57828,0
57829,1
57836,1
57840,0
57841,1
57847,0
57851,1
57853,2
57854,1
57864,1
57866,0
57869,1
57872,0
57877,0
57878,0
57887,0
57890,1
57891,1
57892,1
57894,1
57898,1
57903,1
57905,0
57928,1
57929,1
57934,0
57938,2
57946,1
57950,0
57952,1
57967,0
57970,2
57978,1
57981,1
57984,0
57989,0
57992,1
58008,0
58009,0
58022,1
58025,1
58029,1
58034,1
58040,1
58046,0
58049,0
58074,1
58077,0
58078,1
58082,1
58085,0
58086,1
58090,1
58106,1
58112,1
58118,1
58132,1
58134,1
58137,0
58146,2
58155,0
58156,0
58158,1
58159,0
58166,1
58171,1
58177,0
58180,1
58185,0
58189,1
58194,0
58196,1
58198,1
58207,0
58211,0
58214,1
58232,0
58238,1
58245,0
58246,1
58253,1
58257,1
58267,1
58269,0
58273,1
58277,1
58280,0
58282,1
58284,1
58288,0
58292,1
58301,1
58307,0
58308,0
58317,1
58322,1
58330,0
58336,1
58349,0
58358,1
58359,0
58362,0
58369,2
58370,1
58372,1
58373,0
58380,0
58383,1
58394,0
58396,1
58403,1
58415,1
58417,0
58423,0
58425,0
58431,1
58443,1
58444,1
58448,1
58449,0
58458,1
58464,0
58467,0
58473,1
58480,0
58482,0
58485,1
58487,1
58489,1
58501,1
58509,0
58519,1
58523,1
58524,1
58529,2
58536,0
58545,1
58546,0
58555,1
58557,0
58569,0
58580,1
58582,2
58597,0
58611,1
58616,1
58617,0
58620,0
58621,0
58622,1
58626,0
58632,0
58639,1
58641,1
58642,0
58644,0
58655,1
58657,1
58665,1
58683,0
58687,1
58692,0
58695,0
58697,0
58704,1
58707,0
58711,0
58720,1
58724,1
58737,1
58739,0
58753,1
58775,0
58781,0
58784,0
58789,0
58795,0
58797,0
58804,1
58806,0
58809,1
58811,1
58815,1
58817,1
58821,0
58822,0
58835,1
58844,0
58846,1
58849,2
58852,1
58853,0
58856,1
58859,1
58865,2
58866,0
58869,2
58876,1
58891,0
58898,0
58899,1
58903,1
58906,1
58908,0
58909,1
58926,1
58928,1
58929,1
58933,0
58939,0
58941,0
58943,0
58945,0
58947,1
58948,1
58951,1
58958,1
58971,0
58973,1
58976,0
58982,0
58990,0
58995,1
59002,1
59005,0
59006,1
59008,0
59012,0
59014,1
59025,0
59030,0
59031,2
59035,1
59036,1
59042,0
59047,2
59048,1
59053,0
59064,1
59071,0
59072,0
59074,0
59089,0
59095,0
59099,2
59101,1
59105,1
59113,0
59115,1
59116,1
59118,1
59121,0
59125,0
59138,1
59139,0
59143,0
59147,1
59153,0
59164,2
59168,1
59169,0
59180,0
59190,1
59192,1
59193,0
59197,1
59198,0
59202,0
59207,1
59209,1
59215,1
59216,1
59228,1
59234,0
59236,0
59248,1
59259,0
59262,0
59263,1
59264,0
59294,1
59295,1
59299,0
59308,0
59311,1
59313,0
59317,1
59323,1
59325,0
59328,1
59329,0
59336,2
59345,0
59351,0
59358,0
59363,1
59367,1
59371,0
59380,1
59386,1
59389,0
59390,0
59393,1
59399,2
59404,0
59413,0
59416,1
59417,2
59419,0
59423,1
59429,1
59430,1
59435,1
59436,0
59437,0
59438,0
59442,1
59443,0
59459,2
59461,1
59468,1
59471,0
59473,1
59476,1
59477,1
59480,1
59484,1
59485,1
59494,0
59501,1
59503,0
59506,1
59507,1
59514,2
59521,1
59534,2
59537,0
59542,1
59547,2
59557,1
59571,0
59577,1
59581,0
59582,1
59583,0
59584,0
59594,0
59596,1
59598,1
59599,2
59607,1
59608,0
59613,0
59618,1
59621,0
59625,0
59626,2
59629,1
59632,0
59633,0
59647,2
59657,2
59660,1
59663,0
59666,1
59680,2
59681,1
59689,0
59698,1
59701,1
59709,1
59734,0
59740,2
59756,0
59768,0
59790,0
59791,2
59796,2
59798,1
59800,0
59802,0
59811,0
59825,1
59827,1
59832,1
59833,0
59835,0
59840,2
59850,1
59852,1
59856,0
59858,0
59866,2
59876,1
59882,1
59887,2
59900,0
59907,2
59915,1
59917,0
59924,0
59926,0
59927,1
59935,0
59946,0
59947,1
59950,0
59953,1
59954,1
59958,1
59966,1
59970,1
59972,1
59974,1
59978,0
59988,1
59989,1
59991,0
59997,1
60003,0
60011,1
60017,2
60019,0
60029,0
60032,1
60036,0
60038,1
60045,0
60047,1
60051,2
60053,1
60054,0
60068,1
60069,2
60074,1
60078,1
60082,1
60100,1
60103,1
60111,0
60117,1
60122,0
60124,0
60131,0
60140,1
60141,0
60142,1
60147,0
60151,1
60156,1
60158,1
60162,0
60171,0
60175,2
60180,1
60181,2
60187,0
60192,1
60202,0
60203,1
60218,0
60221,0
60225,1
60226,1
60227,1
60228,0
60229,1
60231,1
60234,1
60255,0
60272,0
60283,1
60288,1
60291,1
60295,1
60297,1
60307,1
60310,1
60314,0
60320,0
60325,1
60346,0
60347,1
60349,2
60351,0
60354,0
60359,0
60366,0
60369,0
60371,1
60373,0
60381,0
60383,1
60386,1
60398,2
60401,0
60402,0
60405,1
60406,1
60410,0
60412,1
60415,0
60420,1
60424,1
60443,2
60451,0
60458,1
60460,1
60466,0
60467,1
60477,1
60487,1
60491,0
60501,1
60508,0
60509,1
60513,0
60516,0
60517,0
60521,1
60522,0
60524,2
60526,0
60528,0
60529,1
60530,1
60531,1
60540,1
60546,0
60547,1
60549,1
60550,1
60553,1
60557,1
60565,1
60566,1
60575,1
60580,1
60583,2
60587,1
60591,1
60592,0
60598,1
60602,0
60605,2
60606,1
60611,1
60612,1
60619,1
60621,0
60634,1
60635,1
60638,1
60639,0
60641,1
60643,0
60648,1
60651,0
60652,1
60653,2
60654,1
60668,1
60683,2
60695,1
60697,1
60699,0
60705,2
60706,1
60723,0
60732,1
60733,0
60741,2
60743,1
60744,1
60749,2
60754,1
60759,1
60760,0
60762,1
60763,1
60767,1
60768,0
60775,0
60778,1
60802,0
60805,0
60807,1
60814,0
60815,0
60823,1
60859,0
60864,1
60865,0
60870,0
60879,0
60893,0
60901,1
60906,1
60908,1
60916,2
60917,0
60921,1
60923,0
60924,1
60925,0
60930,1
60931,1
60932,1
60942,0
60945,0
60946,1
60949,1
60956,1
60957,0
60959,1
60967,2
60971,1
60980,0
60986,1
60993,2
60997,0
61002,1
61003,0
61012,1
61017,0
61026,1
61039,0
61040,0
61041,0
61045,1
61052,2
61055,2
61064,2
61065,1
61066,1
61072,1
61075,0
61076,1
61091,0
61093,1
61095,1
61100,0
61103,1
61112,0
61116,0
61118,0
61121,1
61123,0
61124,0
61138,0
61143,0
61145,1
61149,0
61152,0
61157,1
61161,2
61168,1
61169,0
61170,1
61176,1
61177,0
61192,1
61196,0
61197,1
61203,1
61205,0
61207,2
61212,1
61216,1
61222,0
61224,0
61226,0
61230,0
61237,1
61240,1
61241,1
61243,1
61246,1
61247,0
61249,0
61260,3
61275,1
61289,1
61293,2
61298,0
61301,1
61303,1
61321,1
61326,0
61331,0
61342,0
61345,1
61352,1
61357,1
61358,2
61362,2
61364,1
61374,0
61385,0
61386,2
61396,2
61400,0
61401,1
61403,0
61412,0
61414,0
61417,0
61419,2
61427,0
61428,0
61433,1
61434,1
61437,1
61443,1
61444,1
61454,0
61456,2
61464,0
61466,1
61473,0
61475,0
61482,1
61483,0
61485,0
61487,0
61497,1
61498,0
61501,0
61505,1
61506,0
61511,1
61515,0
61523,1
61526,0
61529,1
61530,1
61533,0
61542,0
61543,1
61548,0
61556,1
61558,1
61574,0
61576,0
61578,1
61579,1
61580,0
61590,1
61597,0
61602,0
61605,2
61621,0
61630,1
61635,0
61636,1
61640,2
61660,1
61662,0
61668,0
61674,2
61681,0
61683,1
61686,1
61692,1
61694,0
61699,0
61702,0
61705,2
61711,1
61718,2
61720,0
61725,0
61734,1
61738,0
61744,0
61748,1
61750,1
61752,0
61755,0
61759,1
61763,0
61767,1
61788,1
61791,2
61792,2
61793,0
61798,1
61811,1
61813,1
61815,1
61818,1
61820,1
61829,1
61830,2
61834,0
61836,1
61839,1
61846,1
61852,1
61857,1
61859,1
61866,0
61881,0
61886,0
61888,2
61901,2
61902,1
61903,1
61906,1
61910,0
61918,1
61922,1
61931,1
61949,0
61961,1
61965,0
61976,0
61981,2
61988,1
62007,0
62016,1
62017,0
62020,0
62033,2
62058,2
62063,1
62064,0
62065,0
62067,0
62072,0
62075,0
62088,0
62104,1
62106,0
62112,0
62116,0
62117,1
62122,1
62123,2
62125,1
62129,2
62131,0
62136,1
62142,0
62143,0
62147,3
62149,1
62152,1
62153,0
62161,1
62180,0
62186,1
62188,0
62193,0
62196,0
62199,1
62204,0
62206,1
62208,1
62210,0
62215,2
62219,1
62228,0
62230,0
62234,2
62235,1
62245,1
62249,0
62251,0
62253,0
62265,0
62266,1
62274,1
62283,0
62296,0
62308,2
62310,1
62317,0
62329,0
62331,0
62333,0
62342,1
62343,1
62348,1
62357,1
62363,1
62368,0
62375,1
62380,1
62386,2
62397,1
62399,0
62402,0
62406,0
62413,0
62418,0
62422,1
62424,1
62430,1
62431,1
62433,1
62434,1
62443,1
62446,1
62447,0
62448,0
62455,0
62457,0
62458,1
62460,1
62468,2
62471,1
62481,1
62483,0
62484,0
62489,1
62492,1
62496,0
62499,1
62530,0
62531,1
62534,0
62541,1
62543,0
62549,1
62553,1
62556,1
62557,0
62559,1
62564,1
62565,1
62569,1
62580,1
62586,0
62587,0
62589,0
62591,0
62595,1
62597,0
62600,1
62601,1
62612,1
62618,0
62621,1
62624,1
62632,1
62637,1
62641,0
62644,0
62652,1
62654,0
62657,0
62670,1
62673,1
62679,1
62682,0
62707,0
62743,0
62749,0
62751,0
62753,1
62760,0
62771,1
62774,0
62775,1
62787,1
62789,1
62796,2
62803,1
62805,0
62809,1
62812,0
62813,1
62819,1
62829,2
62830,1
62831,0
62832,1
62840,2
62843,0
62856,0
62858,1
62866,0
62867,1
62869,1
62870,2
62877,0
62890,0
62896,1
62897,2
62899,0
62911,0
62914,1
62915,1
62918,1
62920,2
62922,1
62924,1
62940,1
62941,1
62943,2
62958,0
62959,1
62961,1
62962,0
62968,0
62970,1
62976,0
62977,1
62980,1
62981,1
62990,1
62994,1
63000,1
63001,0
63002,1
63006,0
63007,0
63011,1
63015,1
63018,0
63021,1
63028,1
63031,0
63041,1
63042,1
63046,1
63047,0
63053,1
63056,1
63059,0
63065,0
63068,2
63071,1
63073,2
63077,1
63078,2
63089,1
63093,1
63101,1
63116,0
63120,1
63122,0
63129,0
63131,1
63135,1
63137,1
63142,1
63145,1
63160,0
63167,1
63170,0
63171,2
63175,1
63177,1
63182,0
63183,1
63186,1
63197,2
63200,1
63203,2
63211,1
63219,1
63222,0
63235,0
63242,1
63245,1
63248,1
63262,1
63264,1
63271,1
63280,1
63281,1
63284,1
63285,1
63289,0
63302,0
63311,0
63315,1
63323,0
63326,1
63328,1
63329,0
63330,0
63341,0
63348,2
63353,0
63358,1
63370,0
63375,1
63378,1
63385,1
63392,2
63395,1
63399,0
63406,2
63407,1
63417,1
63418,2
63420,1
63423,0
63428,2
63430,1
63439,1
63441,1
63442,0
63457,0
63463,1
63464,0
63472,2
63474,1
63475,0
63476,0
63480,1
63482,0
63485,1
63490,0
63493,2
63494,0
63497,1
63498,1
63504,1
63509,0
63534,0
63541,1
63542,0
63543,0
63548,1
63550,1
63552,1
63556,0
63557,1
63561,0
63562,0
63563,1
63566,0
63573,2
63578,1
63579,2
63580,1
63588,0
63598,2
63603,1
63609,0
63614,1
63616,1
63619,1
63621,0
63623,0
63624,0
63625,0
63632,1
63639,1
63652,0
63661,2
63664,1
63670,2
63674,0
63677,1
63684,0
63691,0
63693,2
63695,1
63699,1
63719,2
63720,0
63728,1
63729,0
63730,1
63736,1
63742,2
63744,2
63748,1
63754,0
63766,1
63767,1
63770,1
63771,1
63772,1
63776,1
63781,1
63790,0
63792,1
63793,1
63796,1
63801,1
63804,2
63806,1
63807,0
63812,0
63814,1
63818,1
63827,1
63834,0
63835,1
63836,1
63839,1
63841,0
63862,0
63864,0
63874,1
63880,0
63887,2
63892,1
63894,0
63898,1
63906,2
63907,0
63908,1
63922,0
63924,1
63929,1
63939,1
63946,2
63954,0
63956,1
63959,1
63967,1
63968,1
63970,1
63972,1
63975,0
63981,0
63986,1
63987,1
63988,0
64008,1
64009,1
64015,0
64016,0
64020,1
64035,1
64037,1
64040,0
64051,1
64052,1
64065,0
64068,1
64074,1
64084,1
64089,0
64090,0
64091,1
64094,0
64098,1
64099,1
64104,0
64105,1
64117,1
64119,1
64122,0
64123,2
64134,0
64137,1
64140,2
64143,1
64144,1
64145,0
64148,1
64154,2
64159,1
64166,0
64168,1
64169,1
64181,1
64182,1
64185,1
64187,1
64196,0
64203,1
64208,1
64214,0
64216,0
64218,0
64219,1
64237,2
64238,1
64240,1
64243,1
64247,1
64249,1
64253,0
64262,0
64271,1
64281,0
64282,0
64287,0
64289,0
64300,0
64301,0
64307,0
64309,1
64310,1
64314,1
64319,1
64329,1
64330,0
64334,0
64338,0
64339,0
64345,0
64350,1
64362,1
64364,0
64365,1
64366,0
64369,1
64370,1
64371,1
64372,1
64390,0
64391,1
64405,2
64411,0
64415,0
64424,0
64425,0
64433,1
64447,1
64450,1
64453,0
64471,2
64482,1
64489,0
64499,2
64502,0
64504,1
64506,0
64507,1
64514,1
64515,0
64516,1
64523,0
64547,1
64565,0
64566,2
64568,1
64572,1
64579,1
64590,1
64598,1
64600,1
64602,1
64608,1
64614,1
64616,1
64628,1
64629,1
64632,0
64635,1
64647,1
64648,1
64649,0
64659,1
64661,0
64664,2
64665,1
64666,1
64680,1
64684,0
64685,1
64686,0
64689,1
64694,1
64699,0
64703,1
64710,0
64711,0
64720,1
64721,1
64722,2
64730,0
64731,1
64734,0
64735,0
64742,1
64743,2
64750,0
64756,0
64757,0
64758,0
64759,1
64762,0
64763,1
64765,0
64775,0
64779,1
64782,0
64799,1
64803,1
64808,1
64816,1
64832,1
64834,1
64838,0
64844,1
64845,1
64851,1
64852,0
64857,1
64863,1
64867,0
64870,0
64883,0
64888,0
64889,0
64890,1
64899,1
64902,1
64906,1
64909,1
64913,1
64917,0
64922,1
64929,1
64930,1
64931,2
64935,0
64943,1
64952,0
64962,0
64966,1
64977,1
64984,1
64985,2
64989,2
64996,1
64998,2
64999,1
65000,1
65001,2
65004,1
65005,0
65012,0
65020,1
65021,0
65022,1
65023,0
65026,1
65029,0
65031,1
65036,1
65038,1
65040,1
65042,1
65046,1
65048,2
65055,0
65059,1
65062,0
65067,0
65088,1
65089,2
65091,1
65094,1
65097,0
65104,1
65113,1
65121,1
65127,2
65128,1
65142,0
65146,1
65147,0
65153,0
65156,0
65157,0
65158,1
65162,0
65167,0
65172,1
65174,1
65189,1
65191,0
65197,0
65209,0
65212,1
65215,0
65220,0
65223,1
65228,1
65229,1
65235,0
65237,0
65238,1
65240,0
65242,1
65244,2
65258,0
65259,1
65263,0
65270,0
65274,0
65283,1
65293,1
65310,0
65312,0
65314,1
65321,1
65322,1
65329,1
65330,0
65331,0
65354,1
65355,2
65360,0
65365,2
65395,0
65397,1
65399,1
65404,0
65407,1
65408,0
65414,2
65418,1
65423,1
65425,1
65431,0
65436,0
65439,0
65441,1
65445,1
65456,2
65462,2
65473,0
65480,2
65482,1
65488,0
65490,2
65503,0
65513,1
65514,0
65518,1
65520,2
65534,0
65539,1
65541,1
65547,1
65551,0
65552,0
65560,0
65564,1
65573,0
65574,1
65581,1
65583,0
65584,0
65590,2
65597,0
65607,1
65613,2
65616,0
65626,0
65628,0
65631,2
65634,0
65645,1
65647,0
65658,0
65661,0
65666,2
65667,1
65675,0
65676,1
65679,0
65688,0
65689,1
65691,1
65697,2
65703,1
65704,1
65707,1
65709,2
65710,0
65715,1
65720,1
65725,1
65730,1
65733,1
65741,1
65742,1
65748,1
65755,1
65768,0
65770,1
65774,1
65777,1
65786,0
65788,0
65789,0
65791,1
65792,2
65809,0
65811,1
65818,1
65820,0
65832,1
65834,2
65853,1
65854,0
65855,1
65860,1
65861,0
65863,0
65870,1
65875,0
65876,1
65886,1
65890,0
65892,1
65895,0
65899,1
65904,1
65908,0
65911,1
65913,0
65919,1
65922,1
65925,0
65926,0
65931,1
65934,1
65942,1
65947,1
65949,1
65951,0
65952,0
65953,1
65960,1
65962,0
65964,0
65972,1
65975,1
65976,0
65979,1
65982,0
65996,0
65998,2
66003,0
66005,0
66008,0
66011,2
66013,1
66015,0
66019,1
66020,1
66022,1
66023,0
66042,2
66066,1
66070,1
66080,1
66083,2
66084,0
66085,0
66091,0
66092,0
66100,1
66103,0
66108,1
66110,0
66111,1
66112,0
66118,1
66123,1
66124,0
66125,1
66126,1
66127,1
66129,1
66138,0
66141,1
66158,1
66167,0
66170,2
66173,1
66186,1
66187,1
66198,1
66201,1
66203,1
66204,1
66206,1
66229,2
66235,2
66239,1
66242,2
66243,1
66248,1
66249,1
66257,1
66260,1
66262,1
66273,1
66286,2
66287,1
66295,0
66301,1
66311,0
66312,2
66314,0
66318,0
66320,0
66321,1
66324,1
66325,0
66326,0
66328,1
66329,2
66333,0
66346,0
66352,2
66356,2
66360,0
66384,2
66390,1
66401,0
66405,1
66406,1
66411,1
66414,1
66415,1
66418,1
66421,0
66424,1
66430,1
66432,0
66437,0
66439,0
66440,0
66441,0
66442,2
66445,1
66450,0
66453,0
66456,1
66476,0
66478,1
66481,1
66493,1
66494,1
66505,2
66506,1
66509,0
66510,1
66513,0
66516,1
66518,1
66524,1
66533,1
66540,0
66542,0
66545,1
66548,1
66556,1
66557,1
66559,0
66565,0
66571,1
66575,1
66584,1
66586,1
66600,0
66614,0
66618,2
66626,1
66629,0
66633,0
66638,0
66649,2
66651,0
66652,1
66653,0
66656,0
66661,0
66665,1
66679,1
66681,2
66688,0
66690,1
66694,0
66696,0
66698,0
66700,1
66708,0
66724,0
66733,2
66735,0
66738,2
66745,0
66753,1
66756,0
66759,2
66761,1
66764,0
66767,0
66781,1
66782,0
66786,0
66802,0
66804,1
66806,0
66817,2
66824,0
66830,1
66831,0
66832,0
66844,2
66847,2
66848,1
66849,1
66851,0
66866,1
66874,1
66878,0
66882,2
66887,1
66890,0
66891,1
66896,1
66898,1
66906,0
66915,1
66916,1
66923,0
66925,2
66926,0
66927,1
66928,1
66930,0
66931,0
66936,0
66939,0
66940,1
66942,0
66943,0
66948,0
66953,0
66956,0
66960,0
66966,1
66969,0
66982,1
66993,0
66994,1
66995,0
66998,0
67001,1
67002,2
67010,0
67018,0
67025,0
67028,1
67035,1
67037,1
67041,1
67045,0
67048,0
67054,1
67057,0
67058,1
67067,0
67091,1
67092,1
67093,0
67094,1
67103,0
67105,1
67106,1
67112,1
67120,1
67121,2
67124,2
67127,0
67129,1
67132,1
67134,3
67137,2
67142,0
67149,1
67159,0
67167,1
67168,2
67172,1
67175,0
67178,0
67182,1
67186,0
67187,2
67188,1
67192,1
67198,0
67199,0
67207,1
67209,1
67220,1
67222,0
67225,0
67226,0
67232,1
67239,0
67242,1
67243,1
67246,0
67254,0
67260,0
67265,1
67276,1
67284,0
67302,1
67303,0
67305,1
67306,0
67312,0
67314,0
67320,1
67324,1
67325,0
67338,1
67340,0
67345,0
67346,1
67347,2
67348,0
67349,0
67352,0
67356,0
67357,1
67377,0
67383,1
67386,0
67388,1
67390,1
67395,1
67398,0
67403,1
67407,0
67412,1
67419,1
67429,2
67432,0
67436,1
67437,1
67441,0
67443,1
67449,0
67454,1
67460,1
67466,0
67470,0
67471,1
67474,1
67478,0
67480,1
67487,0
67496,1
67497,1
67508,0
67516,0
67519,1
67522,0
67523,1
67524,1
67548,1
67550,1
67551,1
67556,1
67557,1
67560,0
67565,1
67566,0
67569,0
67580,1
67584,2
67588,1
67589,1
67590,1
67602,1
67605,1
67610,1
67613,0
67616,1
67617,1
67619,1
67632,0
67635,1
67636,1
67641,0
67642,2
67658,1
67660,0
67664,0
67669,0
67683,0
67685,0
67687,0
67690,1
67699,2
67705,1
67710,0
67715,1
67720,1
67722,0
67724,0
67755,0
67758,1
67760,0
67761,1
67772,1
67777,1
67779,2
67782,1
67783,1
67792,1
67799,0
67805,1
67809,0
67812,1
67813,1
67821,0
67822,0
67832,1
67837,1
67848,2
67850,2
67851,1
67852,1
67862,1
67864,1
67870,1
67872,1
67881,1
67888,0
67889,0
67899,0
67904,0
67911,0
67914,0
67915,1
67925,0
67927,0
67928,0
67935,2
67937,2
67939,1
67941,0
67944,1
67947,1
67948,0
67956,0
67962,1
67965,1
67967,0
67968,0
67975,1
67980,1
67993,2
67994,0
68001,1
68026,0
68027,2
68030,1
68036,0
68040,1
68049,0
68050,0
68055,0
68076,1
68080,0
68081,0
68083,1
68090,1
68091,1
68097,1
68098,0
68100,1
68101,0
68103,1
68106,0
68107,0
68119,0
68120,1
68124,1
68126,0
68127,1
68133,1
68137,0
68145,0
68151,1
68158,1
68164,0
68167,1
68168,1
68170,1
68179,0
68188,0
68189,1
68194,1
68205,1
68209,1
68210,1
68212,0
68213,0
68218,0
68223,1
68227,0
68230,0
68241,0
68250,1
68255,1
68258,2
68268,1
68271,1
68273,1
68274,1
68275,1
68277,1
68282,2
68283,0
68287,1
68290,0
68295,1
68305,0
68306,1
68313,0
68314,2
68334,1
68335,1
68345,1
68347,0
68348,1
68361,1
68369,2
68375,1
68376,2
68385,2
68400,1
68407,1
68413,0
68417,1
68423,2
68431,1
68432,1
68433,1
68436,1
68440,0
68441,0
68444,1
68455,1
68457,2
68458,0
68473,1
68474,0
68476,1
68481,2
68486,0
68489,1
68492,0
68503,1
68514,2
68515,0
68531,0
68535,2
68536,0
68538,0
68540,1
68547,0
68560,2
68563,0
68564,0
68566,1
68581,1
68582,1
68589,1
68593,0
68600,0
68601,2
68607,0
68628,1
68633,1
68635,0
68641,0
68646,0
68647,1
68656,2
68662,1
68668,0
68675,1
68678,1
68683,2
68684,0
68688,0
68695,2
68696,1
68704,0
68711,0
68712,1
68715,1
68719,0
68720,1
68726,2
68730,2
68733,1
68746,0
68747,1
68748,0
68755,2
68760,1
68763,0
68772,0
68778,0
68779,1
68780,1
68781,0
68784,0
68786,2
68793,1
68796,0
68797,0
68799,1
68801,0
68802,1
68816,1
68819,0
68826,0
68830,0
68831,2
68838,1
68843,1
68855,1
68864,0
68867,1
68871,1
68896,1
68898,0
68899,0
68903,1
68909,1
68914,1
68929,0
68932,0
68935,0
68936,1
68945,2
68947,1
68949,1
68951,1
68954,1
68963,1
68966,1
68968,1
68976,0
68986,0
68990,1
68993,0
68994,2
68997,0
69004,1
69009,0
69014,1
69018,0
69023,0
69030,0
69041,1
69044,1
69046,1
69049,0
69050,2
69055,0
69056,0
69072,0
69073,0
69080,1
69084,1
69085,0
69088,1
69089,0
69094,1
69100,0
69109,0
69114,0
69115,0
69118,0
69120,0
69129,1
69131,0
69132,0
69133,1
69134,0
69144,0
69149,1
69150,2
69151,0
69153,0
69177,0
69181,1
69182,0
69186,0
69188,1
69206,0
69210,1
69213,2
69217,2
69219,0
69222,0
69236,1
69241,0
69243,0
69247,1
69251,0
69253,1
69256,0
69257,1
69272,2
69275,0
69277,2
69279,1
69283,1
69285,1
69297,0
69308,0
69310,2
69311,1
69313,1
69314,1
69318,0
69321,1
69322,0
69327,0
69336,0
69340,1
69343,0
69345,0
69348,1
69357,1
69365,1
69367,1
69376,1
69382,1
69383,0
69387,1
69389,1
69393,0
69398,0
69400,2
69403,1
69405,1
69406,1
69408,0
69409,0
69414,1
69423,1
69429,0
69436,0
69437,1
69447,2
69458,1
69466,0
69468,1
69476,1
69479,0
69487,0
69490,2
69491,0
69494,1
69504,0
69509,1
69512,0
69519,0
69520,0
69531,1
69532,0
69551,0
69579,1
69581,1
69587,0
69605,0
69616,1
69621,0
69627,0
69628,0
69631,0
69647,2
69650,1
69651,0
69664,0
69668,0
69672,0
69693,1
69694,0
69704,1
69709,0
69717,1
69728,0
69729,0
69733,0
69737,1
69741,0
69747,1
69748,0
69750,2
69754,1
69755,2
69760,1
69764,1
69766,1
69767,0
69778,0
69779,1
69780,1
69785,0
69788,1
69789,0
69793,0
69795,1
69798,1
69803,1
69815,1
69816,1
69818,0
69820,1
69823,0
69827,0
69831,1
69832,1
69837,1
69843,1
69847,1
69849,0
69851,0
69854,0
69861,0
69867,0
69872,0
69874,1
69875,1
69877,1
69880,0
69891,1
69899,0
69900,0
69910,1
69913,1
69929,0
69937,0
69950,0
69953,0
69963,0
69979,0
69983,0
69984,0
69985,0
69988,2
70001,1
70002,0
70005,1
70007,1
70017,1
70018,1
70022,1
70025,0
70027,1
70028,1
70034,0
70043,2
70045,0
70047,0
70049,1
70051,0
70055,1
70057,1
70058,0
70064,1
70065,1
70073,1
70082,1
70084,1
70086,0
70092,1
70094,0
70095,2
70100,0
70109,2
70112,0
70113,0
70116,2
70118,1
70122,0
70129,0
70130,0
70132,0
70134,1
70141,0
70145,1
70146,1
70154,1
70155,1
70158,1
70164,1
70165,0
70174,0
70196,0
70197,1
70199,1
70201,0
70208,0
70220,1
70223,0
70232,0
70245,1
70248,1
70252,0
70271,1
70277,1
70279,1
70280,1
70281,1
70305,1
70306,0
70309,0
70311,1
70320,0
70327,0
70336,0
70347,2
70349,0
70352,0
70355,0
70360,1
70366,0
70371,1
70373,0
70378,0
70386,1
70388,1
70390,2
70391,0
70392,0
70393,2
70395,2
70397,0
70405,0
70419,0
70425,0
70432,1
70438,0
70439,2
70466,1
70474,0
70475,0
70477,1
70488,1
70495,1
70501,0
70504,1
70522,0
70528,1
70530,1
70540,1
70551,0
70557,1
70558,0
70562,1
70573,1
70577,2
70588,0
70592,0
70596,1
70597,1
70600,2
70608,0
70613,1
70619,2
70620,1
70621,1
70628,1
70629,1
70636,1
70641,0
70649,1
70650,1
70656,0
70661,1
70663,0
70665,0
70670,0
70680,1
70681,1
70685,1
70692,1
70701,1
70702,0
70705,0
70709,0
70713,0
70714,0
70715,1
70719,1
70720,1
70736,0
70737,0
70750,2
70759,2
70766,0
70771,1
70772,1
70776,1
70787,0
70788,1
70791,1
70794,1
70800,1
70802,2
70803,1
70811,0
70818,0
70819,1
70825,1
70826,1
70834,1
70841,0
70843,0
70847,0
70849,1
70852,0
70860,0
70866,1
70869,0
70870,0
70872,1
70873,0
70880,0
70882,2
70888,1
70900,1
70903,1
70904,1
70905,1
70908,1
70910,1
70911,1
70913,0
70916,1
70917,1
70928,1
70930,1
70931,0
70937,1
70941,0
70945,1
70948,1
70949,0
70950,1
70959,1
70960,2
70980,2
70983,1
70990,0
71007,0
71028,2
71045,1
71050,0
71051,1
71052,0
71058,1
71060,1
71064,1
71066,1
71068,1
71071,0
71073,1
71077,0
71078,0
71079,0
71094,2
71101,2
71103,1
71109,1
71112,0
71117,0
71132,0
71135,1
71136,0
71144,1
71151,0
71152,0
71154,0
71155,0
71165,0
71167,0
71190,1
71200,2
71202,1
71204,1
71214,1
71219,1
71222,1
71224,1
71226,1
71228,2
71230,2
71234,2
71243,1
71250,0
71251,1
71255,2
71256,1
71265,1
71268,0
71273,2
71275,1
71282,1
71284,2
71288,1
71293,2
71299,0
71303,1
71304,0
71305,1
71319,1
71323,0
71324,0
71326,1
71328,0
71329,1
71334,0
71335,1
71342,1
71343,1
71360,0
71361,0
71363,0
71365,1
71366,2
71371,1
71374,1
71387,1
71391,1
71392,1
71399,0
71406,1
71410,2
71416,1
71422,2
71431,1
71435,1
71441,0
71448,1
71451,1
71457,1
71458,1
71459,0
71460,0
71466,0
71467,1
71468,2
71471,1
71476,0
71477,2
71480,2
71490,1
71497,1
71499,0
71504,0
71506,2
71514,0
71535,1
71539,1
71542,0
71543,0
71544,0
71562,2
71586,0
71587,0
71591,2
71603,1
71607,1
71608,1
71616,0
71618,1
71621,0
71624,1
71630,2
71631,1
71635,0
71638,2
71649,0
71652,0
71659,1
71666,1
71669,1
71670,0
71672,0
71675,1
71679,1
71681,0
71682,1
71686,0
71688,0
71691,1
71696,0
71702,0
71703,0
71705,1
71706,1
71717,2
71718,1
71724,0
71727,1
71728,1
71734,1
71736,1
71743,0
71744,2
71748,1
71751,0
71757,1
71760,1
71781,0
71783,0
71790,1
71800,1
71802,1
71811,1
71813,1
71820,1
71823,1
71828,0
71832,0
71838,1
71842,0
71846,1
71863,1
71868,1
71876,1
71877,0
71879,0
71881,0
71882,1
71884,0
71887,0
71892,0
71897,0
71898,0
71899,0
71900,0
71911,1
71912,0
71913,0
71915,1
71928,1
71932,0
71948,0
71950,1
71957,2
71958,1
71962,1
71970,1
71971,1
71973,0
71991,1
71993,0
72013,0
72017,0
72022,1
72027,1
72032,1
72033,1
72042,0
72043,1
72046,2
72051,1
72055,0
72066,1
72068,0
72076,1
72085,1
72087,0
72091,0
72096,0
72105,0
72106,2
72112,1
72121,1
72123,0
72128,0
72137,0
72138,0
72144,0
72153,1
72159,1
72160,1
72165,0
72167,1
72169,2
72172,1
72173,0
72178,2
72180,0
72183,1
72184,0
72187,1
72189,1
72199,1
72201,2
72202,1
72203,1
72205,1
72212,0
72221,1
72229,0
72237,0
72239,0
72242,0
72247,1
72251,1
72264,1
72273,2
72275,0
72279,0
72283,1
72291,1
72300,0
72310,0
72311,0
72317,0
72319,0
72323,1
72325,1
72338,2
72345,0
72348,1
72351,1
72356,1
72358,1
72360,1
72361,1
72368,0
72371,0
72374,2
72375,1
72377,0
72378,1
72380,1
72383,1
72385,0
72388,1
72392,1
72393,0
72395,1
72399,2
72400,0
72404,1
72405,1
72407,1
72408,2
72415,0
72429,2
72435,0
72436,0
72437,1
72441,1
72445,0
72447,0
72448,0
72451,2
72454,0
72455,1
72463,1
72471,0
72477,0
72481,1
72482,1
72484,0
72501,0
72511,1
72515,1
72517,0
72519,1
72522,1
72524,0
72532,0
72535,0
72546,2
72548,1
72556,2
72562,1
72568,0
72571,0
72577,0
72581,1
72583,0
72584,1
72588,2
72591,0
72593,1
72599,0
72601,0
72602,1
72609,0
72613,1
72618,1
72619,0
72624,1
72633,0
72635,1
72638,1
72639,1
72640,1
72641,1
72644,0
72646,0
72649,0
72653,0
72659,0
72665,1
72668,1
72682,0
72684,1
72686,1
72688,0
72690,1
72697,1
72701,1
72704,2
72711,0
72714,2
72716,0
72728,0
72729,1
72734,0
72736,0
72737,1
72738,1
72747,1
72749,2
72759,1
72763,1
72768,0
72773,0
72777,0
72778,0
72784,0
72794,0
72796,0
72801,0
72806,0
72816,1
72817,1
72818,1
72820,0
72823,1
72824,0
72829,0
72834,0
72835,1
72836,1
72837,0
72841,0
72857,0
72859,0
72865,1
72869,1
72873,0
72876,2
72879,1
72882,1
72884,0
72899,0
72901,1
72903,0
72904,0
72905,1
72908,0
72914,0
72922,0
72925,1
72927,2
72936,0
72942,1
72948,0
72951,0
72953,0
72955,1
72958,2
72961,1
72965,0
72966,0
72971,1
72973,1
72982,0
72985,1
73001,0
73003,0
73015,0
73017,0
73018,0
73021,0
73030,0
73041,1
73042,0
73046,0
73048,0
73060,0
73066,0
73080,1
73085,0
73086,0
73092,2
73101,1
73104,1
73105,1
73110,1
73112,1
73116,2
73125,0
73130,0
73141,0
73142,0
73150,0
73162,0
73173,0
73186,1
73193,1
73200,0
73205,0
73210,1
73217,2
73218,0
73220,1
73229,0
73230,0
73233,1
73240,1
73246,1
73253,0
73254,0
73259,1
73260,1
73262,2
73271,0
73274,1
73279,0
73282,1
73284,1
73289,1
73295,1
73296,0
73299,1
73303,1
73304,0
73305,1
73306,1
73320,0
73321,1
73325,1
73335,0
73340,0
73342,1
73344,0
73352,0
73357,1
73358,1
73360,1
73364,1
73370,1
73373,0
73374,0
73375,0
73376,0
73380,1
73383,0
73392,0
73397,0
73401,2
73402,0
73408,0
73409,1
73411,0
73414,0
73415,0
73427,1
73428,0
73436,0
73442,1
73445,0
73450,0
73454,1
73459,1
73460,0
73465,0
73467,1
73468,0
73471,0
73486,1
73487,2
73503,0
73505,2
73509,2
73510,1
73515,1
73516,1
73524,1
73537,1
73543,1
73544,1
73545,0
73546,1
73547,1
73549,1
73551,1
73556,1
73559,1
73560,1
73563,0
73565,0
73566,1
73569,1
73572,0
73573,1
73574,1
73581,1
73586,1
73594,0
73599,1
73602,0
73604,0
73607,0
73608,1
73609,0
73612,1
73627,1
73629,0
73632,0
73636,2
73662,0
73666,2
73667,1
73668,1
73672,0
73673,0
73681,0
73687,0
73689,0
73692,2
73693,1
73696,0
73710,1
73733,0
73740,1
73751,1
73753,0
73755,0
73756,2
73759,1
73778,0
73780,1
73781,1
73782,2
73784,0
73791,1
73805,0
73808,1
73811,0
73816,1
73827,1
73849,1
73855,0
73857,0
73859,1
73860,1
73867,1
73874,1
73875,1
73877,0
73881,0
73884,0
73889,1
73890,1
73892,1
73898,0
73906,1
73907,1
73914,0
73917,0
73919,0
73926,0
73936,1
73938,0
73940,0
73953,0
73954,1
73955,1
73960,1
73970,1
73974,0
73975,0
73981,0
73983,1
73993,1
73996,2
73997,1
73999,0
74013,0
74018,1
74020,1
74037,0
74042,1
74051,0
74052,0
74058,1
74059,0
74068,2
74069,1
74070,1
74075,1
74083,1
74087,0
74104,1
74106,0
74115,1
74127,0
74131,0
74138,0
74143,1
74158,1
74159,1
74162,1
74172,0
74173,0
74190,0
74193,0
74200,0
74204,0
74211,1
74212,1
74218,1
74226,1
74230,0
74232,0
74233,1
74242,2
74243,1
74245,1
74249,0
74253,0
74260,1
74265,1
74266,1
74268,1
74274,0
74283,0
74285,1
74292,1
74299,2
74303,1
74305,0
74309,0
74312,1
74314,1
74331,0
74332,0
74335,0
74336,1
74338,0
74339,1
74345,1
74352,2
74366,1
74375,1
74377,1
74378,1
74381,1
74383,0
74390,0
74391,0
74392,0
74395,0
74400,1
74402,1
74418,0
74430,1
74436,1
74444,0
74451,0
74461,1
74462,0
74480,2
74490,1
74493,0
74500,0
74502,2
74505,1
74507,0
74508,0
74514,2
74522,1
74525,0
74538,1
74541,0
74543,0
74550,1
74561,1
74562,0
74564,1
74578,0
74584,1
74586,1
74590,0
74598,0
74601,0
74603,1
74605,1
74608,1
74614,1
74616,1
74619,1
74624,0
74626,0
74636,1
74644,0
74648,0
74649,0
74681,0
74683,1
74684,1
74687,1
74688,1
74694,2
74698,1
74700,2
74704,2
74706,1
74707,1
74710,0
74723,1
74729,0
74730,0
74739,0
74757,1
74763,1
74775,1
74776,1
74779,0
74785,0
74805,0
74807,0
74812,0
74815,1
74817,2
74819,1
74832,1
74844,0
74845,0
74853,1
74857,0
74865,1
74866,0
74869,0
74870,2
74877,0
74885,1
74907,0
74918,1
74920,0
74921,0
74924,1
74931,1
74933,0
74935,1
74937,0
74939,0
74943,1
74964,0
74966,0
74967,0
74969,1
74981,1
74983,2
74984,0
74988,0
74991,1
74992,0
74999,1
75006,1
75010,1
75014,1
75015,1
75021,0
75024,1
75025,2
75026,0
75031,2
75033,2
75040,2
75044,2
75050,1
75059,0
75070,0
75072,0
75076,1
75077,0
75081,0
75086,1
75089,1
75091,0
75092,1
75107,1
75115,2
75128,1
75132,0
75134,1
75140,0
75143,1
75145,0
75160,1
75162,1
75165,0
75168,0
75170,0
75171,0
75172,0
75174,0
75177,0
75181,2
75184,2
75188,0
75190,1
75192,1
75199,1
75200,1
75204,0
75205,1
75206,1
75216,0
75222,0
75223,2
75224,1
75225,1
75226,0
75227,1
75235,0
75238,1
75239,1
75242,0
75244,1
75246,0
75253,1
75260,1
75261,0
75262,0
75267,1
75271,0
75275,1
75286,1
75288,2
75290,0
75297,1
75301,0
75303,0
75308,0
75319,0
75320,0
75329,1
75332,1
75334,0
75335,0
75340,1
75341,1
75346,0
75348,1
75354,1
75362,1
75364,0
75371,0
75374,1
75375,0
75377,0
75382,1
75388,0
75393,1
75395,0
75401,1
75405,1
75406,1
75410,1
75412,0
75416,1
75419,1
75420,1
75421,0
75423,0
75426,1
75437,2
75441,2
75442,0
75448,0
75458,0
75459,0
75462,1
75464,1
75467,0
75469,1
75474,0
75475,0
75479,0
75480,1
75482,1
75484,1
75489,1
75496,0
75499,2
75500,0
75502,1
75506,0
75518,1
75522,0
75533,0
75538,1
75545,2
75546,0
75548,1
75557,0
75564,0
75566,1
75568,1
75574,2
75577,1
75583,1
75592,0
75593,0
75594,1
75601,1
75613,1
75614,2
75616,1
75617,0
75620,1
75624,2
75637,1
75644,0
75647,0
75662,1
75667,2
75671,1
75678,0
75685,2
75689,1
75694,1
75715,1
75719,1
75721,1
75725,1
75734,1
75736,0
75738,0
75744,1
75745,1
75749,1
75755,1
75757,0
75761,0
75765,2
75768,0
75773,0
75776,2
75784,0
75786,0
75787,0
75788,0
75792,1
75798,0
75799,0
75812,1
75828,1
75829,0
75831,1
75851,0
75856,0
75862,2
75863,1
75865,0
75871,0
75873,1
75875,1
75892,0
75894,2
75896,1
75898,1
75900,2
75906,0
75908,1
75915,1
75920,0
75927,1
75939,1
75940,1
75950,0
75951,0
75957,1
75960,1
75962,2
75972,0
75976,1
75990,2
76005,0
76007,1
76010,1
76020,1
76029,0
76030,1
76032,0
76035,1
76038,1
76039,1
76041,1
76044,0
76057,1
76063,1
76064,0
76066,1
76068,2
76070,2
76083,1
76087,0
76088,1
76090,1
76093,0
76094,1
76096,0
76098,0
76099,0
76108,2
76111,2
76116,0
76117,0
76121,1
76128,0
76139,1
76143,1
76147,1
76150,0
76155,1
76159,1
76160,0
76162,0
76165,0
76190,2
76195,1
76206,1
76207,1
76210,0
76221,2
76226,0
76236,0
76242,0
76247,1
76256,1
76257,1
76258,2
76263,1
76264,0
76271,1
76273,1
76277,1
76278,1
76283,0
76284,2
76287,0
76296,0
76297,0
76302,1
76304,1
76314,0
76317,1
76319,2
76324,1
76328,0
76330,1
76341,1
76349,0
76352,0
76353,1
76363,0
76364,0
76373,0
76378,0
76383,0
76387,1
76400,1
76406,1
76412,0
76415,1
76416,0
76423,1
76428,0
76429,0
76431,1
76433,2
76434,1
76445,0
76448,0
76450,1
76453,0
76456,1
76457,1
76458,0
76466,1
76468,0
76470,0
76477,1
76480,1
76482,1
76500,1
76501,0
76503,2
76509,1
76511,0
76519,1
76528,1
76538,0
76542,2
76545,1
76551,0
76562,0
76571,1
76578,1
76579,1
76600,0
76601,0
76608,0
76611,0
76618,2
76621,0
76626,1
76630,1
76631,0
76633,0
76638,1
76640,0
76651,1
76652,1
76668,0
76669,1
76670,0
76671,0
76672,2
76678,0
76679,1
76685,0
76691,1
76692,0
76695,0
76709,1
76712,0
76713,1
76721,1
76723,0
76731,0
76745,0
76750,1
76757,1
76772,2
76780,0
76782,1
76787,1
76800,1
76803,1
76823,1
76825,1
76832,0
76844,0
76847,1
76848,2
76852,2
76866,1
76869,1
76870,0
76873,1
76884,1
76887,1
76891,1
76893,1
76894,2
76898,1
76899,1
76911,1
76919,0
76924,1
76927,2
76930,0
76943,2
76944,2
76948,0
76958,0
76960,0
76971,0
76972,2
76975,0
76976,0
76992,0
76993,0
77003,0
77009,0
77010,1
77016,1
77020,0
77023,0
77025,1
77029,0
77035,0
77036,0
77037,1
77038,1
77039,1
77045,0
77046,1
77049,1
77053,0
77058,0
77063,1
77068,1
77069,1
77074,1
77078,0
77080,2
77086,0
77093,1
77100,2
77104,1
77108,0
77112,1
77113,0
77115,1
77120,3
77121,1
77123,1
77124,1
77133,1
77136,0
77147,2
77154,1
77155,1
77168,0
77169,1
77175,2
77177,2
77181,0
77184,2
77192,1
77193,0
77202,1
77203,0
77217,1
77219,1
77223,0
77233,0
77234,0
77238,0
77242,2
77251,0
77252,1
77257,1
77261,1
77263,0
77267,1
77268,1
77282,0
77289,1
77299,1
77304,1
77306,0
77314,1
77315,0
77324,0
77331,1
77334,0
77349,1
77356,0
77363,0
77368,1
77379,1
77385,1
77388,0
77394,0
77397,0
77400,0
77402,0
77415,1
77416,1
77417,2
77425,0
77439,0
77440,0
77442,0
77444,0
77446,1
77450,0
77458,1
77462,1
77466,0
77468,2
77471,1
77479,2
77492,0
77493,2
77497,0
77504,0
77505,1
77508,0
77521,0
77525,1
77526,0
77530,0
77532,0
77535,0
77538,0
77539,1
77540,1
77543,1
77545,0
77548,1
77559,0
77560,1
77573,1
77577,1
77578,1
77580,2
77600,0
77601,0
77602,0
77604,0
77605,1
77606,0
77619,1
77621,1
77625,0
77627,1
77632,0
77635,0
77640,0
77641,0
77647,1
77655,1
77662,2
77666,1
77675,1
77682,0
77685,1
77691,0
77694,0
77696,1
77707,1
77715,1
77720,1
77721,1
77728,0
77732,0
77739,0
77745,2
77757,0
77760,1
77762,1
77764,2
77771,1
77783,1
77795,1
77797,0
77801,1
77806,1
77811,1
77812,1
77814,0
77815,1
77820,1
77824,2
77827,1
77837,0
77839,0
77840,2
77844,1
77851,0
77853,1
77854,1
77856,1
77858,1
77868,0
77876,0
77882,1
77891,0
77894,0
77896,1
77904,2
77908,0
77912,0
77914,1
77916,0
77927,2
77929,1
77943,2
77945,1
77946,0
77950,0
77955,0
77957,0
77961,0
77964,0
77991,0
78005,1
78006,1
78008,1
78009,1
78012,0
78020,0
78024,1
78027,0
78031,2
78036,1
78038,1
78041,1
78047,1
78048,1
78049,1
78057,0
78069,0
78071,0
78079,0
78081,0
78082,1
78083,1
78087,1
78089,1
78092,1
78096,1
78111,1
78114,1
78115,1
78116,0
78118,0
78119,1
78125,1
78133,1
78134,1
78135,0
78136,1
78139,1
78148,2
78156,1
78160,1
78163,1
78166,2
78167,1
78168,0
78172,1
78177,0
78180,0
78184,1
78188,1
78190,0
78193,2
78196,0
78199,1
78200,1
78206,0
78207,1
78209,0
78212,0
78213,1
78218,0
78223,1
78227,1
78231,1
78232,0
78234,1
78235,0
78236,0
78239,0
78241,0
78247,1
78248,1
78253,1
78257,2
78260,2
78277,0
78278,1
78280,0
78284,0
78288,2
78290,1
78293,0
78303,2
78308,2
78315,2
78334,1
78336,2
78344,1
78355,1
78369,0
78370,0
78371,1
78373,1
78376,1
78378,0
78387,1
78390,0
78398,1
78404,0
78408,1
78410,0
78413,0
78414,0
78418,0
78434,1
78435,0
78436,1
78443,1
78444,0
78458,0
78466,2
78467,1
78471,0
78477,0
78478,1
78487,1
78489,0
78490,1
78493,1
78504,1
78508,0
78511,2
78514,2
78516,1
78520,1
78541,1
78547,0
78552,2
78558,1
78566,1
78568,1
78569,0
78570,1
78571,1
78577,0
78591,1
78593,0
78598,0
78601,0
78604,2
78605,0
78616,1
78622,0
78627,0
78636,0
78637,0
78644,1
78646,2
78651,1
78653,0
78670,1
78673,1
78675,1
78679,0
78680,0
78684,1
78694,1
78696,0
78705,0
78706,0
78716,1
78718,1
78724,0
78728,1
78730,0
78742,1
78755,1
78757,0
78779,1
78784,2
78785,1
78793,1
78794,0
78795,1
78801,1
78802,1
78810,1
78819,1
78830,1
78837,0
78838,1
78844,0
78850,1
78851,0
78856,1
78858,0
78860,0
78864,1
78866,0
78881,2
78885,0
78886,1
78896,2
78902,0
78907,2
78909,0
78913,0
78917,1
78923,2
78925,0
78926,1
78927,1
78934,0
78938,1
78940,1
78944,2
78946,1
78953,1
78959,1
78966,2
78967,1
78975,1
78978,0
78983,1
78993,0
78997,0
79002,1
79005,1
79015,0
79016,0
79017,1
79019,1
79021,0
79023,0
79031,0
79032,0
79034,0
79040,1
79047,1
79048,1
79056,1
79062,2
79066,0
79068,0
79071,1
79072,2
79073,0
79075,0
79085,0
79087,1
79092,0
79093,1
79094,1
79097,1
79102,0
79114,0
79128,2
79133,0
79140,2
79146,0
79149,0
79150,0
79151,1
79153,2
79161,0
79162,0
79166,2
79169,1
79171,0
79177,2
79179,1
79182,1
79186,1
79188,0
79199,0
79210,0
79211,1
79214,1
79218,1
79223,0
79239,1
79246,0
79247,0
79254,2
79256,1
79269,1
79273,1
79283,0
79287,1
79292,1
79298,0
79299,1
79300,1
79302,1
79304,0
79321,0
79347,0
79350,0
79351,0
79352,0
79353,1
79354,2
79358,0
79368,1
79376,0
79390,1
79393,0
79395,0
79406,0
79409,1
79413,1
79416,1
79423,1
79455,0
79469,1
79479,0
79480,1
79486,0
79489,0
79491,0
79495,1
79498,0
79499,0
79505,1
79507,2
79513,1
79515,2
79516,0
79523,1
79534,1
79540,1
79542,1
79545,1
79547,2
79549,0
79558,1
79563,1
79569,1
79575,0
79579,0
79582,2
79585,0
79586,0
79591,0
79592,0
79599,1
79601,0
79606,2
79608,1
79616,0
79622,0
79630,0
79637,0
79655,0
79656,1
79669,0
79678,0
79682,0
79686,0
79691,0
79692,0
79693,1
79699,1
79706,0
79712,1
79713,1
79724,1
79727,0
79731,0
79741,0
79744,2
79751,1
79752,0
79755,2
79759,1
79770,0
79771,1
79780,0
79782,0
79783,0
79792,0
79801,1
79802,0
79805,0
79806,0
79809,1
79816,0
79817,1
79825,2
79826,2
79827,0
79829,0
79832,0
79837,1
79840,1
79848,0
79856,1
79865,0
79879,1
79883,0
79896,0
79897,0
79902,0
79908,0
79916,2
79926,1
79927,0
79934,0
79935,1
79936,1
79941,1
79944,0
79951,1
79960,1
79965,0
79973,1
79977,0
79979,1
79980,1
79981,0
79984,0
79994,2
79999,1
80003,1
80009,0
80015,0
80018,1
80021,2
80023,0
80026,1
80034,1
80036,1
80038,0
80047,1
80051,0
80054,1
80067,1
80076,1
80077,1
80078,0
80082,0
80084,0
80089,1
80094,1
80098,0
80107,2
80113,0
80114,0
80118,0
80120,0
80144,1
80153,1
80158,1
80162,0
80167,1
80168,0
80171,1
80173,0
80181,2
80186,0
80192,0
80200,1
80227,0
80229,1
80230,0
80233,1
80245,0
80246,1
80253,1
80262,1
80268,1
80270,0
80275,1
80290,1
80303,2
80313,0
80320,1
80325,1
80334,1
80336,0
80347,1
80349,2
80351,1
80359,0
80374,0
80377,0
80397,1
80403,2
80404,2
80419,0
80420,1
80423,2
80427,0
80428,2
80431,0
80435,1
80442,1
80443,0
80450,0
80455,0
80460,0
80474,1
80475,0
80486,0
80496,0
80500,1
80512,0
80513,2
80517,1
80522,1
80526,0
80529,1
80531,1
80536,1
80546,1
80550,1
80559,1
80560,1
80563,1
80566,0
80568,0
80571,2
80572,0
80579,1
80580,1
80584,1
80588,1
80589,0
80591,2
80597,1
80601,0
80604,0
80609,2
80618,1
80619,0
80622,0
80623,1
80634,0
80651,1
80655,1
80656,0
80660,2
80673,0
80676,0
80682,2
80688,1
80694,1
80697,1
80699,1
80702,1
80703,1
80710,0
80711,1
80715,0
80716,1
80719,1
80723,1
80724,1
80729,2
80733,1
80734,1
80742,1
80754,0
80760,2
80766,0
80768,1
80769,0
80770,1
80772,0
80776,2
80784,1
80789,1
80791,1
80792,0
80793,0
80794,0
80801,0
80803,0
80807,1
80815,0
80819,0
80826,0
80827,0
80829,1
80830,2
80837,1
80845,0
80850,1
80857,0
80861,0
80862,2
80863,0
80873,0
80876,0
80895,1
80903,2
80912,0
80913,1
80925,1
80932,2
80942,0
80945,1
80948,1
80953,0
80958,1
80964,1
80966,0
80969,0
80981,1
80984,2
80985,1
80987,0
80988,0
80990,1
80999,1
81002,0
81007,0
81013,1
81018,1
81024,2
81026,1
81035,0
81038,1
81040,0
81048,0
81056,0
81057,0
81064,1
81066,1
81067,0
81068,1
81072,1
81073,0
81075,0
81080,1
81082,1
81085,1
81091,1
81099,0
81104,1
81112,0
81120,0
81122,0
81126,1
81129,0
81131,0
81132,1
81137,0
81141,0
81148,0
81154,1
81162,0
81163,0
81166,1
81168,1
81171,1
81177,1
81185,1
81189,1
81190,2
81198,1
81203,1
81206,1
81207,1
81208,1
81213,0
81217,2
81226,1
81228,0
81238,1
81239,1
81242,0
81245,2
81254,2
81266,1
81284,1
81286,1
81297,1
81301,1
81312,0
81319,1
81324,1
81329,1
81331,1
81336,1
81346,0
81351,2
81353,1
81358,2
81365,1
81371,1
81372,1
81383,0
81395,1
81403,0
81404,1
81415,0
81419,0
81437,1
81445,1
81448,1
81449,1
81450,1
81451,0
81461,2
81463,0
81465,0
81466,0
81469,0
81474,1
81483,1
81488,1
81493,1
81495,1
81503,0
81505,1
81507,1
81513,0
81527,1
81534,1
81536,0
81540,1
81544,0
81547,0
81550,1
81551,1
81556,1
81558,0
81563,0
81566,0
81570,0
81582,2
81583,0
81594,1
81598,1
81608,1
81609,1
81623,1
81628,0
81633,1
81637,1
81639,0
81644,1
81648,0
81651,0
81655,0
81667,1
81670,0
81676,0
81680,1
81686,1
81689,0
81690,0
81696,1
81702,0
81706,1
81708,1
81717,1
81733,1
81734,1
81738,1
81745,1
81749,1
81752,2
81755,0
81760,0
81767,1
81770,0
81773,1
81775,2
81777,0
81787,1
81798,0
81805,1
81815,0
81821,1
81833,0
81834,2
81841,0
81852,2
81862,0
81865,1
81869,1
81873,1
81880,0
81881,1
81883,0
81890,0
81893,0
81898,0
81902,2
81913,1
81914,1
81918,2
81924,1
81928,0
81933,1
81936,2
81943,0
81946,1
81951,1
81954,0
81955,1
81958,1
81977,0
81987,1
81989,1
81991,0
81993,1
81996,0
81999,1
82004,1
82007,2
82014,0
82015,1
82017,1
82024,0
82029,0
82038,1
82041,0
82045,1
82046,1
82054,1
82057,1
82064,0
82076,0
82079,1
82091,1
82095,2
82098,1
82102,1
82108,1
82111,0
82112,2
82113,1
82116,0
82119,2
82128,1
82134,0
82146,0
82148,2
82149,2
82150,1
82155,1
82175,0
82183,2
82186,0
82196,1
82206,0
82210,0
82214,0
82218,0
82224,1
82229,1
82230,0
82231,1
82233,0
82244,1
82262,1
82264,0
82281,1
82282,1
82285,0
82289,1
82290,0
82291,1
82294,1
82308,1
82330,0
82342,0
82350,0
82353,0
82355,0
82357,0
82358,0
82366,1
82377,1
82379,0
82383,0
82387,0
82394,0
82397,1
82398,0
82410,0
82414,2
82421,1
82426,0
82430,1
82432,2
82434,0
82438,1
82442,0
82449,0
82458,1
82465,1
82476,0
82489,1
82490,0
82491,1
82494,0
82497,0
82498,0
82500,1
82508,1
82509,1
82513,0
82523,1
82531,0
82537,2
82543,0
82545,0
82555,1
82561,0
82563,1
82584,0
82591,1
82601,0
82611,2
82617,1
82618,0
82620,0
82626,1
82628,0
82634,0
82643,0
82645,0
82651,0
82655,0
82661,0
82673,1
82683,0
82689,0
82690,0
82691,0
82695,0
82699,1
82702,0
82710,1
82716,0
82719,0
82721,0
82724,1
82732,1
82734,1
82735,1
82740,1
82741,0
82742,1
82747,1
82753,1
82754,0
82756,1
82758,0
82767,1
82769,0
82773,0
82774,0
82777,0
82780,0
82781,0
82788,1
82797,0
82799,0
82801,1
82806,2
82808,1
82817,1
82819,1
82824,0
82830,1
82835,1
82838,2
82844,0
82846,1
82849,0
82852,1
82854,0
82860,1
82861,1
82863,0
82870,1
82874,1
82885,0
82895,1
82896,0
82897,1
82908,1
82911,0
82912,0
82923,1
82925,1
82940,0
82947,0
82950,1
82955,0
82957,1
82960,2
82961,0
82964,2
82974,0
82990,0
82994,0
82998,1
83004,1
83008,1
83019,1
83023,2
83025,0
83026,0
83034,0
83037,2
83038,0
83040,0
83042,1
83045,0
83049,2
83054,0
83063,0
83070,1
83072,0
83084,0
83090,0
83093,0
83094,1
83108,1
83115,2
83117,3
83127,0
83137,0
83146,1
83149,0
83152,0
83153,0
83158,0
83160,0
83165,1
83172,0
83174,0
83183,0
83190,0
83191,1
83194,0
83199,0
83202,1
83206,1
83210,1
83211,1
83213,1
83218,0
83227,1
83232,1
83233,2
83240,1
83256,0
83259,0
83262,0
83266,1
83280,0
83287,0
83300,0
83301,1
83304,0
83306,1
83309,0
83311,1
83317,0
83320,0
83324,1
83328,0
83329,0
83335,0
83342,1
83343,1
83350,0
83351,1
83352,1
83360,1
83364,1
83370,0
83372,1
83378,0
83380,2
83389,1
83391,0
83392,1
83397,1
83404,0
83405,0
83406,1
83408,1
83413,2
83417,1
83421,0
83425,0
83429,0
83430,0
83432,2
83437,1
83441,0
83453,1
83466,1
83478,0
83479,1
83480,1
83485,1
83492,0
83495,1
83501,1
83504,2
83505,0
83508,0
83510,0
83520,0
83523,0
83525,0
83526,0
83534,1
83537,1
83546,0
83562,1
83565,1
83568,1
83569,2
83594,0
83598,1
83599,1
83617,0
83623,1
83625,0
83638,1
83639,1
83641,1
83651,1
83653,1
83657,1
83666,2
83667,0
83672,1
83693,1
83699,1
83701,1
83702,0
83713,0
83726,0
83728,0
83738,0
83740,0
83741,0
83748,1
83749,0
83769,0
83777,1
83778,0
83789,2
83792,1
83793,1
83797,2
83798,1
83802,1
83818,1
83820,0
83822,2
83826,0
83828,1
83829,1
83832,2
83836,0
83838,1
83841,2
83842,1
83844,1
83851,0
83852,1
83855,2
83861,1
83863,0
83868,0
83878,2
83879,2
83882,0
83886,0
83905,1
83911,0
83912,0
83914,1
83918,0
83919,1
83932,1
83942,0
83954,0
83957,1
83962,0
83981,0
83982,1
83984,1
83985,1
83991,0
83997,1
84005,0
84014,1
84016,1
84020,0
84023,2
84030,0
84031,2
84046,0
84047,1
84050,1
84055,1
84064,0
84068,1
84085,1
84093,0
84094,1
84095,2
84098,2
84100,1
84106,0
84109,0
84112,1
84114,1
84116,0
84120,1
84127,2
84148,1
84150,1
84154,0
84156,0
84158,1
84166,1
84170,0
84173,0
84176,0
84179,1
84185,0
84187,0
84193,1
84194,0
84198,0
84201,0
84208,1
84211,1
84226,1
84243,1
84256,2
84257,1
84264,1
84265,1
84270,1
84271,1
84272,1
84273,2
84275,1
84278,0
84280,0
84285,1
84286,1
84298,1
84305,1
84315,0
84316,1
84317,0
84322,2
84324,0
84330,0
84335,1
84343,1
84344,1
84346,0
84357,0
84363,0
84367,1
84375,0
84378,1
84384,1
84385,1
84387,0
84388,1
84398,0
84402,0
84404,2
84421,1
84437,0
84438,0
84443,0
84445,1
84449,1
84456,2
84457,0
84459,1
84468,1
84477,1
84479,0
84481,1
84487,1
84489,1
84496,1
84500,1
84502,1
84504,1
84510,2
84529,1
84530,1
84544,0
84549,1
84558,0
84560,1
84564,0
84576,1
84577,0
84580,0
84584,1
84589,1
84591,1
84602,1
84611,0
84613,0
84614,1
84617,0
84620,0
84623,2
84625,1
84627,0
84634,2
84636,0
84639,0
84640,1
84645,0
84646,0
84651,0
84657,1
84658,0
84659,1
84668,0
84678,0
84679,0
84687,0
84689,2
84690,1
84691,0
84694,0
84697,0
84703,0
84704,1
84705,1
84708,0
84715,0
84720,0
84722,0
84735,0
84738,0
84739,1
84744,1
84754,0
84756,1
84766,1
84767,1
84776,0
84780,0
84796,0
84801,0
84809,0
84818,0
84819,0
84823,1
84845,0
84848,2
84852,0
84853,0
84855,1
84860,1
84862,1
84873,0
84878,1
84880,0
84890,0
84891,1
84893,0
84896,1
84897,0
84900,1
84905,2
84913,0
84922,1
84927,0
84929,0
84931,1
84945,1
84954,0
84955,0
84959,2
84961,1
84979,1
84985,1
84998,1
85002,1
85004,0
85009,1
85012,1
85016,1
85021,0
85031,1
85039,1
85042,1
85045,0
85047,0
85052,0
85060,1
85066,2
85068,1
85072,0
85081,0
85083,1
85088,1
85096,1
85101,1
85112,0
85115,0
85129,0
85135,0
85139,2
85144,0
85148,0
85171,1
85175,1
85182,1
85190,0
85197,1
85203,0
85204,0
85205,1
85215,1
85219,1
85228,1
85230,1
85232,1
85233,2
85243,0
85248,0
85256,0
85265,1
85269,1
85274,1
85279,1
85284,1
85287,0
85291,0
85296,1
85301,1
85302,0
85304,1
85306,0
85318,1
85319,1
85320,1
85321,1
85326,1
85332,1
85335,1
85338,0
85343,1
85348,1
85358,2
85360,1
85372,0
85377,1
85381,0
85383,1
85384,2
85393,1
85399,0
85400,1
85403,0
85408,0
85411,2
85417,1
85421,0
85425,0
85430,1
85439,1
85440,0
85443,1
85448,1
85450,0
85452,2
85459,1
85461,0
85471,2
85494,1
85506,0
85510,1
85519,1
85521,1
85536,0
85538,2
85544,2
85545,1
85547,1
85548,2
85553,2
85558,1
85559,1
85563,1
85578,1
85588,0
85593,2
85595,1
85599,2
85603,2
85606,0
85612,0
85614,1
85616,1
85619,0
85621,0
85623,0
85645,0
85646,1
85655,0
85659,0
85660,0
85661,1
85666,0
85670,0
85671,1
85702,1
85705,0
85706,1
85713,0
85723,1
85725,1
85726,0
85728,1
85733,0
85735,1
85741,0
85750,0
85752,0
85754,0
85758,0
85760,1
85761,0
85766,1
85769,0
85777,0
85778,0
85780,0
85787,1
85794,1
85803,1
85809,2
85810,2
85811,1
85812,1
85813,1
85819,2
85824,0
85831,0
85834,1
85836,2
85847,1
85849,0
85859,0
85860,0
85862,0
85863,1
85869,1
85870,1
85876,1
85884,1
85885,2
85889,1
85892,2
85894,1
85896,2
85904,1
85906,1
85909,0
85912,0
85920,1
85923,2
85931,2
85936,1
85938,0
85956,2
85959,1
85960,2
85961,0
85962,1
85972,1
85976,1
85978,0
85984,1
85985,1
85987,1
85991,0
85995,0
85998,2
86001,0
86008,0
86009,1
86010,1
86011,1
86020,0
86021,0
86027,0
86030,1
86042,1
86045,1
86048,1
86059,1
86066,0
86069,0
86071,1
86077,1
86078,0
86081,1
86083,1
86085,0
86086,1
86092,0
86097,0
86105,1
86110,0
86114,0
86115,0
86126,0
86127,2
86145,0
86149,1
86161,0
86171,1
86175,0
86180,1
86182,0
86184,1
86189,1
86196,1
86200,0
86206,0
86216,2
86229,2
86230,0
86236,1
86239,2
86242,1
86247,1
86249,0
86250,0
86255,1
86259,0
86265,1
86273,0
86287,0
86293,1
86297,0
86310,1
86312,0
86317,0
86332,0
86336,0
86340,1
86342,0
86359,0
86365,1
86376,1
86377,0
86390,0
86408,1
86417,1
86420,0
86438,0
86451,0
86453,1
86454,0
86455,2
86460,0
86461,0
86462,1
86463,2
86464,1
86465,1
86470,0
86472,1
86474,0
86482,0
86489,0
86490,1
86495,1
86509,1
86519,1
86522,1
86531,1
86533,1
86536,1
86551,0
86558,1
86563,1
86570,0
86572,0
86574,2
86576,0
86588,1
86591,0
86598,0
86601,2
86606,1
86617,1
86619,1
86620,1
86622,0
86626,1
86627,1
86633,1
86635,1
86636,1
86639,1
86645,1
86657,0
86658,0
86672,0
86676,0
86688,1
86694,1
86699,1
86704,0
86707,1
86708,0
86713,1
86735,0
86740,1
86748,0
86762,1
86773,1
86779,0
86780,1
86782,0
86783,0
86787,1
86791,0
86803,1
86810,1
86811,0
86813,2
86814,2
86822,0
86823,0
86824,1
86828,0
86833,0
86836,1
86843,0
86848,0
86855,0
86859,1
86862,1
86863,0
86874,0
86880,1
86882,0
86890,2
86894,1
86898,2
86900,2
86910,1
86917,0
86937,0
86946,0
86948,1
86958,1
86961,0
86965,0
86968,1
86971,0
86972,0
86988,1
86990,1
86997,1
87000,2
87004,0
87006,1
87007,3
87009,0
87011,1
87013,1
87015,0
87017,1
87025,0
87029,2
87032,1
87034,2
87038,1
87039,0
87043,0
87044,1
87052,0
87065,0
87066,1
87068,0
87071,1
87073,0
87076,0
87077,0
87079,0
87082,1
87093,0
87094,0
87102,0
87114,1
87119,1
87122,1
87124,1
87132,1
87133,0
87146,1
87152,1
87153,0
87168,0
87172,0
87173,1
87187,2
87189,1
87195,2
87200,0
87208,0
87212,0
87216,0
87224,1
87230,1
87231,0
87234,0
87238,1
87239,0
87248,2
87250,0
87253,1
87257,0
87258,2
87260,0
87262,1
87265,0
87272,0
87277,0
87279,1
87284,1
87285,1
87294,2
87302,1
87303,1
87305,1
87310,0
87312,0
87317,0
87326,1
87327,1
87329,1
87330,0
87331,0
87338,1
87339,1
87340,0
87351,1
87355,2
87362,0
87369,0
87372,1
87374,0
87379,1
87384,0
87390,2
87399,1
87412,0
87418,0
87424,0
87427,1
87438,0
87440,1
87443,0
87447,0
87452,2
87453,1
87465,1
87479,1
87485,2
87504,1
87521,0
87531,2
87535,0
87538,2
87539,2
87546,1
87549,0
87553,1
87558,1
87562,1
87568,1
87570,0
87573,2
87578,1
87587,1
87596,1
87608,0
87609,1
87610,0
87616,2
87620,0
87625,2
87631,2
87632,2
87641,0
87646,1
87651,2
87654,2
87672,0
87673,1
87674,1
87680,1
87681,1
87708,0
87715,0
87718,1
87729,0
87737,0
87741,0
87747,1
87748,1
87762,1
87768,1
87770,0
87774,0
87775,0
87777,2
87780,0
87784,0
87785,0
87786,0
87787,0
87794,0
87797,0
87798,0
87802,0
87809,2
87811,2
87818,1
87824,0
87830,2
87838,0
87845,0
87846,2
87859,1
87867,0
87868,0
87872,1
87878,1
87885,0
87887,0
87888,1
87889,1
87890,1
87900,2
87915,1
87921,0
87924,1
87925,2
87928,1
87930,0
87935,1
87939,0
87942,1
87948,1
87952,0
87955,1
87956,0
87975,0
87984,0
87988,1
87992,0
87994,1
87997,1
87998,0
88008,0
88010,1
88014,1
88019,0
88024,0
88032,0
88033,0
88035,0
88039,0
88041,0
88042,1
88046,1
88072,1
88073,2
88082,1
88085,2
88089,0
88092,1
88095,0
88097,1
88104,2
88106,1
88116,1
88127,1
88128,1
88132,0
88135,0
88141,1
88147,0
88154,2
88155,2
88157,1
88158,1
88172,2
88183,1
88192,0
88194,2
88195,0
88204,1
88216,1
88217,1
88218,1
88222,0
88232,1
88247,1
88260,0
88261,1
88267,2
88280,1
88281,1
88297,1
88298,0
88300,2
88303,1
88304,1
88309,1
88321,2
88344,1
88348,1
88350,0
88357,1
88360,1
88361,0
88365,1
88366,0
88368,0
88370,0
88371,1
88373,0
88379,0
88390,0
88391,0
88398,0
88404,0
88407,1
88408,1
88411,1
88413,0
88419,0
88426,2
88434,0
88436,0
88441,0
88460,1
88461,0
88469,1
88470,0
88472,0
88473,0
88481,1
88483,0
88484,1
88486,1
88503,0
88530,1
88535,0
88542,1
88544,2
88555,1
88560,0
88573,1
88600,2
88607,0
88611,0
88617,1
88630,0
88634,0
88638,0
88639,1
88650,0
88656,0
88669,0
88673,1
88686,1
88687,1
88693,0
88697,1
88701,0
88702,0
88705,1
88706,0
88709,0
88710,2
88720,0
88721,0
88722,0
88724,1
88728,0
88732,1
88738,0
88741,1
88744,1
88749,1
88758,0
88759,0
88782,0
88784,0
88788,0
88789,2
88791,1
88796,1
88801,0
88805,0
88824,1
88825,0
88829,0
88832,1
88833,2
88834,0
88835,1
88836,1
88845,1
88854,1
88859,0
88866,0
88867,0
88868,0
88871,0
88873,0
88876,0
88888,1
88890,1
88898,0
88899,1
88902,0
88909,0
88913,1
88926,0
88929,0
88931,0
88936,1
88938,0
88940,2
88950,1
88954,1
88965,0
88969,0
88971,1
88977,0
88983,1
88986,1
88994,2
89006,2
89015,1
89021,2
89023,0
89024,2
89026,1
89027,0
89036,0
89045,1
89049,1
89072,2
89077,0
89086,1
89087,0
89088,0
89096,1
89100,0
89101,0
89103,1
89107,1
89110,0
89114,1
89119,1
89121,0
89127,0
89133,2
89141,1
89147,0
89152,2
89153,0
89155,1
89164,0
89168,1
89181,1
89183,1
89214,0
89215,0
89217,0
89221,0
89227,0
89228,0
89237,1
89240,1
89248,1
89249,2
89253,2
89259,1
89260,0
89268,1
89273,2
89287,1
89290,1
89292,0
89299,0
89302,1
89304,0
89307,1
89308,1
89309,2
89312,0
89313,0
89316,1
89317,0
89318,1
89325,1
89332,2
89340,0
89347,1
89350,0
89355,0
89363,2
89367,1
89368,1
89369,0
89372,0
89384,0
89387,0
89390,1
89392,1
89393,0
89396,1
89397,0
89401,0
89406,2
89407,2
89409,0
89412,1
89415,0
89421,2
89423,0
89425,1
89426,1
89431,0
89438,1
89440,2
89442,0
89455,0
89470,2
89471,0
89472,0
89475,1
89481,0
89486,1
89496,2
89510,1
89515,0
89524,0
89525,1
89526,1
89532,1
89535,0
89537,0
89539,1
89543,1
89544,0
89557,2
89569,0
89570,1
89575,0
89581,0
89583,0
89588,0
89590,0
89596,3
89599,1
89601,1
89609,1
89621,0
89624,0
89626,1
89628,0
89633,0
89636,0
89638,1
89650,1
89653,0
89658,0
89659,0
89669,1
89676,1
89677,0
89681,0
89685,1
89689,1
89696,0
89699,1
89707,1
89708,0
89709,2
89714,0
89721,1
89722,1
89732,1
89733,1
89735,0
89745,0
89751,0
89758,0
89762,0
89789,0
89793,1
89794,1
89795,0
89798,1
89804,1
89809,2
89812,0
89817,2
89826,1
89840,2
89843,1
89853,0
89854,2
89857,2
89859,0
89870,1
89881,1
89884,1
89889,0
89908,0
89914,2
89918,0
89921,1
89922,0
89924,1
89929,1
89934,0
89944,2
89948,1
89952,2
89958,1
89960,0
89971,2
89974,0
89976,0
89982,2
89985,1
89999,1
90001,0
90012,0
90013,2
90016,0
90024,0
90032,1
90043,2
90048,0
90054,1
90055,0
90056,1
90057,0
90059,0
90064,0
90074,0
90082,0
90091,0
90092,1
90093,1
90096,1
90097,1
90105,1
90106,0
90107,0
90111,0
90113,0
90116,0
90117,0
90118,0
90128,2
90131,1
90136,0
90142,1
90144,2
90145,2
90157,1
90161,2
90188,0
90197,0
90207,2
90208,0
90209,0
90216,1
90219,1
90222,1
90223,1
90236,1
90237,1
90238,0
90243,1
90246,0
90254,0
90268,1
90269,1
90274,1
90279,1
90281,2
90285,1
90293,0
90310,0
90315,2
90316,0
90320,2
90321,0
90323,1
90325,0
90330,0
90331,1
90337,0
90339,1
90343,1
90344,0
90348,2
90349,1
90350,2
90355,0
90356,0
90358,0
90360,1
90362,1
90368,1
90370,1
90373,1
90375,0
90376,0
90382,0
90394,2
90407,1
90409,1
90411,0
90412,0
90423,0
90426,1
90429,0
90431,0
90432,1
90436,0
90443,0
90444,0
90448,1
90454,1
90458,0
90465,1
90469,1
90485,1
90489,0
90491,0
90498,0
90499,2
90501,0
90506,0
90508,0
90509,0
90517,0
90523,2
90526,0
90532,1
90533,1
90534,0
90543,1
90551,0
90552,1
90553,0
90563,0
90565,1
90568,1
90581,1
90583,0
90584,2
90594,0
90599,0
90601,0
90609,0
90615,1
90617,1
90620,1
90632,0
90640,0
90648,0
90653,2
90654,0
90656,1
90661,0
90665,1
90669,1
90678,1
90683,1
90700,1
90704,0
90709,0
90713,0
90717,1
90719,0
90721,1
90723,1
90738,2
90739,2
90740,1
90750,0
90752,1
90767,0
90769,0
90784,0
90787,1
90791,0
90799,1
90801,0
90803,1
90817,0
90818,2
90820,0
90824,0
90827,0
90832,2
90836,1
90841,0
90860,0
90862,1
90866,2
90867,1
90870,1
90882,1
90892,2
90893,1
90894,0
90900,0
90905,0
90907,0
90911,0
90913,1
90914,0
90930,1
90950,1
90952,2
90962,1
90967,2
90971,0
90973,1
90976,0
90988,1
90997,1
91001,0
91010,1
91013,0
91017,2
91030,1
91032,1
91033,1
91035,1
91038,1
91043,1
91061,0
91063,1
91064,1
91065,0
91070,1
91076,1
91078,1
91082,1
91083,1
91085,0
91088,0
91089,0
91100,1
91119,0
91120,0
91122,0
91126,1
91130,0
91131,2
91133,0
91142,0
91146,1
91153,0
91155,0
91156,0
91159,2
91163,0
91165,0
91168,0
91170,1
91179,1
91189,1
91196,1
91218,0
91223,0
91232,1
91248,1
91249,1
91252,1
91262,1
91273,0
91278,1
91284,0
91285,1
91286,1
91293,1
91297,0
91304,0
91310,1
91311,0
91313,0
91319,0
91321,1
91327,1
91334,1
91342,0
91345,0
91348,1
91350,0
91357,2
91366,1
91376,1
91379,2
91386,1
91388,1
91390,1
91391,0
91397,1
91404,1
91410,0
91412,0
91438,1
91448,1
91459,1
91472,0
91479,2
91480,1
91484,1
91492,0
91493,1
91501,1
91504,0
91506,0
91514,1
91527,1
91529,0
91531,1
91533,1
91537,0
91540,1
91555,0
91559,2
91564,1
91570,1
91573,2
91586,1
91591,1
91595,0
91599,1
91610,0
91627,1
91629,1
91634,0
91644,0
91657,0
91660,1
91661,0
91664,1
91669,0
91679,1
91701,0
91704,1
91710,1
91730,1
91737,1
91740,2
91749,1
91751,0
91753,0
91760,1
91762,0
91766,0
91769,1
91771,0
91774,1
91779,1
91785,1
91790,1
91796,2
91799,0
91807,0
91810,1
91818,1
91827,1
91829,1
91831,1
91833,1
91841,2
91845,0
91846,1
91858,0
91860,0
91863,1
91871,1
91872,0
91877,1
91878,1
91889,0
91903,0
91905,1
91910,1
91917,0
91919,1
91926,1
91929,0
91930,1
91931,0
91932,1
91935,1
91942,1
91952,0
91964,1
91976,1
91981,1
91984,1
91987,0
92003,1
92004,0
92007,0
92014,1
92015,1
92017,1
92021,0
92031,2
92032,0
92037,1
92041,0
92048,0
92049,1
92060,0
92061,1
92067,1
92074,0
92095,0
92096,0
92097,1
92101,2
92104,0
92107,1
92108,2
92111,0
92119,0
92131,0
92132,0
92134,1
92139,1
92143,0
92152,1
92156,0
92158,0
92161,1
92170,0
92175,0
92177,1
92189,1
92195,1
92197,0
92204,0
92212,1
92220,2
92225,0
92230,0
92232,0
92233,0
92234,1
92235,2
92239,0
92240,2
92241,0
92244,2
92245,1
92255,2
92258,3
92263,0
92268,1
92270,1
92276,0
92284,1
92286,1
92287,0
92292,2
92294,0
92297,2
92300,1
92309,2
92316,1
92327,0
92328,1
92333,1
92334,2
92335,1
92342,1
92353,0
92355,1
92366,0
92376,1
92379,1
92389,0
92392,1
92393,2
92413,0
92416,1
92443,1
92444,1
92445,2
92447,1
92452,1
92456,0
92458,1
92459,0
92464,1
92478,1
92487,0
92495,1
92497,1
92500,1
92510,2
92512,1
92516,0
92524,0
92529,1
92533,1
92537,2
92538,1
92551,1
92553,2
92557,1
92558,1
92559,1
92570,1
92573,0
92576,2
92585,1
92588,1
92609,0
92610,0
92619,1
92624,0
92626,0
92628,0
92631,1
92632,0
92633,1
92634,1
92636,2
92641,1
92643,1
92648,1
92652,0
92657,1
92661,0
92665,1
92668,0
92673,1
92687,1
92697,0
92709,2
92718,0
92723,0
92725,0
92731,3
92734,1
92736,1
92740,1
92741,1
92742,1
92751,0
92752,1
92755,3
92770,0
92782,1
92795,1
92806,1
92810,0
92811,1
92814,1
92815,0
92820,0
92824,2
92829,1
92833,1
92834,0
92836,1
92839,0
92848,1
92856,0
92858,0
92859,1
92867,0
92876,0
92877,1
92882,0
92883,1
92884,1
92897,1
92915,1
92919,1
92924,0
92925,1
92934,1
92941,1
92953,1
92956,1
92962,0
92965,0
92984,1
92988,1
92989,0
93013,1
93018,1
93021,0
93030,1
93031,1
93034,1
93035,1
93042,1
93053,1
93061,0
93067,1
93068,1
93073,0
93080,1
93081,0
93086,0
93089,0
93091,1
93102,1
93107,0
93115,0
93117,2
93130,1
93133,0
93136,0
93153,0
93155,1
93157,2
93159,0
93167,1
93169,1
93177,0
93183,0
93185,1
93190,1
93191,0
93193,1
93195,0
93198,1
93202,0
93203,1
93207,0
93208,1
93211,1
93224,1
93228,0
93230,0
93238,1
93240,0
93241,0
93245,1
93246,1
93257,0
93260,1
93261,1
93272,1
93283,0
93287,2
93288,0
93295,1
93305,1
93316,0
93325,0
93329,0
93331,0
93338,1
93350,0
93352,0
93354,1
93357,1
93363,0
93366,0
93371,0
93373,1
93374,2
93375,1
93376,0
93379,1
93392,0
93393,1
93401,0
93409,1
93411,1
93417,1
93421,2
93424,0
93427,0
93429,0
93438,1
93448,0
93452,0
93455,1
93456,0
93467,1
93473,1
93480,0
93485,1
93492,0
93495,1
93514,2
93520,1
93521,1
93523,0
93524,0
93530,1
93534,1
93538,0
93541,1
93544,1
93552,1
93560,1
93563,0
93564,0
93567,1
93569,1
93573,1
93578,0
93579,2
93584,1
93597,1
93601,0
93607,1
93619,0
93623,0
93637,0
93642,0
93644,2
93645,1
93646,1
93651,2
93659,1
93661,1
93670,1
93673,0
93677,1
93680,0
93681,0
93684,0
93689,1
93690,0
93701,1
93703,0
93704,1
93705,1
93708,2
93710,1
93712,0
93714,0
93718,2
93726,1
93727,1
93728,1
93729,0
93732,0
93739,0
93742,0
93749,1
93756,1
93766,1
93771,0
93786,2
93789,1
93790,1
93792,0
93794,1
93799,1
93802,0
93805,1
93807,1
93810,0
93816,0
93819,1
93821,1
93829,0
93831,2
93837,0
93848,0
93851,0
93858,0
93860,1
93863,1
93864,1
93868,0
93875,2
93886,1
93887,0
93896,1
93899,1
93903,0
93908,1
93912,0
93913,0
93915,1
93924,1
93927,1
93928,2
93930,1
93935,1
93938,1
93941,0
93944,1
93957,0
93962,0
93964,2
93966,0
93970,0
93971,1
93979,1
93980,1
93983,1
93985,1
93987,0
93988,0
93994,1
94003,0
94004,0
94010,0
94014,0
94017,1
94029,0
94030,0
94036,2
94041,1
94043,0
94044,0
94046,1
94054,0
94055,0
94058,1
94061,0
94063,2
94065,0
94069,2
94072,2
94075,0
94077,0
94078,0
94080,1
94081,1
94082,0
94090,1
94092,2
94099,1
94100,2
94102,1
94108,0
94112,1
94115,0
94127,1
94128,0
94135,3
94136,2
94138,2
94140,1
94145,0
94156,2
94157,0
94162,1
94164,1
94165,0
94171,1
94176,1
94183,1
94188,1
94193,1
94194,1
94199,0
94200,0
94202,1
94208,1
94219,0
94222,0
94223,1
94224,0
94228,1
94229,1
94230,0
94239,0
94243,1
94247,2
94253,1
94258,1
94265,1
94266,1
94269,1
94277,1
94278,0
94279,0
94287,0
94292,2
94294,0
94301,0
94302,0
94318,1
94320,0
94321,0
94324,2
94326,1
94333,2
94337,1
94339,1
94340,1
94341,1
94345,0
94347,2
94351,3
94353,1
94364,1
94369,2
94374,0
94379,1
94380,1
94384,1
94385,1
94386,1
94393,0
94404,0
94411,1
94421,0
94432,0
94440,2
94453,0
94457,0
94461,1
94469,0
94473,0
94477,1
94484,1
94486,1
94496,0
94505,1
94509,1
94513,1
94517,0
94519,0
94529,1
94546,0
94550,1
94551,1
94555,1
94561,1
94571,1
94582,2
94588,0
94589,1
94592,1
94594,2
94595,0
94598,1
94611,0
94621,2
94622,1
94626,1
94629,0
94635,1
94638,1
94656,2
94657,1
94663,0
94673,1
94676,0
94679,0
94683,1
94686,1
94696,1
94699,1
94701,0
94706,1
94708,1
94712,0
94719,0
94722,1
94727,1
94731,1
94735,1
94745,0
94751,2
94760,0
94767,1
94771,0
94773,1
94787,0
94789,0
94793,2
94796,0
94800,1
94811,1
94819,1
94822,1
94825,1
94828,0
94841,0
94842,0
94849,1
94865,0
94867,0
94868,1
94871,1
94896,0
94897,1
94900,1
94902,2
94903,0
94918,2
94919,0
94922,1
94923,2
94924,1
94930,1
94937,1
94943,1
94949,1
94950,1
94951,0
94957,1
94961,0
94970,1
94971,0
94974,0
94985,0
94988,0
94991,1
94994,1
95004,1
95025,0
95028,1
95031,1
95034,2
95035,1
95043,0
95050,0
95053,1
95063,0
95064,0
95065,0
95068,1
95070,1
95073,2
95079,1
95081,0
95085,0
95086,1
95087,0
95096,0
95098,1
95102,1
95104,1
95109,1
95111,1
95112,1
95114,0
95120,1
95124,0
95128,1
95143,1
95144,1
95151,0
95153,2
95156,0
95157,0
95158,0
95168,0
95170,2
95172,1
95177,1
95180,0
95181,0
95183,0
95185,1
95188,0
95189,1
95191,1
95193,1
95197,2
95199,0
95204,2
95227,1
95230,2
95231,2
95232,2
95238,0
95241,1
95246,2
95255,1
95259,1
95262,1
95265,1
95266,1
95267,1
95269,0
95276,0
95282,1
95284,1
95287,1
95290,1
95291,0
95294,1
95296,0
95309,1
95317,0
95330,0
95333,1
95334,0
95339,1
95344,1
95356,0
95358,1
95369,1
95372,0
95384,0
95386,0
95389,0
95390,1
95393,0
95401,0
95409,2
95416,2
95417,1
95419,0
95421,0
95425,2
95430,1
95433,1
95448,2
95455,1
95460,2
95462,0
95471,0
95474,1
95476,0
95480,2
95484,0
95487,1
95489,1
95494,2
95495,0
95498,0
95502,1
95504,1
95519,0
95521,0
95523,0
95524,1
95529,1
95530,1
95532,0
95533,0
95536,1
95540,0
95542,1
95555,0
95556,0
95560,1
95561,1
95563,0
95573,0
95578,1
95579,2
95588,0
95592,0
95600,0
95601,0
95602,1
95603,1
95611,0
95614,1
95617,0
95620,1
95623,0
95624,1
95630,1
95632,1
95634,0
95641,1
95647,1
95655,0
95664,0
95668,0
95670,1
95679,0
95683,1
95684,0
95686,0
95694,1
95698,1
95703,1
95704,1
95716,0
95719,1
95732,1
95748,0
95751,0
95756,0
95766,0
95770,0
95788,2
95789,1
95794,1
95806,1
95809,1
95816,0
95818,1
95820,0
95822,0
95824,2
95825,0
95829,1
95843,0
95844,1
95845,0
95851,0
95862,1
95864,1
95866,1
95870,1
95872,0
95877,2
95879,2
95886,0
95893,1
95909,1
95912,2
95914,0
95916,1
95918,1
95935,0
95936,0
95948,0
95949,0
95955,1
95956,1
95957,0
95959,0
95961,0
95967,1
95970,0
95974,0
95995,1
96000,1
96011,1
96012,2
96015,0
96016,1
96017,0
96018,0
96035,0
96038,0
96049,1
96050,3
96052,1
96056,1
96058,0
96064,1
96067,2
96068,1
96074,0
96084,1
96089,1
96096,1
96104,2
96106,0
96109,0
96119,1
96121,0
96124,0
96126,1
96130,0
96135,2
96136,0
96149,0
96152,0
96163,0
96165,0
96167,1
96170,1
96174,0
96177,0
96181,1
96189,0
96192,0
96196,1
96197,1
96214,0
96228,1
96230,1
96234,0
96235,0
96244,0
96251,0
96266,1
96285,0
96288,2
96289,1
96290,0
96293,0
96294,0
96300,0
96314,1
96317,1
96330,0
96331,0
96332,0
96336,1
96344,1
96350,2
96362,0
96363,0
96366,1
96373,2
96374,1
96377,1
96382,1
96383,0
96387,0
96391,1
96392,2
96395,0
96397,0
96406,1
96412,0
96413,2
96414,0
96417,0
96420,1
96421,1
96425,1
96429,1
96445,1
96450,1
96461,2
96464,1
96474,2
96475,0
96479,0
96480,0
96481,1
96488,1
96496,2
96502,1
96509,0
96513,0
96517,0
96521,1
96522,0
96529,0
96535,1
96542,1
96543,1
96544,0
96552,1
96554,1
96571,1
96582,0
96584,1
96590,0
96594,0
96600,0
96604,1
96608,0
96613,0
96614,1
96617,2
96627,0
96633,0
96642,1
96644,0
96645,0
96654,1
96659,0
96672,0
96675,1
96676,1
96677,0
96696,0
96701,1
96702,1
96703,2
96704,1
96705,1
96712,0
96713,1
96714,2
96717,0
96729,0
96730,0
96731,1
96737,0
96740,2
96743,2
96750,1
96763,0
96764,2
96767,1
96772,0
96775,0
96783,2
96785,0
96788,1
96789,1
96796,0
96801,1
96808,0
96834,1
96835,1
96839,0
96843,1
96850,0
96856,1
96859,1
96860,0
96863,1
96864,1
96878,2
96886,1
96890,0
96902,1
96905,2
96906,1
96907,1
96913,2
96917,1
96920,2
96922,0
96927,1
96932,1
96946,1
96953,2
96958,0
96961,0
96965,0
96967,0
96974,1
96980,0
96981,0
96983,1
96988,0
96992,0
96995,0
97000,0
97001,1
97002,0
97003,2
97005,1
97010,2
97013,0
97015,1
97023,2
97041,1
97044,1
97045,0
97046,0
97047,1
97048,1
97052,0
97059,0
97069,1
97070,0
97075,1
97080,1
97082,2
97095,1
97098,0
97100,0
97117,1
97118,0
97122,1
97125,1
97131,0
97136,0
97142,0
97144,0
97148,1
97151,0
97160,0
97163,1
97166,0
97171,1
97177,1
97182,0
97192,0
97205,0
97216,2
97239,0
97243,1
97245,1
97246,0
97256,1
97257,0
97261,0
97265,0
97270,1
97276,1
97282,1
97283,0
97286,1
97290,1
97293,0
97295,1
97302,0
97303,0
97305,0
97311,0
97318,0
97319,0
97327,0
97335,0
97344,1
97350,0
97353,0
97356,1
97369,0
97378,1
97388,1
97394,1
97396,0
97399,2
97409,0
97422,0
97424,0
97426,0
97438,1
97439,1
97444,1
97454,1
97456,1
97459,1
97468,1
97472,1
97483,1
97502,1
97507,2
97510,1
97511,0
97513,0
97514,1
97516,1
97517,1
97536,1
97538,1
97541,0
97545,0
97548,1
97554,0
97564,2
97569,1
97578,1
97582,0
97587,0
97591,1
97598,1
97603,1
97604,2
97622,0
97623,1
97641,1
97645,0
97648,0
97649,1
97650,0
97653,2
97654,0
97658,1
97668,0
97674,1
97675,0
97683,0
97685,1
97697,1
97698,1
97700,2
97701,1
97707,1
97710,1
97711,1
97715,1
97724,1
97743,1
97745,1
97746,1
97752,1
97754,0
97757,0
97766,1
97776,1
97781,1
97787,0
97793,2
97796,1
97798,0
97801,1
97803,1
97811,0
97816,2
97821,1
97829,1
97831,0
97833,0
97841,1
97855,1
97856,0
97859,1
97863,1
97873,1
97880,1
97883,1
97885,0
97887,1
97892,1
97893,1
97894,1
97898,1
97900,1
97904,2
97905,1
97907,1
97921,1
97926,0
97930,0
97931,1
97933,1
97942,0
97953,1
97960,2
97964,1
97975,0
97988,1
97990,1
97995,0
98019,2
98023,1
98027,1
98031,1
98039,0
98045,1
98046,1
98050,2
98054,1
98072,1
98076,0
98080,1
98082,0
98092,0
98095,0
98100,1
98106,1
98117,1
98119,0
98123,0
98124,2
98127,0
98132,2
98134,1
98160,0
98161,1
98163,2
98170,1
98172,1
98173,1
98179,0
98180,1
98181,0
98189,0
98190,0
98202,0
98206,2
98208,0
98210,1
98213,2
98218,1
98231,1
98243,0
98244,0
98249,0
98252,0
98258,1
98263,0
98265,0
98269,1
98270,1
98271,1
98278,1
98280,0
98282,2
98290,0
98292,1
98293,2
98297,0
98307,0
98309,2
98310,0
98311,0
98313,1
98315,1
98318,0
98324,1
98331,0
98335,1
98337,0
98339,0
98341,0
98342,0
98343,1
98347,1
98363,0
98372,1
98374,0
98381,1
98384,1
98390,0
98391,1
98396,0
98399,1
98400,1
98409,0
98416,1
98417,0
98426,0
98430,0
98433,1
98437,0
98440,0
98444,0
98466,1
98476,1
98477,0
98478,1
98482,1
98484,1
98488,1
98491,2
98493,0
98505,0
98517,0
98519,1
98540,1
98546,0
98550,0
98556,0
98558,0
98559,1
98560,0
98571,1
98578,0
98585,1
98589,1
98594,1
98612,0
98613,0
98617,0
98619,2
98625,1
98629,0
98630,2
98640,1
98643,0
98652,0
98653,1
98662,1
98673,1
98681,2
98684,0
98689,0
98694,1
98698,0
98705,1
98710,2
98711,1
98715,1
98729,1
98739,0
98741,0
98746,1
98760,1
98768,0
98776,2
98783,0
98788,1
98790,1
98797,0
98798,1
98800,0
98802,1
98806,1
98807,1
98811,1
98815,0
98818,1
98824,0
98831,0
98837,0
98851,1
98852,1
98856,0
98857,1
98860,0
98865,0
98871,1
98873,0
98874,2
98884,1
98886,1
98891,1
98895,1
98902,0
98908,2
98931,1
98932,0
98933,1
98947,0
98960,0
98965,0
98967,0
98972,1
98974,1
98986,1
98992,0
98997,0
98999,1
99003,0
99009,1
99010,1
99013,2
99015,0
99018,1
99020,1
99021,1
99022,1
99026,0
99027,0
99031,0
99032,0
99042,1
99046,0
99053,1
99067,0
99075,1
99078,0
99086,0
99087,1
99090,0
99094,0
99098,1
99102,1
99103,2
99112,1
99123,1
99124,0
99125,2
99133,1
99136,1
99137,0
99146,0
99156,0
99158,0
99168,2
99174,2
99179,1
99186,0
99193,2
99194,0
99204,1
99205,0
99206,0
99227,0
99229,1
99233,1
99234,1
99243,2
99245,0
99247,1
99253,1
99262,1
99265,0
99279,0
99283,0
99284,0
99286,2
99303,0
99311,2
99317,0
99320,1
99335,0
99339,0
99341,1
99343,0
99344,0
99351,1
99352,0
99353,0
99391,0
99392,1
99393,0
99397,1
99400,2
99411,0
99412,0
99414,2
99416,0
99423,1
99426,1
99429,0
99434,0
99444,0
99446,0
99447,2
99451,1
99454,1
99463,0
99464,1
99489,1
99496,1
99502,0
99507,1
99510,0
99513,1
99520,0
99524,1
99525,1
99532,1
99542,1
99544,1
99548,0
99553,1
99554,0
99556,0
99565,1
99566,1
99568,1
99570,1
99579,1
99585,2
99590,3
99593,0
99595,0
99607,0
99611,0
99614,1
99615,0
99620,1
99621,0
99622,0
99631,2
99634,1
99643,1
99646,2
99648,1
99649,0
99650,1
99652,0
99659,0
99662,2
99666,0
99667,0
99673,0
99677,0
99687,0
99693,1
99699,1
99703,0
99711,2
99712,1
99714,2
99719,1
99727,0
99728,0
99729,0
99730,1
99734,1
99739,0
99743,0
99746,2
99753,1
99755,0
99761,0
99773,1
99779,1
99783,0
99787,0
99796,2
99809,0
99810,1
99813,1
99816,1
99823,0
99828,1
99836,0
99844,0
99847,2
99849,0
99852,1
99854,0
99863,1
99870,2
99878,0
99879,1
99883,0
99884,0
99888,0
99891,1
99895,0
99903,1
99906,0
99908,1
99913,1
99916,0
99922,1
99924,1
99929,0
99942,0
99946,1
99954,1
99955,1
99960,1
99963,1
99969,1
99970,1
99972,0
99973,1
99977,0
99981,1
99984,1
99989,1
99996,0
100007,1
100008,0
100017,2
100022,0
100031,0
100033,0
100034,1
100035,0
100036,1
100037,0
100046,1
100048,0
100051,1
100061,1
100081,0
100085,1
100089,0
100091,1
100103,1
100111,2
100112,1
100115,0
100126,1
100129,1
100130,1
100133,1
100134,1
100143,0
100144,1
100151,1
100155,0
100163,1
100164,1
100166,1
100168,1
100193,1
100194,0
100198,0
100202,0
100204,0
100206,0
100207,0
100209,1
100210,0
100212,1
100213,2
100219,1
100225,0
100232,0
100233,0
100249,1
100251,0
100260,1
100263,1
100265,1
100269,0
100271,0
100272,1
100273,1
100286,1
100289,1
100290,1
100294,0
100303,0
100304,1
100305,1
100308,0
100312,1
100319,1
100321,0
100333,1
100334,0
100336,2
100337,2
100339,1
100340,2
100341,1
100347,1
100355,1
100361,0
100367,1
100372,2
100374,1
100376,0
100377,0
100384,1
100393,0
100397,1
100398,0
100401,0
100407,1
100419,0
100432,1
100436,1
100447,1
100449,1
100454,1
100459,1
100460,1
100463,2
100465,1
100466,1
100478,0
100480,1
100487,1
100492,1
100494,1
100498,1
100499,0
100509,0
100512,2
100516,1
100521,0
100524,0
100532,0
100534,2
100538,1
100541,2
100546,1
100552,1
100557,2
100563,1
100564,0
100567,1
100572,2
100577,0
100578,0
100581,1
100588,1
100605,0
100609,0
100611,1
100613,1
100617,0
100634,0
100642,0
100643,0
100645,1
100648,1
100649,2
100650,2
100654,0
100662,0
100665,0
100671,1
100678,0
100681,0
100683,0
100687,1
100691,1
100710,0
100713,1
100726,1
100740,1
100743,0
100752,0
100753,2
100757,0
100771,0
100775,0
100777,1
100785,1
100795,1
100801,1
100803,1
100804,1
100807,1
100809,1
100811,0
100816,1
100819,1
100822,1
100825,2
100848,2
100851,1
100857,1
100869,1
100893,1
100895,0
100896,1
100897,1
100904,0
100911,0
100921,1
100936,1
100959,1
100961,0
100992,1
100996,1
101001,1
101002,1
101010,1
101012,1
101015,0
101020,0
101022,1
101023,0
101025,1
101032,1
101034,1
101048,0
101054,1
101062,1
101063,1
101074,2
101076,1
101079,2
101080,1
101091,0
101097,0
101105,1
101106,1
101113,0
101116,1
101117,0
101122,0
101123,1
101125,1
101126,1
101146,1
101147,1
101149,1
101152,1
101163,0
101167,0
101170,1
101171,1
101174,1
101183,1
101186,0
101189,1
101190,1
101192,0
101198,0
101201,0
101202,1
101206,2
101211,0
101215,0
101227,1
101230,1
101234,0
101237,0
101244,1
101255,1
101264,1
101269,0
101278,1
101284,0
101288,0
101289,1
101290,1
101299,1
101300,0
101304,1
101305,2
101308,1
101311,0
101314,0
101315,1
101321,0
101322,1
101323,1
101345,1
101349,2
101350,2
101360,0
101363,1
101364,1
101367,1
101380,1
101382,1
101383,0
101384,1
101390,0
101396,0
101399,2
101401,1
101406,0
101408,1
101413,0
101414,1
101420,1
101421,0
101425,1
101426,1
101428,1
101433,0
101436,1
101437,0
101473,1
101474,0
101479,0
101481,0
101483,0
101497,0
101504,0
101507,0
101508,1
101511,1
101515,0
101529,1
101530,1
101531,0
101541,1
101552,0
101554,0
101556,1
101565,1
101569,1
101574,1
101575,0
101580,1
101581,1
101586,1
101590,1
101593,1
101594,0
101595,1
101599,1
101626,0
101636,0
101638,0
101642,1
101648,1
101657,1
101666,0
101673,0
101674,0
101678,0
101683,0
101687,1
101693,1
101695,0
101704,1
101706,2
101712,1
101716,1
101717,1
101721,1
101728,1
101734,0
101739,0
101742,1
101746,0
101751,0
101753,0
101754,1
101755,1
101765,1
101766,0
101770,0
101771,0
101773,0
101777,0
101778,1
101780,1
101782,0
101790,2
101798,0
101803,1
101805,0
101809,1
101810,1
101812,1
101819,0
101820,1
101826,0
101845,1
101848,1
101870,1
101871,0
101874,1
101889,1
101891,0
101893,0
101895,1
101902,1
101914,2
101922,1
101928,1
101930,0
101933,2
101946,1
101950,1
101957,1
101958,1
101961,1
101963,1
101964,0
101965,1
101977,2
101979,1
101989,1
101996,0
101998,0
102009,1
102010,0
102014,1
102016,1
102018,2
102022,0
102024,1
102025,1
102034,1
102035,0
102040,0
102041,0
102049,2
102052,0
102058,1
102062,0
102071,1
102078,0
102080,1
102088,0
102090,1
102094,0
102096,1
102104,2
102111,1
102114,1
102139,0
102140,1
102142,1
102145,0
102146,2
102148,0
102155,0
102163,1
102165,0
102169,1
102171,1
102176,1
102177,1
102178,1
102180,1
102189,2
102200,0
102202,2
102206,1
102209,1
102228,0
102240,2
102241,0
102246,1
102253,1
102254,1
102255,1
102261,0
102266,1
102271,1
102278,1
102280,1
102281,1
102282,1
102291,0
102299,0
102310,1
102312,0
102315,1
102320,2
102323,2
102330,1
102331,1
102346,0
102359,0
102361,1
102369,2
102377,1
102382,1
102384,0
102393,2
102394,1
102396,0
102400,0
102402,0
102405,1
102406,1
102411,1
102421,1
102426,1
102427,1
102428,0
102430,2
102431,1
102446,0
102451,1
102452,1
102455,2
102460,1
102464,1
102465,1
102466,1
102475,0
102476,1
102480,1
102491,1
102495,1
102496,1
102501,1
102505,1
102508,0
102509,1
102515,1
102521,1
102524,1
102526,2
102527,0
102530,0
102531,0
102541,0
102550,0
102551,1
102554,0
102558,1
102564,1
102567,0
102572,1
102573,0
102579,1
102582,0
102584,0
102587,1
102593,1
102599,1
102603,0
102608,0
102610,1
102611,1
102621,1
102625,0
102640,2
102644,0
102648,1
102649,1
102650,1
102657,1
102665,1
102676,0
102678,0
102680,0
102691,1
102705,1
102706,0
102721,1
102722,0
102724,1
102728,1
102735,0
102736,0
102738,1
102749,1
102753,0
102754,1
102757,1
102763,1
102765,0
102772,0
102777,1
102779,1
102780,1
102785,0
102787,0
102789,0
102795,0
102803,0
102805,1
102817,0
102820,0
102832,1
102833,0
102835,0
102849,1
102850,1
102851,1
102872,0
102876,1
102878,2
102884,0
102891,1
102899,0
102913,0
102919,0
102930,0
102933,0
102935,0
102936,0
102939,0
102944,0
102946,1
102947,2
102949,0
102952,1
102962,1
102970,0
102976,0
102978,0
102984,2
102990,0
102991,1
102993,0
102994,1
102997,1
102999,1
103000,1
103007,1
103016,0
103018,0
103021,0
103023,0
103032,1
103033,0
103039,1
103040,1
103059,1
103060,1
103062,1
103068,0
103075,2
103078,0
103094,0
103102,1
103107,0
103111,1
103122,2
103130,1
103134,0
103147,0
103153,2
103155,0
103158,1
103160,0
103166,2
103173,1
103176,1
103182,0
103187,1
103191,2
103194,1
103209,1
103210,2
103213,1
103220,1
103231,2
103233,1
103237,1
103243,0
103244,1
103245,2
103247,1
103257,1
103258,1
103260,0
103261,0
103278,1
103286,1
103293,1
103294,1
103296,1
103297,0
103298,1
103299,1
103304,1
103309,0
103316,1
103335,1
103337,0
103345,0
103346,1
103349,1
103350,1
103360,0
103366,1
103371,1
103383,0
103388,0
103389,1
103393,1
103405,0
103417,1
103430,0
103444,1
103446,0
103450,0
103452,1
103466,1
103474,0
103479,0
103489,1
103499,2
103513,0
103514,1
103533,1
103536,0
103539,0
103550,1
103556,0
103563,1
103566,1
103568,1
103571,1
103574,1
103575,0
103580,1
103581,0
103583,1
103587,0
103596,1
103602,1
103604,0
103616,0
103618,0
103626,1
103628,0
103638,0
103640,0
103642,1
103646,1
103650,0
103654,1
103656,2
103665,0
103666,1
103667,0
103676,0
103687,1
103688,1
103691,0
103700,0
103704,1
103706,1
103710,0
103714,1
103718,1
103720,0
103726,1
103727,0
103731,1
103733,1
103737,1
103738,1
103747,1
103751,1
103762,1
103764,0
103767,0
103785,1
103786,1
103789,0
103792,0
103800,1
103811,0
103812,0
103815,2
103825,1
103830,1
103838,3
103845,1
103849,1
103852,1
103865,2
103872,0
103879,0
103882,0
103884,1
103888,1
103890,1
103894,1
103897,2
103910,1
103912,1
103913,1
103914,1
103915,2
103916,0
103922,1
103934,0
103937,1
103938,1
103940,1
103944,1
103959,1
103967,1
103973,1
103978,1
103979,0
103980,0
103988,1
103989,1
104011,1
104014,1
104021,1
104024,0
104026,2
104027,0
104031,0
104033,2
104034,0
104043,2
104046,0
104066,1
104070,0
104078,1
104083,1
104087,2
104090,1
104096,1
104101,1
104110,1
104117,1
104125,0
104131,1
104135,0
104141,1
104148,0
104151,1
104154,1
104155,0
104159,0
104169,1
104190,1
104194,1
104198,0
104199,0
104201,1
104205,1
104213,1
104215,2
104218,0
104222,1
104233,0
104239,0
104252,1
104259,1
104263,1
104269,1
104272,0
104278,0
104282,0
104286,0
104306,1
104315,1
104320,0
104325,1
104327,1
104340,1
104341,1
104349,0
104351,0
104355,1
104356,1
104357,0
104366,0
104369,0
104373,1
104379,0
104389,0
104390,0
104401,0
104406,0
104408,0
104409,1
104414,0
104416,0
104422,1
104426,0
104432,1
104434,1
104439,2
104443,1
104445,0
104448,0
104455,1
104456,0
104457,1
104458,1
104463,0
104468,2
104470,0
104476,1
104488,1
104501,1
104505,1
104519,1
104524,1
104526,1
104530,2
104531,1
104537,2
104539,2
104540,1
104542,0
104545,0
104547,1
104553,1
104554,2
104556,0
104559,1
104560,1
104564,0
104567,1
104569,1
104580,0
104581,1
104583,1
104585,1
104594,0
104598,0
104611,0
104616,1
104629,0
104632,2
104633,2
104634,1
104639,1
104643,1
104647,1
104655,1
104656,1
104661,2
104662,1
104664,1
104674,0
104680,0
104681,0
104684,0
104685,1
104690,0
104695,2
104698,0
104701,0
104709,2
104712,1
104714,0
104720,1
104725,0
104733,2
104738,0
104743,1
104748,0
104753,1
104765,0
104766,0
104772,1
104785,1
104800,0
104805,1
104808,0
104809,0
104812,1
104814,1
104815,0
104827,0
104828,0
104833,1
104839,1
104845,1
104846,0
104851,0
104861,0
104877,1
104886,1
104892,1
104900,0
104907,0
104908,1
104918,0
104922,1
104923,0
104933,0
104940,1
104943,0
104946,0
104951,0
104952,0
104956,1
104966,1
104971,0
104989,1
104994,2
104995,0
105004,2
105005,1
105007,2
105008,1
105011,2
105013,1
105015,1
105016,0
105021,0
105029,0
105042,0
105054,1
105059,1
105064,1
105082,0
105090,1
105094,1
105107,0
105113,0
105122,1
105124,0
105130,2
105134,2
105135,1
105137,0
105145,0
105152,1
105155,0
105169,1
105177,1
105184,1
105190,1
105207,0
105209,0
105221,1
105231,1
105235,1
105240,1
105247,1
105248,1
105265,2
105266,1
105268,0
105272,1
105275,1
105276,1
105280,1
105281,0
105283,0
105296,0
105302,0
105304,0
105310,0
105314,1
105315,1
105320,1
105323,1
105325,0
105327,0
105330,1
105331,1
105338,2
105342,2
105349,1
105352,1
105353,0
105364,2
105366,1
105368,2
105370,1
105379,1
105382,1
105387,1
105390,0
105397,1
105406,1
105415,1
105416,2
105424,1
105426,0
105435,0
105441,0
105448,1
105450,1
105454,1
105465,1
105472,0
105473,1
105480,1
105484,0
105486,0
105495,2
105500,0
105501,0
105504,1
105510,0
105520,2
105525,2
105526,1
105533,1
105537,2
105539,1
105543,1
105544,1
105545,2
105549,0
105551,2
105554,0
105563,1
105565,0
105567,0
105569,1
105573,1
105581,0
105585,1
105587,0
105590,0
105592,1
105606,2
105612,0
105613,1
105618,0
105620,1
105623,0
105634,1
105636,1
105649,0
105652,1
105656,1
105659,1
105672,1
105675,0
105697,2
105713,1
105714,1
105721,1
105722,0
105727,0
105731,0
105734,1
105736,0
105737,1
105742,1
105750,1
105756,1
105759,0
105783,1
105799,0
105801,1
105802,1
105808,1
105810,2
105812,1
105814,1
105817,1
105820,0
105821,0
105829,2
105839,1
105841,0
105851,2
105854,0
105863,0
105864,1
105869,0
105879,1
105883,1
105908,2
105910,1
105913,0
105918,0
105922,0
105924,1
105932,1
105936,1
105945,0
105958,0
105965,1
105974,0
105975,2
105979,0
105991,1
105992,0
105995,2
105999,1
106002,0
106006,0
106009,0
106011,1
106013,0
106019,0
106022,0
106023,1
106027,1
106038,0
106040,1
106047,1
106048,0
106054,0
106061,2
106062,0
106063,0
106067,1
106073,1
106074,1
106075,0
106083,1
106086,0
106101,0
106106,1
106120,0
106129,1
106138,0
106146,1
106161,0
106165,1
106166,0
106172,0
106175,1
106182,0
106189,0
106191,1
106192,0
106195,0
106201,1
106209,1
106218,1
106221,0
106234,1
106237,0
106241,0
106251,1
106252,2
106253,0
106260,2
106262,0
106264,0
106272,0
106291,0
106294,0
106296,2
106306,1
106310,0
106320,1
106321,2
106327,0
106340,1
106342,2
106344,1
106351,1
106353,1
106354,0
106362,1
106366,1
106367,0
106368,0
106378,1
106382,0
106383,1
106387,1
106389,0
106390,1
106405,1
106418,1
106427,0
106430,1
106447,1
106451,1
106458,1
106472,0
106481,0
106484,1
106485,1
106487,2
106503,1
106504,2
106514,0
106520,0
106521,2
106526,0
106530,1
106532,2
106534,1
106538,2
106545,0
106549,2
106562,1
106564,0
106565,0
106569,1
106570,0
106572,0
106573,0
106574,1
106587,1
106588,0
106596,2
106597,0
106610,2
106612,1
106617,1
106625,0
106629,1
106632,0
106638,0
106643,1
106649,1
106659,1
106665,0
106666,2
106670,1
106680,1
106690,2
106696,1
106700,1
106701,1
106702,2
106707,2
106709,1
106710,0
106712,0
106715,0
106716,1
106718,2
106725,0
106733,0
106734,0
106736,1
106740,0
106745,0
106752,1
106753,1
106754,1
106761,1
106766,0
106768,1
106770,0
106777,2
106780,1
106786,1
106795,1
106802,0
106803,1
106804,1
106807,1
106817,2
106821,0
106823,1
106825,0
106827,0
106848,0
106849,1
106853,1
106872,1
106873,0
106879,2
106882,1
106883,0
106884,0
106885,1
106899,0
106910,0
106913,1
106921,0
106929,0
106941,1
106949,0
106951,1
106963,0
106964,1
106967,0
106969,2
106972,1
106978,1
106979,1
106980,1
106982,0
106984,1
106989,1
106992,1
107000,2
107004,0
107007,0
107011,1
107013,1
107019,1
107022,1
107029,0
107035,1
107036,1
107041,0
107042,1
107046,0
107053,0
107066,1
107068,1
107073,0
107074,0
107077,1
107084,1
107092,1
107102,0
107112,0
107114,1
107115,1
107117,1
107125,1
107129,1
107137,2
107148,0
107154,1
107157,1
107158,0
107162,1
107170,0
107173,1
107174,0
107176,2
107183,0
107188,1
107196,0
107205,0
107208,1
107214,1
107219,1
107221,1
107233,2
107235,0
107237,1
107241,0
107244,1
107245,0
107252,1
107261,1
107263,1
107264,0
107268,1
107274,1
107277,1
107283,1
107288,0
107289,1
107296,0
107300,1
107301,1
107308,0
107314,0
107320,1
107321,1
107324,0
107338,2
107349,1
107353,0
107355,0
107356,1
107358,0
107359,1
107362,0
107365,0
107367,1
107368,0
107376,1
107377,1
107378,1
107380,1
107387,0
107389,0
107394,1
107397,0
107398,1
107410,1
107427,1
107430,1
107441,0
107446,1
107459,1
107463,1
107474,1
107478,1
107480,0
107488,1
107504,1
107506,1
107508,0
107510,0
107517,1
107524,1
107525,2
107527,0
107538,2
107553,0
107561,2
107565,1
107577,1
107578,0
107579,1
107581,1
107585,1
107586,2
107589,1
107592,0
107596,0
107601,0
107605,1
107606,0
107611,0
107613,1
107616,1
107617,1
107620,2
107626,1
107629,0
107630,1
107636,1
107642,0
107643,1
107644,1
107647,1
107648,0
107649,0
107650,1
107654,0
107664,0
107674,1
107693,1
107698,0
107701,0
107705,1
107709,1
107711,1
107716,2
107717,0
107734,1
107740,1
107758,0
107765,0
107767,0
107770,2
107776,0
107779,1
107780,1
107787,2
107791,1
107793,2
107795,1
107798,1
107802,2
107810,2
107817,0
107819,1
107822,1
107836,1
107837,1
107841,0
107843,0
107845,1
107854,0
107867,2
107869,1
107871,0
107881,0
107885,1
107887,0
107889,0
107898,0
107901,0
107905,1
107910,2
107912,2
107915,1
107917,0
107925,1
107932,1
107935,0
107937,0
107942,1
107946,0
107954,1
107955,0
107957,0
107972,1
107974,0
107977,0
107978,1
107979,0
107986,0
107989,1
107991,0
107997,1
108001,1
108002,0
108009,0
108024,0
108026,0
108030,0
108038,0
108045,0
108047,0
108050,2
108066,0
108076,0
108077,1
108080,0
108082,1
108089,1
108092,1
108097,1
108098,2
108108,1
108118,1
108121,2
108128,2
108130,0
108131,0
108135,0
108136,1
108138,0
108139,1
108155,1
108167,1
108175,0
108176,1
108182,0
108189,1
108192,0
108194,1
108195,0
108204,0
108208,2
108211,1
108215,1
108222,2
108227,1
108229,1
108232,0
108256,0
108257,1
108260,2
108262,1
108268,2
108269,1
108278,0
108279,1
108281,0
108283,1
108290,0
108294,1
108298,0
108309,1
108313,1
108338,1
108347,1
108353,0
108355,1
108360,0
108362,0
108363,1
108365,1
108369,0
108377,2
108381,1
108393,1
108395,0
108401,0
108408,1
108414,0
108423,0
108424,0
108429,2
108440,2
108455,1
108458,2
108459,1
108463,3
108464,2
108465,1
108480,1
108482,0
108490,2
108501,1
108502,1
108519,1
108522,1
108541,0
108543,1
108548,2
108551,1
108553,1
108560,1
108561,1
108565,0
108570,1
108580,0
108590,0
108596,0
108602,1
108606,1
108611,2
108615,0
108619,0
108628,1
108631,1
108636,2
108642,1
108644,1
108648,0
108657,1
108663,0
108669,0
108677,2
108688,0
108697,1
108716,1
108720,1
108724,1
108733,1
108737,0
108749,0
108752,0
108754,1
108758,1
108763,1
108779,0
108780,0
108781,1
108782,1
108789,1
108806,1
108813,1
108814,1
108824,1
108826,0
108832,0
108837,1
108842,0
108843,0
108846,0
108852,1
108854,2
108857,1
108861,1
108888,0
108898,2
108905,0
108923,1
108926,1
108930,0
108936,0
108951,0
108952,2
108962,1
108969,0
108975,0
108985,1
108991,1
109000,1
109008,0
109012,1
109016,0
109019,1
109023,0
109030,1
109031,1
109032,2
109040,0
109041,0
109043,0
109046,0
109049,2
109051,2
109052,1
109056,0
109057,2
109066,0
109067,1
109068,1
109071,1
109072,1
109073,1
109076,0
109078,1
109081,1
109083,0
109091,1
109098,0
109100,0
109102,0
109106,0
109116,1
109119,1
109122,1
109128,0
109132,1
109134,1
109138,2
109139,1
109140,2
109144,1
109151,1
109156,0
109157,1
109158,0
109166,0
109169,2
109174,1
109175,0
109179,1
109186,1
109191,1
109195,1
109196,1
109204,0
109206,2
109207,1
109208,0
109210,0
109214,1
109221,0
109225,0
109226,1
109227,1
109230,0
109240,0
109245,0
109247,0
109252,1
109282,0
109284,1
109290,0
109292,0
109294,1
109305,0
109306,1
109312,1
109313,0
109318,1
109329,0
109343,0
109348,1
109352,1
109370,0
109377,1
109382,1
109385,0
109394,0
109398,1
109400,0
109403,1
109405,1
109408,2
109412,1
109414,1
109416,0
109419,3
109427,0
109433,0
109441,1
109442,1
109461,0
109465,1
109468,1
109470,0
109479,0
109480,1
109499,0
109500,0
109504,1
109522,1
109530,0
109531,0
109534,1
109546,2
109547,0
109551,0
109562,0
109564,1
109582,1
109587,0
109588,1
109590,0
109610,0
109621,1
109625,1
109626,0
109636,0
109639,0
109652,0
109662,0
109663,0
109679,1
109685,0
109686,1
109695,1
109696,0
109698,1
109708,0
109709,0
109711,0
109714,0
109716,0
109721,0
109722,1
109723,1
109730,0
109731,0
109732,0
109733,0
109739,1
109754,0
109766,1
109767,1
109772,1
109775,1
109778,0
109789,0
109791,1
109792,1
109795,0
109800,1
109810,1
109811,1
109816,0
109831,1
109833,1
109836,1
109851,0
109862,1
109864,1
109865,0
109868,0
109881,1
109884,0
109887,1
109891,0
109893,0
109924,1
109928,0
109929,0
109931,1
109937,1
109945,1
109955,1
109959,0
109961,0
109962,1
109964,1
109969,1
109976,0
109978,1
109998,1
110002,0
110003,1
110012,1
110015,2
110016,1
110019,0
110027,0
110028,0
110031,1
110033,0
110037,2
110040,1
110041,1
110046,1
110052,0
110057,0
110058,0
110061,0
110064,1
110065,1
110068,1
110069,1
110071,1
110072,0
110075,1
110078,0
110082,1
110087,1
110088,1
110098,1
110106,0
110107,1
110109,1
110114,0
110128,0
110134,0
110138,1
110139,2
110140,1
110141,1
110151,1
110156,2
110174,1
110183,1
110187,0
110191,0
110192,0
110195,1
110198,2
110199,0
110204,0
110216,1
110223,1
110227,1
110231,1
110237,1
110238,0
110244,0
110255,2
110257,0
110259,1
110267,0
110269,1
110272,1
110276,0
110285,1
110288,1
110302,0
110304,0
110310,0
110311,1
110314,0
110324,0
110329,0
110331,1
110334,1
110340,1
110346,0
110355,0
110361,1
110363,1
110364,1
110376,0
110383,1
110389,0
110398,0
110405,0
110407,0
110410,1
110412,0
110414,0
110418,0
110428,1
110438,2
110443,1
110444,0
110445,0
110451,1
110453,1
110474,1
110475,0
110484,1
110497,1
110498,1
110509,0
110513,0
110517,1
110519,1
110522,1
110545,2
110552,0
110556,1
110557,2
110560,0
110562,2
110563,1
110573,1
110578,0
110586,2
110587,2
110594,2
110606,0
110607,0
110608,2
110609,1
110612,0
110614,1
110627,0
110643,0
110644,0
110652,1
110658,1
110670,0
110673,0
110675,1
110678,1
110682,1
110683,0
110684,1
110688,0
110694,1
110700,0
110717,0
110719,2
110720,1
110722,0
110728,1
110729,1
110732,2
110741,1
110743,1
110747,0
110748,2
110750,0
110754,1
110771,1
110777,2
110787,1
110804,0
110805,0
110808,2
110809,0
110817,0
110820,1
110833,1
110834,0
110845,1
110854,2
110861,2
110866,2
110869,0
110871,1
110872,1
110875,0
110876,0
110877,0
110878,1
110883,1
110886,0
110890,1
110900,1
110907,0
110910,2
110920,0
110944,2
110948,0
110949,0
110953,1
110955,1
110958,1
110960,1
110961,0
110964,0
110965,1
110967,1
110968,1
110973,1
110975,1
110979,0
110983,2
110991,1
110994,1
110996,0
110997,1
111011,1
111021,0
111023,0
111025,1
111035,1
111039,1
111042,2
111044,0
111048,1
111049,2
111054,0
111061,0
111062,1
111064,1
111073,0
111081,2
111084,2
111088,1
111100,1
111110,1
111115,0
111121,2
111124,1
111125,1
111128,1
111129,0
111132,0
111145,1
111146,1
111163,2
111168,1
111170,1
111180,1
111181,1
111189,1
111193,1
111197,0
111203,0
111209,0
111217,0
111228,2
111233,0
111234,0
111240,0
111242,1
111249,0
111252,1
111255,0
111260,2
111263,1
111264,0
111265,1
111266,1
111267,0
111268,1
111283,0
111286,2
111288,0
111292,2
111295,0
111300,1
111307,2
111317,0
111320,1
111321,1
111323,1
111329,0
111331,0
111339,1
111343,2
111350,1
111354,0
111355,0
111366,0
111368,0
111377,0
111383,1
111387,0
111388,0
111393,1
111398,0
111406,0
111408,1
111409,1
111414,0
111416,1
111424,1
111427,1
111428,0
111435,0
111442,2
111451,1
111453,0
111468,0
111473,1
111478,2
111481,0
111490,0
111491,1
111493,0
111494,0
111500,0
111502,1
111511,1
111515,1
111522,0
111534,0
111536,2
111544,0
111563,0
111564,1
111566,0
111567,0
111571,0
111578,1
111580,1
111583,1
111585,0
111587,0
111596,1
111598,2
111599,1
111601,0
111604,0
111605,1
111609,0
111616,2
111621,0
111622,1
111624,0
111636,0
111637,1
111645,0
111651,0
111652,0
111655,0
111656,1
111667,0
111674,1
111681,1
111687,2
111689,1
111694,0
111701,1
111710,1
111714,1
111716,0
111720,1
111723,0
111729,0
111742,1
111746,0
111753,0
111757,2
111770,1
111773,2
111783,1
111786,1
111787,1
111789,1
111795,1
111796,0
111798,1
111801,1
111803,1
111804,1
111815,1
111827,0
111829,1
111832,1
111836,0
111848,1
111850,2
111853,1
111860,0
111883,0
111889,1
111901,0
111906,1
111911,1
111916,0
111917,1
111933,2
111956,1
111959,1
111960,0
111982,0
111984,0
111992,0
111994,0
111997,1
112004,1
112007,1
112008,0
112009,1
112021,0
112022,1
112023,0
112025,0
112028,2
112036,1
112040,1
112044,0
112046,0
112048,1
112050,0
112051,1
112054,1
112057,1
112063,1
112074,0
112081,0
112083,0
112090,0
112095,1
112101,1
112112,1
112114,1
112117,0
112120,1
112124,1
112131,1
112132,2
112140,0
112144,1
112150,0
112153,0
112154,1
112163,0
112166,1
112168,1
112170,1
112171,1
112183,1
112193,1
112200,1
112202,1
112204,0
112209,0
112210,0
112223,1
112224,0
112225,1
112226,1
112233,1
112262,1
112266,2
112272,0
112279,1
112284,1
112287,0
112293,2
112295,0
112300,1
112305,0
112308,0
112319,1
112324,0
112328,1
112332,0
112342,1
112346,0
112348,1
112349,0
112356,1
112358,1
112361,1
112368,1
112372,1
112375,1
112383,0
112391,2
112396,0
112399,1
112403,0
112405,1
112406,1
112408,0
112411,0
112418,0
112425,0
112428,1
112432,0
112440,1
112441,1
112445,0
112449,1
112450,1
112451,0
112461,1
112470,1
112475,0
112482,0
112486,1
112490,1
112498,0
112499,0
112502,0
112511,1
112519,1
112521,1
112522,0
112523,0
112527,2
112531,0
112533,0
112544,2
112546,0
112547,1
112556,1
112569,1
112577,0
112586,0
112587,1
112593,1
112595,1
112601,0
112603,1
112605,0
112611,0
112614,0
112618,1
112620,0
112624,0
112628,0
112629,1
112635,1
112637,0
112640,1
112642,0
112644,2
112645,2
112649,1
112650,1
112656,1
112659,1
112671,2
112674,1
112675,1
112677,1
112679,0
112686,1
112691,0
112693,2
112701,0
112702,2
112703,0
112709,1
112711,0
112713,0
112726,1
112730,1
112735,0
112739,1
112741,1
112756,0
112761,1
112779,1
112789,1
112801,1
112802,0
112818,1
112825,0
112840,0
112852,0
112855,0
112858,2
112866,1
112867,1
112868,1
112869,1
112870,1
112873,1
112875,0
112877,1
112878,0
112885,0
112890,1
112904,1
112907,1
112910,1
112918,0
112920,1
112928,0
112931,1
112939,0
112940,0
112954,0
112965,0
112968,1
112972,0
112978,0
112979,1
112985,1
112990,0
112997,1
113014,2
113021,0
113030,1
113032,0
113039,1
113042,1
113044,1
113051,0
113057,0
113058,0
113066,0
113070,1
113071,1
113076,0
113085,1
113086,1
113098,0
113102,0
113103,1
113111,0
113121,1
113123,2
113135,1
113138,1
113143,1
113150,1
113154,1
113165,1
113166,0
113175,0
113176,1
113180,0
113187,1
113195,0
113200,1
113202,1
113204,0
113205,1
113216,2
113223,1
113239,0
113242,0
113255,0
113257,0
113259,1
113273,0
113279,1
113280,1
113284,2
113291,1
113298,0
113307,0
113309,0
113313,1
113314,0
113321,0
113336,0
113338,1
113341,1
113346,1
113356,0
113364,1
113367,2
113380,0
113390,1
113402,1
113406,0
113407,0
113413,0
113419,0
113422,2
113427,0
113431,1
113433,1
113439,1
113441,1
113442,0
113444,0
113452,1
113468,0
113470,0
113471,0
113479,0
113480,1
113489,0
113490,0
113493,1
113501,1
113508,1
113509,0
113518,2
113530,0
113531,0
113542,1
113544,0
113549,1
113550,0
113559,0
113565,1
113568,1
113580,2
113589,1
113592,1
113594,0
113609,1
113613,1
113614,1
113628,1
113630,0
113635,0
113640,1
113642,2
113652,0
113656,0
113659,0
113661,1
113665,0
113669,2
113670,0
113672,1
113680,0
113686,1
113690,0
113692,1
113696,1
113699,1
113700,0
113701,1
113704,1
113705,1
113710,1
113712,0
113713,0
113719,1
113726,2
113731,2
113733,1
113735,1
113741,1
113747,1
113750,0
113760,1
113765,0
113768,0
113773,1
113780,1
113783,0
113787,1
113792,1
113793,1
113799,0
113800,0
113801,0
113810,2
113814,0
113816,0
113822,0
113823,1
113825,0
113828,0
113829,0
113832,1
113843,0
113844,1
113846,2
113848,2
113866,2
113880,0
113881,1
113890,1
113892,0
113898,0
113899,2
113905,1
113906,1
113908,0
113912,0
113915,0
113917,1
113918,0
113930,2
113937,0
113941,1
113951,1
113956,1
113957,1
113964,0
113965,0
113974,0
113977,0
113978,2
113981,1
113984,2
113987,2
113989,1
113992,0
113993,0
113995,0
113999,1
114002,1
114009,1
114013,1
114016,1
114019,0
114020,0
114037,0
114038,1
114040,1
114044,1
114053,1
114058,1
114059,0
114074,1
114075,1
114079,1
114084,3
114090,1
114098,1
114101,0
114107,0
114115,1
114122,1
114126,0
114129,1
114130,0
114132,1
114133,0
114139,1
114143,0
114145,0
114146,0
114152,1
114155,1
114160,0
114166,1
114169,2
114171,0
114175,1
114178,1
114180,0
114184,0
114187,1
114188,1
114192,1
114201,1
114208,0
114209,1
114210,1
114215,0
114218,1
114221,2
114226,0
114230,0
114231,1
114234,2
114235,0
114245,0
114259,1
114260,0
114262,0
114263,1
114270,1
114271,0
114274,1
114275,0
114280,1
114295,0
114303,0
114304,1
114305,1
114313,1
114315,1
114322,2
114324,0
114325,1
114326,2
114333,0
114334,1
114339,0
114343,2
114345,0
114346,1
114355,0
114361,2
114362,0
114364,0
114366,1
114368,1
114370,0
114376,1
114380,0
114391,1
114397,0
114399,0
114402,1
114404,1
114407,1
114413,1
114414,0
114416,1
114417,1
114419,1
114446,0
114457,1
114458,0
114466,0
114474,1
114481,1
114485,0
114486,2
114489,0
114490,0
114492,1
114497,0
114499,1
114500,0
114508,1
114516,0
114518,1
114529,1
114533,1
114540,0
114545,0
114552,0
114555,1
114556,1
114564,2
114567,1
114574,1
114583,1
114587,2
114591,1
114592,0
114604,0
114606,0
114608,1
114624,0
114626,0
114632,0
114648,1
114654,0
114658,1
114659,1
114663,1
114664,1
114665,0
114667,2
114670,0
114676,0
114678,0
114696,1
114697,1
114709,0
114712,1
114714,1
114720,0
114727,0
114728,1
114729,2
114731,1
114732,0
114744,1
114747,0
114752,1
114759,0
114761,2
114766,1
114767,1
114769,1
114771,1
114774,1
114780,0
114782,0
114784,1
114786,1
114789,0
114791,2
114793,1
114801,2
114804,0
114819,1
114825,0
114826,2
114832,1
114833,1
114837,1
114844,0
114845,0
114860,0
114863,0
114865,0
114868,1
114869,1
114872,1
114883,0
114884,2
114885,1
114896,1
114899,1
114902,0
114906,0
114911,1
114916,1
114917,0
114918,1
114923,0
114925,2
114929,1
114934,1
114935,2
114944,1
114950,0
114951,1
114954,1
114959,0
114966,0
114974,1
114999,0
115014,1
115022,1
115025,0
115026,0
115034,1
115037,2
115056,1
115061,1
115064,2
115065,1
115070,0
115074,1
115077,1
115084,0
115089,0
115092,1
115093,1
115095,1
115096,0
115100,0
115110,1
115120,0
115127,0
115128,1
115131,1
115132,0
115133,1
115134,1
115141,0
115142,1
115148,1
115161,1
115162,1
115172,1
115176,1
115178,0
115184,1
115186,0
115193,0
115194,1
115200,0
115205,1
115207,1
115211,0
115212,0
115222,1
115229,0
115230,1
115231,1
115258,1
115260,0
115266,0
115267,1
115269,1
115272,0
115287,1
115288,0
115289,0
115290,1
115292,0
115294,1
115298,1
115300,1
115308,1
115313,0
115316,0
115317,1
115318,1
115337,0
115343,0
115346,1
115348,1
115349,2
115355,0
115356,0
115357,1
115361,0
115366,1
115367,2
115375,1
115379,1
115381,0
115387,1
115392,0
115394,1
115395,0
115400,0
115401,1
115403,1
115411,0
115421,1
115423,1
115431,1
115439,1
115442,0
115444,2
115449,0
115451,1
115452,1
115455,2
115457,2
115462,1
115468,0
115477,1
115478,1
115479,1
115481,1
115490,1
115491,1
115509,0
115510,0
115513,0
115523,0
115525,2
115529,0
115533,1
115534,2
115542,1
115543,0
115546,1
115553,0
115556,0
115564,0
115570,1
115576,1
115583,1
115596,0
115597,1
115603,1
115614,0
115617,1
115627,0
115632,1
115635,0
115640,0
115647,1
115648,1
115649,0
115653,1
115667,0
115668,2
115675,1
115689,0
115699,0
115700,1
115712,0
115717,0
115720,1
115722,1
115726,1
115741,0
115749,1
115752,1
115757,1
115759,0
115761,1
115766,1
115767,1
115768,0
115774,2
115775,2
115777,0
115780,1
115781,1
115784,2
115788,1
115793,1
115813,2
115815,1
115822,0
115823,0
115831,1
115839,0
115840,0
115851,1
115854,1
115859,0
115866,1
115874,0
115887,1
115892,0
115894,1
115897,1
115900,2
115908,0
115915,2
115920,2
115931,2
115940,0
115946,1
115953,1
115959,1
115969,1
115978,1
115981,2
115985,1
115989,1
115992,1
116003,0
116004,0
116008,1
116014,2
116019,0
116025,0
116028,1
116030,0
116038,1
116050,1
116051,1
116052,2
116058,1
116072,0
116077,1
116079,0
116081,0
116090,0
116097,0
116098,1
116099,0
116100,0
116102,0
116104,0
116107,0
116108,2
116111,0
116113,1
116115,1
116118,0
116132,1
116136,1
116139,0
116146,0
116158,1
116165,0
116170,1
116172,1
116174,0
116177,0
116182,2
116184,0
116185,0
116191,0
116197,0
116200,0
116203,0
116204,2
116206,0
116214,0
116217,0
116225,1
116229,1
116230,1
116242,0
116247,0
116250,2
116256,1
116265,0
116273,1
116276,1
116277,1
116281,2
116286,1
116295,1
116297,0
116298,1
116310,0
116312,1
116315,1
116319,1
116330,0
116331,0
116336,0
116349,1
116352,0
116357,0
116366,1
116369,1
116388,1
116402,2
116403,0
116404,1
116405,0
116406,2
116409,0
116412,0
116416,1
116419,0
116424,0
116431,1
116437,2
116439,1
116442,1
116446,0
116453,0
116454,1
116459,1
116474,1
116481,1
116488,1
116491,2
116493,1
116494,1
116507,1
116508,0
116513,1
116514,0
116519,1
116520,2
116522,1
116523,1
116526,1
116529,1
116533,0
116543,1
116549,1
116562,1
116570,0
116574,1
116575,0
116580,0
116587,1
116588,0
116590,2
116600,1
116606,0
116608,1
116609,2
116623,0
116634,1
116638,0
116641,0
116645,0
116649,1
116662,1
116668,0
116677,1
116696,0
116697,0
116698,1
116705,0
116706,0
116710,1
116723,1
116724,2
116730,0
116733,2
116737,1
116740,1
116746,0
116764,0
116769,1
116772,0
116773,1
116781,0
116784,1
116791,0
116801,1
116802,0
116803,0
116804,1
116808,0
116815,0
116819,1
116821,0
116824,2
116832,0
116837,2
116839,0
116841,0
116846,0
116849,0
116852,1
116854,1
116856,2
116859,0
116881,1
116884,1
116886,1
116896,1
116900,2
116908,0
116927,0
116928,1
116930,1
116941,0
116956,1
116965,1
116967,0
116972,0
116973,2
116974,1
116979,2
116988,0
116990,0
116991,0
116994,0
117004,0
117008,0
117009,0
117012,1
117014,1
117020,1
117024,0
117032,1
117035,0
117037,1
117046,1
117048,0
117052,1
117067,1
117074,0
117077,1
117079,0
117081,1
117082,0
117084,0
117088,0
117089,2
117091,0
117094,1
117101,1
117103,1
117105,0
117107,2
117113,1
117116,1
117122,1
117123,0
117126,1
117127,1
117130,2
117137,0
117147,0
117152,0
117153,0
117161,1
117164,1
117173,0
117176,1
117183,0
117188,0
117192,1
117195,1
117197,1
117205,2
117207,0
117208,0
117210,1
117211,1
117213,0
117219,1
117223,0
117230,1
117235,1
117236,1
117237,0
117246,2
117251,0
117256,1
117259,0
117264,0
117268,0
117269,0
117280,0
117289,2
117294,0
117295,0
117300,1
117306,1
117309,2
117310,0
117322,0
117325,2
117333,0
117336,2
117340,0
117345,0
117355,1
117360,1
117366,1
117371,1
117374,1
117380,0
117396,1
117400,0
117408,1
117425,0
117429,2
117439,0
117440,1
117459,1
117469,0
117472,1
117473,0
117478,0
117479,1
117489,2
117490,0
117493,1
117495,1
117496,2
117499,1
117503,1
117511,1
117515,2
117521,1
117523,0
117530,2
117537,1
117538,1
117541,0
117544,0
117561,1
117565,1
117568,0
117570,1
117576,1
117592,0
117601,2
117602,0
117608,0
117618,0
117619,1
117620,2
117622,1
117624,0
117626,1
117640,0
117642,1
117646,0
117647,1
117650,0
117651,0
117662,2
117667,1
117676,1
117679,1
117691,1
117696,0
117704,0
117705,1
117716,1
117719,1
117722,0
117726,0
117727,1
117730,0
117731,0
117733,0
117740,1
117745,0
117749,1
117752,1
117753,0
117755,1
117761,0
117766,2
117767,0
117769,1
117770,1
117777,1
117778,0
117783,0
117787,0
117799,0
117802,1
117804,0
117805,1
117810,2
117811,2
117818,0
117821,2
117822,0
117826,0
117831,0
117843,1
117845,1
117847,1
117854,1
117857,0
117858,1
117867,1
117871,1
117874,0
117876,0
117879,1
117881,1
117886,0
117900,1
117902,0
117903,0
117908,0
117914,1
117923,1
117926,2
117928,0
117929,1
117930,0
117937,0
117945,0
117947,1
117954,1
117955,0
117959,0
117960,1
117966,0
117974,1
117980,1
117989,0
118010,1
118012,2
118013,0
118017,0
118026,0
118030,0
118031,0
118044,1
118046,0
118048,1
118049,0
118050,1
118058,1
118060,1
118061,0
118072,1
118076,1
118087,1
118092,0
118106,2
118108,1
118114,0
118117,0
118124,0
118125,0
118127,0
118128,2
118134,0
118135,0
118137,1
118149,1
118163,2
118167,1
118170,1
118182,1
118183,1
118184,0
118185,1
118189,2
118197,0
118200,0
118204,1
118205,0
118206,0
118208,0
118209,0
118214,1
118223,0
118237,0
118242,0
118246,0
118253,1
118255,2
118259,2
118271,1
118286,0
118298,0
118301,1
118303,1
118316,1
118318,1
118326,0
118327,0
118328,0
118332,1
118333,1
118336,0
118340,1
118342,1
118343,1
118352,1
118355,0
118361,1
118366,1
118368,0
118372,1
118374,1
118378,1
118382,1
118387,2
118388,0
118389,0
118392,0
118395,2
118396,1
118404,1
118406,1
118413,1
118414,0
118416,1
118426,1
118456,0
118458,1
118462,0
118463,1
118470,0
118473,0
118484,0
118492,1
118494,1
118499,0
118515,1
118531,0
118532,2
118537,0
118538,0
118547,1
118557,2
118558,1
118567,0
118570,0
118571,1
118579,0
118590,1
118596,1
118602,0
118608,1
118612,0
118615,1
118619,1
118625,1
118627,0
118638,0
118649,2
118654,2
118655,1
118658,1
118659,1
118674,0
118677,1
118680,0
118685,1
118689,0
118700,0
118702,0
118706,2
118708,0
118715,1
118725,1
118729,0
118744,0
118748,1
118754,0
118762,1
118767,0
118771,0
118773,0
118775,0
118777,1
118782,0
118783,1
118787,2
118788,1
118790,1
118792,0
118803,0
118806,0
118807,0
118808,1
118820,0
118822,0
118826,1
118836,0
118838,0
118842,0
118853,0
118855,0
118860,1
118870,1
118872,0
118885,1
118892,1
118897,1
118905,1
118916,0
118923,0
118934,0
118939,0
118944,1
118947,1
118952,0
118959,2
118961,1
118963,1
118964,2
118966,1
118971,0
118988,2
118990,0
118993,1
118998,1
118999,1
119001,1
119003,1
119004,1
119010,0
119016,1
119024,1
119038,0
119039,0
119044,1
119050,0
119051,1
119056,0
119061,0
119062,1
119064,2
119069,2
119073,1
119079,2
119086,0
119089,0
119112,0
119114,1
119120,1
119135,1
119136,1
119147,1
119148,2
119150,0
119152,1
119153,1
119169,1
119171,0
119175,0
119187,0
119189,0
119197,1
119199,1
119204,1
119213,1
119216,0
119219,1
119232,1
119235,2
119241,0
119250,0
119252,1
119253,1
119257,1
119278,2
119289,1
119294,1
119295,0
119297,0
119299,0
119318,1
119323,0
119324,1
119327,1
119331,2
119333,1
119335,0
119347,1
119350,0
119359,1
119370,0
119374,1
119386,1
119392,1
119402,1
119413,1
119421,1
119423,2
119426,2
119431,0
119435,1
119443,1
119444,1
119452,3
119457,0
119465,2
119466,0
119471,1
119478,1
119479,1
119490,1
119500,1
119501,0
119502,2
119505,1
119509,1
119515,0
119522,1
119524,1
119532,0
119534,1
119535,1
119558,0
119559,0
119560,0
119563,1
119567,0
119568,1
119574,1
119579,1
119582,0
119589,1
119597,0
119600,0
119605,0
119608,0
119609,0
119610,1
119618,0
119619,1
119620,0
119626,1
119627,1
119636,0
119641,1
119642,0
119648,0
119652,1
119658,1
119670,2
119674,0
119676,0
119682,0
119694,2
119701,2
119709,1
119719,2
119721,0
119733,1
119740,1
119742,1
119749,1
119750,1
119761,0
119766,1
119770,1
119773,1
119776,1
119780,0
119786,1
119787,1
119790,1
119791,1
119800,2
119801,0
119809,0
119812,0
119822,0
119824,1
119829,1
119841,1
119842,1
119850,1
119852,0
119856,0
119861,0
119872,1
119882,1
119885,1
119886,0
119902,0
119912,0
119914,0
119933,0
119936,1
119937,0
119938,0
119940,1
119962,0
119965,0
119968,2
119970,1
119976,0
119981,1
119987,1
120004,0
120029,2
120031,1
120033,1
120036,2
120068,0
120073,0
120075,1
120089,0
120096,1
120098,1
120099,0
120105,0
120114,1
120115,0
120120,0
120121,2
120123,0
120124,1
120126,1
120128,0
120134,2
120149,1
120150,1
120155,1
120158,1
120162,2
120173,1
120177,2
120201,0
120203,1
120206,1
120214,2
120215,0
120226,1
120228,1
120234,1
120236,0
120240,0
120253,0
120257,0
120263,1
120271,0
120275,0
120280,1
120281,0
120282,1
120284,0
120290,0
120293,0
120294,1
120301,0
120304,0
120312,2
120324,1
120325,1
120329,0
120333,1
120354,1
120375,1
120385,1
120387,1
120389,1
120392,1
120393,2
120395,1
120399,0
120406,1
120408,1
120409,2
120414,0
120418,1
120434,0
120442,1
120443,1
120455,1
120459,1
120460,0
120465,0
120469,0
120470,1
120485,1
120488,0
120489,1
120490,1
120492,1
120494,0
120495,1
120496,1
120500,0
120511,1
120515,2
120529,1
120540,1
120543,1
120544,1
120545,0
120547,0
120550,2
120552,1
120558,0
120569,0
120575,1
120580,1
120585,1
120589,1
120591,1
120601,0
120604,0
120611,1
120615,0
120626,0
120627,1
120629,0
120631,1
120633,1
120635,2
120636,0
120643,1
120647,2
120666,1
120672,1
120675,1
120680,0
120683,0
120684,0
120686,0
120688,1
120693,0
120695,1
120696,0
120698,1
120700,0
120707,0
120709,0
120710,1
120723,1
120731,1
120732,1
120733,1
120738,1
120747,1
120750,1
120752,1
120758,1
120765,1
120768,1
120777,0
120778,1
120781,1
120782,2
120785,1
120788,1
120791,1
120792,0
120796,1
120797,0
120799,0
120801,0
120803,0
120806,0
120807,1
120810,1
120812,2
120814,1
120830,1
120831,1
120843,0
120845,1
120854,0
120862,0
120865,1
120866,0
120869,1
120871,0
120873,1
120883,1
120901,0
120902,0
120915,0
120921,0
120922,0
120927,1
120939,1
120943,0
120948,0
120949,1
120952,0
120953,2
120954,1
120956,1
120971,2
120973,1
120974,1
120976,1
120978,1
120986,1
120998,1
120999,0
121004,1
121005,0
121007,0
121010,1
121016,1
121017,0
121018,0
121020,1
121022,0
121023,0
121025,0
121028,1
121032,1
121034,0
121040,0
121042,0
121055,2
121065,1
121070,1
121072,0
121080,2
121096,1
121100,0
121106,0
121113,1
121118,0
121120,1
121121,1
121123,2
121126,0
121127,0
121128,0
121140,0
121147,0
121149,1
121163,1
121171,1
121173,0
121175,1
121176,1
121181,0
121182,0
121183,0
121192,0
121194,1
121199,0
121201,1
121209,1
121212,1
121242,1
121245,0
121249,1
121250,0
121252,0
121254,1
121255,0
121258,1
121259,0
121269,1
121270,0
121285,0
121293,0
121299,1
121301,0
121316,0
121318,1
121326,1
121339,0
121342,0
121346,1
121352,0
121353,2
121357,0
121359,0
121364,0
121371,1
121375,0
121377,0
121383,0
121384,0
121385,0
121388,0
121400,1
121408,1
121413,0
121415,2
121420,0
121422,0
121425,0
121426,1
121427,1
121430,1
121432,0
121434,1
121447,2
121448,0
121478,0
121482,0
121485,1
121510,1
121512,2
121515,1
121529,2
121530,0
121540,1
121544,0
121548,0
121552,0
121556,0
121557,0
121558,1
121561,1
121564,1
121566,1
121572,1
121576,0
121577,0
121580,1
121581,1
121583,0
121586,0
121599,0
121606,0
121609,0
121610,0
121616,1
121618,0
121621,2
121622,1
121624,1
121625,1
121630,0
121633,1
121635,1
121636,1
121638,0
121644,0
121647,1
121651,0
121659,0
121662,1
121673,0
121674,0
121680,0
121689,2
121696,0
121698,1
121706,0
121709,0
121710,1
121717,1
121719,0
121727,1
121735,0
121739,0
121740,1
121745,0
121757,0
121769,1
121774,2
121783,1
121784,0
121791,0
121802,1
121805,0
121831,1
121841,1
121851,2
121852,0
121853,0
121855,1
121856,0
121861,0
121862,0
121872,2
121879,0
121881,0
121882,0
121885,0
121890,1
121905,1
121906,2
121907,1
121911,1
121913,2
121925,1
121932,0
121933,0
121935,2
121941,0
121948,2
121949,1
121951,1
121953,1
121958,1
121961,0
121962,0
121964,0
121974,1
121977,1
121980,1
121983,1
121995,2
121998,1
121999,0
122012,1
122015,1
122018,0
122021,1
122023,1
122028,0
122033,1
122037,0
122049,0
122050,1
122053,0
122060,0
122065,1
122068,2
122072,1
122074,0
122077,2
122080,0
122081,0
122111,0
122115,1
122118,1
122122,2
122138,1
122140,1
122142,0
122146,1
122149,0
122153,2
122184,0
122191,1
122192,1
122198,0
122199,1
122205,1
122207,1
122212,0
122219,2
122224,0
122227,1
122231,0
122252,1
122255,0
122259,1
122266,1
122273,0
122279,0
122282,1
122283,1
122288,0
122301,1
122311,0
122319,1
122322,0
122324,1
122330,0
122332,0
122334,0
122335,0
122338,2
122349,1
122353,0
122358,0
122359,1
122362,1
122363,1
122364,1
122365,1
122377,0
122382,2
122384,1
122385,0
122390,0
122397,1
122401,1
122404,1
122410,0
122411,1
122412,0
122413,1
122417,1
122421,0
122422,1
122435,0
122440,0
122444,0
122447,1
122448,1
122450,1
122454,1
122463,0
122466,0
122467,1
122470,2
122472,1
122476,1
122478,0
122480,0
122496,0
122498,1
122499,1
122506,2
122512,0
122518,1
122519,1
122526,0
122530,2
122548,1
122554,0
122569,0
122574,0
122576,1
122578,2
122581,1
122583,1
122584,2
122590,0
122596,1
122598,0
122611,0
122612,1
122617,1
122626,0
122628,2
122639,2
122645,2
122654,1
122660,0
122666,0
122676,1
122678,1
122681,0
122682,0
122688,1
122690,2
122692,0
122696,0
122697,0
122698,2
122699,1
122701,1
122714,0
122715,0
122719,1
122742,1
122743,1
122747,0
122748,2
122749,0
122750,0
122756,1
122761,1
122764,1
122770,0
122775,1
122778,1
122779,0
122781,1
122789,0
122795,0
122796,0
122811,0
122824,1
122825,0
122834,1
122848,1
122854,0
122858,2
122860,1
122868,0
122869,0
122871,1
122877,0
122884,1
122885,0
122887,1
122890,1
122893,0
122894,0
122895,0
122896,1
122897,2
122898,0
122899,1
122902,1
122910,0
122911,2
122913,1
122917,0
122918,1
122930,0
122931,0
122932,1
122940,0
122942,0
122945,3
122949,0
122959,1
122960,0
122961,0
122962,0
122963,1
122970,1
122981,0
122986,0
122993,0
122996,1
122998,1
123007,0
123015,0
123016,0
123018,0
123022,1
123027,0
123030,0
123031,2
123034,0
123036,0
123039,0
123054,0
123066,1
123070,0
123075,0
123085,1
123090,0
123091,0
123093,1
123100,0
123105,1
123113,0
123117,1
123123,1
123124,0
123129,0
123130,1
123137,0
123142,0
123153,0
123162,1
123169,1
123174,0
123179,0
123180,0
123187,0
123198,1
123207,0
123210,0
123212,1
123213,1
123217,2
123223,1
123226,1
123242,1
123244,1
123248,0
123252,0
123255,0
123258,0
123259,2
123262,0
123268,0
123269,0
123274,0
123291,1
123299,0
123300,2
123304,1
123314,1
123315,1
123316,3
123317,0
123319,0
123321,0
123322,0
123323,0
123325,1
123326,0
123329,2
123348,0
123351,1
123355,1
123360,1
123364,0
123370,1
123372,0
123376,0
123380,0
123390,0
123392,1
123396,1
123398,1
123406,1
123416,1
123422,0
123431,0
123433,1
123434,0
123435,1
123436,1
123444,1
123445,1
123446,0
123447,1
123448,0
123449,1
123452,1
123456,2
123457,1
123461,1
123478,1
123480,0
123497,1
123499,1
123502,0
123503,0
123509,1
123510,0
123511,0
123532,0
123537,0
123544,0
123548,0
123550,1
123556,0
123560,0
123565,1
123570,1
123571,2
123572,1
123582,2
123585,0
123587,0
123589,1
123603,0
123606,1
123617,0
123633,2
123637,0
123638,0
123642,1
123651,1
123652,1
123653,1
123662,2
123670,1
123671,0
123673,0
123677,2
123681,1
123682,0
123684,1
123692,0
123698,1
123699,0
123703,1
123713,0
123718,1
123722,1
123733,0
123737,1
123740,1
123746,0
123749,0
123755,1
123757,0
123767,0
123779,1
123783,1
123786,1
123788,0
123793,1
123799,1
123800,1
123802,0
123813,3
123815,1
123836,0
123837,0
123846,1
123856,2
123858,1
123868,1
123870,0
123876,0
123877,0
123880,1
123882,0
123898,0
123901,1
123907,0
123912,0
123928,0
123931,0
123936,1
123937,1
123939,1
123941,0
123943,1
123944,0
123956,0
123959,1
123960,1
123963,0
123966,2
123968,1
123972,1
123975,1
123977,0
123986,0
123987,1
123991,0
123992,1
123993,1
123999,0
124011,2
124016,0
124017,1
124022,0
124026,1
124031,1
124032,2
124036,1
124047,0
124049,1
124054,0
124063,0
124067,2
124069,0
124071,1
124072,2
124076,1
124086,0
124087,1
124099,1
124100,0
124102,1
124103,1
124107,1
124120,2
124121,2
124125,0
124130,0
124135,1
124138,1
124139,0
124143,0
124146,1
124147,1
124148,0
124159,1
124161,1
124165,0
124181,1
124182,1
124183,1
124186,1
124188,1
124192,0
124194,1
124195,1
124198,1
124199,0
124205,1
124207,2
124212,0
124220,1
124228,1
124230,0
124252,1
124257,2
124261,2
124272,1
124273,0
124280,1
124282,1
124290,1
124292,1
124294,0
124297,0
124305,1
124306,1
124308,0
124312,1
124313,1
124321,0
124323,0
124328,0
124332,1
124333,1
124334,0
124349,1
124351,0
124352,1
124358,1
124368,2
124374,0
124382,2
124386,0
124390,2
124392,0
124396,1
124397,2
124403,0
124405,1
124414,1
124418,1
124424,1
124440,1
124441,1
124454,1
124459,1
124462,1
124467,0
124470,1
124478,2
124481,1
124482,2
124486,2
124490,1
124498,1
124500,1
124502,1
124505,0
124507,1
124510,0
124512,0
124516,1
124517,0
124518,0
124519,0
124533,2
124534,1
124540,1
124544,1
124546,1
124550,0
124579,0
124591,2
124592,0
124597,1
124598,0
124604,1
124611,0
124612,0
124616,0
124617,0
124620,0
124624,2
124630,1
124635,0
124641,1
124643,1
124648,0
124651,1
124661,2
124664,1
124668,0
124673,1
124674,1
124676,0
124684,1
124686,0
124688,0
124689,0
124700,1
124704,1
124707,0
124712,1
124716,1
124719,0
124720,1
124723,0
124727,1
124728,1
124732,0
124734,0
124735,1
124736,0
124739,1
124740,0
124741,1
124745,0
124749,2
124755,0
124762,1
124765,1
124769,0
124775,0
124776,0
124777,1
124789,0
124790,0
124803,2
124821,1
124822,1
124842,0
124845,0
124849,1
124850,0
124852,1
124859,0
124861,1
124868,1
124883,1
124887,2
124889,0
124891,0
124892,0
124900,1
124907,2
124910,1
124913,0
124916,0
124918,1
124920,1
124923,0
124937,0
124939,0
124940,1
124941,2
124945,1
124952,0
124954,1
124958,0
124964,1
124970,1
124975,1
124980,1
124984,2
124995,1
125000,1
125010,0
125013,0
125017,1
125021,1
125025,0
125030,1
125034,0
125049,0
125066,0
125069,1
125075,2
125079,0
125084,1
125087,1
125091,0
125094,0
125097,0
125101,0
125106,2
125107,0
125114,1
125115,1
125116,1
125120,0
125121,0
125129,0
125130,1
125131,0
125134,1
125137,1
125141,0
125150,1
125156,0
125159,2
125169,1
125179,1
125181,0
125183,2
125185,0
125188,1
125189,0
125190,1
125193,0
125195,1
125197,1
125199,0
125203,0
125212,0
125214,0
125238,1
125242,0
125245,1
125247,0
125248,0
125250,0
125253,1
125259,1
125274,1
125276,0
125278,0
125281,0
125287,1
125291,0
125297,1
125299,1
125303,0
125311,0
125312,1
125317,0
125318,1
125319,0
125323,1
125335,1
125336,0
125342,2
125344,0
125346,1
125367,1
125370,1
125380,1
125386,1
125393,1
125396,1
125401,2
125410,0
125414,0
125419,0
125420,1
125435,1
125463,1
125471,1
125473,0
125484,0
125498,1
125503,1
125504,1
125506,1
125511,1
125524,1
125529,1
125530,1
125537,2
125540,0
125544,1
125545,1
125546,0
125547,1
125548,0
125549,2
125564,0
125565,0
125581,1
125582,1
125585,0
125597,0
125599,1
125603,0
125608,0
125615,1
125628,0
125629,1
125632,0
125636,1
125640,0
125641,1
125642,2
125651,2
125661,1
125668,1
125673,0
125674,1
125688,1
125692,1
125694,1
125701,1
125705,1
125711,1
125720,1
125723,0
125732,1
125734,0
125737,0
125738,2
125741,0
125749,0
125756,1
125757,1
125761,1
125769,1
125773,0
125777,0
125780,1
125786,1
125795,0
125796,2
125800,1
125808,0
125817,1
125824,1
125829,2
125830,1
125841,1
125842,1
125846,0
125856,0
125864,1
125866,0
125868,0
125875,1
125876,1
125884,0
125894,0
125898,1
125909,1
125912,2
125913,1
125915,1
125916,1
125917,0
125921,1
125933,1
125934,0
125936,1
125951,1
125957,0
125963,0
125965,0
125970,2
125976,1
125977,0
125979,1
125981,2
125982,1
125995,0
125996,1
125997,1
125999,0
126003,0
126004,1
126009,1
126013,0
126014,0
126015,1
126019,1
126031,1
126034,0
126044,2
126045,1
126047,1
126050,1
126053,1
126061,1
126062,1
126063,1
126066,1
126068,1
126069,2
126070,1
126079,1
126080,1
126084,1
126085,0
126087,0
126095,1
126099,0
126107,1
126110,2
126111,1
126116,1
126118,1
126119,0
126120,0
126121,0
126136,1
126140,0
126148,0
126149,0
126158,1
126160,0
126163,1
126171,1
126173,2
126175,2
126178,0
126184,1
126186,1
126195,1
126197,2
126202,0
126207,1
126212,0
126214,2
126217,1
126219,0
126222,1
126224,1
126242,0
126251,0
126254,0
126257,1
126263,1
126268,0
126269,0
126270,0
126273,0
126279,2
126285,0
126302,1
126308,1
126313,0
126320,0
126342,2
126344,1
126348,1
126352,0
126359,1
126363,1
126367,1
126371,0
126372,0
126373,1
126384,0
126404,1
126423,0
126429,0
126430,0
126431,1
126433,1
126436,1
126440,0
126455,1
126459,0
126461,0
126465,0
126472,0
126473,0
126477,1
126485,1
126486,0
126492,0
126493,0
126518,2
126525,1
126529,1
126531,1
126532,1
126538,0
126542,1
126553,1
126555,0
126557,1
126558,0
126560,0
126562,1
126566,0
126568,0
126570,1
126572,1
126574,2
126579,1
126581,0
126583,0
126587,1
126588,2
126593,1
126595,1
126598,0
126605,1
126614,1
126616,1
126627,1
126632,0
126634,1
126640,2
126651,0
126653,1
126657,0
126658,0
126670,0
126681,0
126684,1
126692,1
126694,2
126695,1
126701,0
126702,0
126705,1
126707,0
126715,2
126717,0
126718,2
126719,0
126723,0
126724,1
126726,0
126734,1
126736,1
126737,1
126739,1
126742,1
126744,0
126748,0
126749,0
126752,1
126753,0
126760,0
126764,0
126768,1
126771,1
126775,1
126777,1
126780,1
126782,1
126786,0
126787,1
126790,0
126793,1
126795,1
126796,0
126802,0
126806,1
126809,0
126810,1
126817,2
126823,0
126825,0
126854,2
126856,1
126859,1
126866,1
126872,0
126875,2
126885,2
126895,1
126896,0
126898,0
126899,0
126907,0
126921,1
126923,1
126924,1
126930,0
126931,0
126937,1
126948,1
126963,1
126968,1
126975,1
126977,0
126981,1
126982,1
126984,1
126991,0
126995,1
127005,1
127011,0
127014,0
127015,1
127024,1
127035,0
127054,2
127058,0
127061,2
127062,1
127066,0
127073,1
127074,1
127076,0
127079,2
127082,1
127090,0
127092,0
127093,1
127099,0
127100,1
127108,1
127116,1
127118,0
127123,0
127139,1
127142,1
127151,0
127154,0
127165,0
127171,2
127175,1
127182,1
127195,2
127197,1
127198,0
127207,1
127210,0
127213,0
127231,1
127239,1
127241,0
127245,0
127254,0
127259,2
127261,1
127262,2
127264,0
127265,1
127268,1
127282,0
127283,1
127286,0
127294,1
127303,0
127305,1
127307,0
127308,0
127314,0
127319,0
127328,0
127339,1
127342,1
127346,1
127347,2
127349,1
127355,0
127357,0
127358,0
127362,0
127367,0
127372,0
127384,1
127385,1
127398,1
127413,0
127435,0
127448,1
127449,2
127452,2
127464,1
127465,2
127468,1
127470,0
127471,1
127475,1
127479,1
127483,0
127490,2
127502,0
127505,0
127506,1
127510,1
127512,0
127525,0
127527,1
127533,1
127537,0
127538,2
127548,1
127559,1
127562,1
127567,1
127571,0
127583,1
127585,0
127587,0
127589,1
127597,0
127603,1
127613,1
127615,0
127626,1
127627,1
127644,0
127645,1
127658,0
127663,1
127664,0
127676,0
127684,1
127685,1
127687,1
127690,2
127692,1
127693,0
127705,0
127715,2
127722,1
127723,0
127736,1
127745,2
127764,0
127770,1
127771,0
127781,1
127782,1
127784,1
127799,2
127810,0
127814,0
127819,2
127821,1
127828,1
127832,1
127837,1
127840,1
127841,0
127860,1
127864,2
127874,0
127878,2
127879,1
127882,1
127895,0
127898,0
127905,0
127908,1
127911,2
127915,1
127917,0
127918,0
127926,1
127927,1
127932,1
127937,1
127939,0
127940,2
127944,1
127948,0
127949,1
127953,1
127955,0
127969,1
127974,1
127975,2
127976,1
127980,1
127984,1
127985,1
127989,0
127997,2
127999,1
128006,0
128015,2
128021,1
128022,2
128039,0
128040,0
128047,1
128049,1
128056,1
128057,0
128059,1
128067,0
128070,0
128072,1
128073,1
128075,1
128081,1
128098,0
128100,0
128102,1
128115,1
128120,0
128122,1
128123,0
128130,0
128134,0
128142,0
128143,1
128149,2
128153,1
128154,1
128156,1
128157,1
128158,1
128167,1
128171,1
128177,1
128184,1
128189,1
128191,0
128197,2
128201,1
128205,1
128206,0
128209,0
128212,1
128214,2
128215,2
128218,0
128222,1
128230,1
128231,1
128233,0
128238,0
128241,0
128250,1
128258,1
128265,0
128267,0
128276,1
128284,1
128287,0
128291,2
128297,0
128300,0
128305,0
128307,2
128313,1
128314,1
128315,1
128322,0
128325,0
128327,1
128334,1
128335,0
128336,0
128338,1
128339,2
128344,0
128345,0
128346,1
128379,0
128380,1
128381,1
128382,0
128391,1
128394,2
128402,0
128407,0
128410,1
128413,1
128416,0
128418,1
128420,0
128434,1
128439,0
128447,0
128452,2
128453,1
128454,0
128459,0
128467,1
128469,0
128470,1
128472,1
128483,1
128484,0
128487,0
128496,0
128500,1
128502,1
128504,0
128507,1
128508,1
128514,0
128520,0
128521,1
128522,1
128542,0
128547,1
128550,1
128552,0
128553,0
128554,2
128558,1
128560,1
128561,0
128563,1
128564,1
128566,0
128568,0
128569,1
128573,2
128580,0
128581,0
128587,1
128590,1
128603,2
128607,2
128609,0
128619,1
128630,0
128632,0
128636,0
128638,1
128642,0
128644,2
128651,2
128652,1
128657,0
128660,0
128665,1
128668,1
128674,0
128682,0
128686,0
128693,2
128694,0
128699,0
128703,0
128722,0
128730,0
128738,1
128740,1
128744,1
128747,1
128753,1
128764,0
128774,1
128775,0
128785,2
128800,1
128803,2
128805,0
128821,0
128822,2
128831,1
128832,1
128833,1
128843,1
128844,1
128845,1
128846,1
128853,1
128854,1
128864,1
128869,0
128875,2
128876,1
128877,1
128879,1
128886,1
128887,0
128888,0
128889,1
128894,1
128907,0
128912,0
128920,1
128921,1
128925,1
128951,1
128962,1
128963,0
128965,0
128969,2
128972,1
128976,0
128983,1
128989,0
128991,1
129001,0
129003,1
129011,1
129013,0
129019,1
129021,0
129022,1
129027,0
129028,0
129034,0
129037,1
129042,1
129044,1
129048,0
129058,0
129061,0
129062,2
129068,0
129075,1
129077,0
129082,2
129087,1
129100,1
129112,1
129116,2
129133,1
129134,1
129135,2
129146,1
129153,1
129159,1
129168,2
129170,1
129172,0
129188,0
129189,1
129191,0
129198,0
129200,1
129201,1
129217,1
129221,0
129225,1
129234,1
129237,1
129240,0
129245,1
129246,0
129250,1
129256,1
129261,0
129268,0
129272,0
129275,0
129277,1
129278,1
129279,0
129280,0
129291,1
129299,2
129306,2
129310,1
129316,2
129320,1
129322,0
129323,1
129325,0
129328,0
129335,0
129337,1
129339,2
129352,1
129359,0
129365,0
129368,2
129376,1
129381,2
129387,1
129388,0
129396,2
129401,0
129409,1
129416,1
129417,0
129420,0
129421,0
129427,1
129436,2
129450,2
129462,0
129463,1
129468,1
129475,1
129479,1
129490,0
129491,0
129493,1
129494,1
129495,1
129496,1
129502,1
129517,1
129524,1
129531,0
129532,2
129533,2
129538,0
129540,1
129544,1
129560,1
129569,1
129577,0
129579,1
129583,1
129589,1
129592,1
129594,0
129595,0
129602,1
129604,0
129609,0
129621,0
129626,0
129634,0
129637,0
129641,1
129642,1
129644,1
129648,1
129650,1
129661,0
129665,2
129672,2
129675,2
129677,0
129683,2
129691,1
129696,1
129699,1
129707,1
129711,1
129726,1
129737,1
129740,1
129747,0
129752,0
129757,1
129766,1
129770,0
129772,1
129773,0
129778,0
129782,1
129795,1
129803,1
129808,2
129810,1
129814,1
129816,1
129838,1
129842,1
129847,1
129856,1
129871,1
129874,1
129877,1
129883,2
129895,0
129898,2
129899,0
129903,1
129915,2
129917,0
129920,1
129932,1
129940,1
129941,1
129946,1
129949,1
129951,0
129960,0
129964,1
129970,1
129982,0
129984,1
129993,1
129996,0
130006,2
130009,2
130015,2
130020,2
130024,2
130025,0
130026,1
130034,1
130043,0
130046,1
130054,0
130063,0
130065,0
130066,1
130080,0
130083,0
130084,0
130085,0
130089,0
130090,1
130092,1
130096,1
130099,1
130106,0
130109,1
130117,0
130121,1
130127,1
130131,1
130133,0
130135,1
130138,1
130140,0
130142,2
130144,0
130145,1
130147,2
130148,0
130150,0
130155,0
130157,1
130158,1
130166,1
130167,1
130172,0
130174,0
130181,1
130186,2
130192,0
130196,0
130204,2
130220,1
130231,1
130232,0
130234,2
130235,1
130238,1
130242,1
130253,0
130254,1
130255,1
130256,1
130259,0
130269,0
130272,1
130278,1
130289,0
130293,1
130295,1
130321,2
130322,2
130325,2
130326,1
130331,0
130344,2
130347,2
130353,1
130354,0
130356,1
130358,1
130361,1
130372,1
130373,0
130381,1
130383,0
130390,1
130392,2
130394,2
130411,1
130422,0
130423,0
130425,1
130428,2
130433,1
130437,0
130438,1
130440,1
130444,1
130452,1
130454,0
130457,1
130462,1
130464,2
130466,2
130469,0
130470,0
130473,1
130475,1
130477,2
130486,0
130490,0
130503,1
130506,0
130509,0
130513,1
130518,1
130519,1
130520,1
130521,2
130525,0
130526,1
130531,1
130532,1
130544,0
130551,1
130559,0
130560,0
130571,2
130580,1
130582,2
130583,1
130584,1
130589,1
130599,1
130605,1
130642,1
130649,0
130650,1
130655,0
130664,0
130668,2
130682,1
130683,1
130688,0
130691,1
130695,0
130697,0
130703,0
130707,1
130713,1
130724,1
130726,1
130730,1
130743,1
130745,1
130746,1
130750,1
130752,0
130754,0
130755,0
130762,1
130769,0
130772,0
130777,1
130780,0
130782,1
130786,1
130787,0
130793,1
130799,0
130804,2
130807,1
130812,0
130817,1
130822,1
130823,0
130825,1
130832,1
130852,1
130859,0
130874,0
130875,0
130876,1
130883,1
130899,0
130907,0
130912,1
130914,2
130925,1
130931,1
130934,0
130936,1
130939,1
130954,0
130955,1
130958,1
130962,1
130964,0
130966,1
130968,1
130977,1
130981,0
130986,0
130991,0
130993,0
131002,0
131003,1
131016,0
131017,0
131019,1
131023,1
131028,2
131029,1
131035,1
131040,1
131046,1
131050,1
131054,1
131055,1
131074,1
131087,0
131089,0
131093,0
131097,1
131100,0
131102,0
131105,1
131108,2
131110,1
131114,0
131121,1
131124,1
131125,0
131126,2
131130,0
131134,0
131141,1
131152,0
131159,1
131161,1
131166,1
131170,1
131177,0
131182,0
131188,1
131190,1
131199,0
131200,1
131202,1
131208,0
131215,0
131221,0
131225,0
131226,0
131233,1
131252,1
131255,1
131256,1
131262,1
131278,0
131282,0
131286,0
131288,1
131293,1
131299,1
131300,0
131304,0
131307,0
131308,0
131314,1
131318,1
131319,1
131335,0
131345,1
131352,1
131360,0
131362,0
131373,0
131375,0
131376,0
131378,0
131384,1
131385,2
131387,1
131389,0
131399,1
131401,1
131412,2
131413,1
131416,1
131421,0
131434,1
131438,0
131448,0
131456,1
131466,1
131467,1
131468,1
131471,1
131476,1
131494,2
131504,0
131507,1
131509,2
131516,0
131518,0
131519,1
131525,0
131528,1
131531,1
131532,0
131561,1
131571,0
131574,1
131575,1
131578,1
131586,0
131592,1
131597,2
131598,1
131602,1
131613,0
131616,0
131618,0
131622,1
131630,1
131636,0
131644,1
131646,1
131649,0
131650,0
131654,1
131655,0
131656,0
131658,1
131664,1
131683,1
131689,1
131692,0
131700,0
131701,0
131706,0
131718,0
131722,0
131739,0
131740,1
131745,1
131746,1
131747,1
131751,1
131759,1
131761,0
131762,0
131770,0
131773,0
131774,1
131775,0
131779,1
131780,1
131789,1
131813,2
131827,1
131829,1
131833,1
131835,2
131836,1
131844,1
131856,2
131864,0
131867,1
131874,0
131887,1
131889,0
131894,0
131905,0
131913,2
131917,0
131921,0
131927,1
131937,1
131939,0
131941,2
131949,0
131953,2
131957,2
131964,0
131968,2
131977,2
131978,0
131979,0
131992,0
131994,2
131997,1
132000,0
132004,0
132012,1
132013,0
132014,0
132016,2
132018,0
132033,0
132035,1
132037,0
132041,2
132043,1
132045,1
132046,1
132052,0
132053,0
132063,1
132067,2
132070,0
132071,1
132079,0
132084,1
132088,0
132089,1
132094,0
132099,1
132100,1
132105,1
132107,1
132113,0
132117,1
132118,0
132120,1
132125,0
132131,1
132136,0
132145,0
132148,1
132150,1
132151,1
132154,2
132164,2
132167,0
132169,1
132170,1
132173,0
132178,1
132181,0
132187,0
132202,2
132203,2
132211,1
132219,0
132226,1
132227,0
132228,0
132238,1
132247,2
132253,0
132255,0
132260,0
132270,1
132271,1
132282,1
132284,1
132285,1
132287,0
132290,1
132294,1
132300,1
132304,1
132305,0
132307,1
132308,0
132311,1
132313,1
132315,0
132319,0
132323,1
132330,1
132333,1
132338,1
132344,1
132350,0
132354,0
132359,1
132361,0
132365,1
132371,0
132384,0
132385,0
132387,0
132391,0
132393,0
132399,0
132408,2
132409,1
132411,0
132412,0
132413,0
132421,0
132427,0
132436,1
132439,0
132447,0
132451,0
132452,1
132457,1
132458,1
132474,0
132480,1
132487,0
132489,2
132490,0
132500,0
132507,1
132513,1
132516,1
132521,0
132525,1
132529,1
132540,0
132544,1
132552,0
132557,0
132560,2
132566,1
132567,0
132578,1
132582,0
132588,2
132593,2
132596,1
132600,1
132608,1
132611,2
132614,1
132616,0
132619,1
132624,0
132627,1
132631,0
132633,1
132634,1
132640,2
132646,0
132650,0
132651,1
132660,2
132662,1
132665,1
132668,0
132679,0
132695,0
132702,0
132714,1
132718,1
132728,0
132729,0
132734,1
132737,1
132740,0
132745,2
132747,0
132754,1
132757,0
132758,0
132762,0
132767,2
132769,0
132772,0
132777,0
132787,0
132792,1
132796,0
132802,1
132804,0
132807,0
132811,0
132813,1
132823,1
132824,2
132825,0
132830,1
132835,1
132844,1
132846,0
132847,0
132849,0
132852,1
132854,1
132858,1
132860,1
132866,1
132881,2
132887,1
132889,1
132894,2
132900,0
132901,0
132907,0
132913,0
132927,1
132937,0
132945,1
132957,0
132958,1
132971,1
132984,0
132985,0
132990,1
132992,2
132993,0
132996,0
132998,0
133004,1
133019,1
133026,0
133030,0
133034,0
133035,1
133040,0
133052,1
133055,0
133062,2
133068,2
133073,0
133083,0
133090,0
133093,1
133097,0
133098,0
133106,1
133110,1
133114,0
133115,0
133117,0
133118,0
133119,0
133120,2
133126,0
133131,2
133135,1
133140,0
133143,0
133149,2
133152,0
133155,2
133161,1
133163,2
133176,2
133184,0
133185,1
133188,1
133191,0
133194,1
133195,0
133202,2
133206,1
133211,1
133216,0
133219,1
133222,2
133226,1
133227,1
133233,1
133253,1
133255,0
133259,1
133264,1
133269,1
133272,1
133285,0
133289,0
133292,2
133296,0
133301,1
133305,1
133307,1
133310,0
133315,1
133323,1
133326,0
133327,1
133330,1
133336,0
133337,0
133340,1
133341,1
133342,0
133343,0
133344,0
133346,0
133356,1
133360,1
133361,0
133372,0
133373,1
133377,2
133386,1
133388,1
133394,1
133395,0
133396,0
133402,1
133409,2
133413,1
133414,2
133416,0
133417,0
133419,1
133423,1
133427,1
133432,0
133434,1
133444,0
133455,1
133456,0
133467,1
133469,1
133472,0
133473,0
133484,1
133488,0
133495,0
133497,1
133502,0
133509,1
133517,0
133520,1
133526,0
133528,1
133529,0
133538,1
133540,1
133558,1
133564,1
133566,0
133568,0
133569,0
133572,1
133579,0
133587,1
133592,0
133610,0
133615,0
133624,1
133635,1
133636,2
133638,0
133655,2
133657,1
133662,1
133666,0
133667,0
133669,1
133676,0
133682,0
133708,1
133713,0
133716,0
133717,0
133727,1
133734,0
133742,0
133743,2
133746,0
133762,0
133763,0
133772,2
133776,1
133777,1
133783,1
133787,0
133788,1
133789,1
133791,0
133795,2
133806,1
133815,1
133819,1
133820,1
133824,0
133825,0
133833,0
133835,1
133836,0
133840,0
133843,0
133846,0
133856,0
133858,0
133873,1
133877,1
133882,0
133884,1
133895,0
133896,0
133899,1
133902,1
133903,1
133904,1
133905,1
133908,1
133917,0
133918,0
133921,2
133924,1
133931,1
133937,0
133940,1
133944,1
133947,0
133955,1
133957,0
133964,0
133969,1
133971,1
133974,1
133985,0
133986,0
133988,2
133990,1
134012,1
134038,0
134041,1
134045,1
134047,1
134048,1
134071,0
134099,2
134101,2
134105,0
134107,0
134120,0
134121,1
134123,0
134130,0
134146,0
134155,0
134161,2
134172,1
134188,1
134192,1
134205,1
134210,2
134214,1
134216,1
134217,2
134218,1
134222,1
134234,0
134235,1
134236,1
134240,1
134248,1
134257,1
134258,0
134273,1
134278,0
134301,0
134302,1
134304,1
134316,0
134320,1
134335,0
134337,1
134341,1
134344,2
134346,0
134365,0
134367,1
134370,0
134374,0
134378,0
134381,1
134384,1
134390,1
134392,1
134396,0
134397,1
134400,0
134405,0
134414,0
134420,0
134429,1
134438,0
134441,0
134442,1
134445,1
134447,1
134449,1
134452,2
134453,1
134455,1
134477,1
134478,2
134481,0
134484,1
134492,1
134521,0
134525,1
134532,1
134534,0
134556,0
134561,0
134565,2
134567,1
134581,1
134583,0
134587,1
134588,2
134589,0
134593,1
134618,2
134637,1
134638,1
134641,2
134652,1
134659,0
134671,1
134678,0
134681,2
134688,1
134692,0
134694,0
134706,0
134707,1
134715,1
134716,0
134720,1
134733,1
134735,1
134744,0
134747,0
134748,0
134750,1
134754,1
134761,0
134765,0
134772,0
134776,1
134785,1
134788,0
134793,0
134795,0
134803,1
134804,1
134805,1
134826,0
134832,1
134840,0
134841,1
134849,1
134856,0
134859,0
134860,0
134861,1
134863,0
134866,2
134867,2
134870,1
134875,1
134880,0
134883,0
134885,1
134893,0
134897,0
134900,0
134913,0
134917,1
134922,1
134927,1
134928,0
134936,1
134937,0
134942,0
134945,0
134953,2
134956,1
134957,0
134958,2
134959,0
134960,1
134961,0
134966,0
134972,0
134973,1
134976,0
134977,0
134980,1
134988,1
134992,1
135002,0
135003,1
135009,0
135010,2
135025,1
135028,0
135034,1
135041,0
135047,0
135058,1
135063,2
135064,0
135072,1
135077,1
135084,0
135087,0
135089,1
135093,1
135100,0
135110,1
135113,1
135120,1
135121,0
135124,2
135125,2
135130,1
135131,1
135132,0
135135,1
135140,1
135148,1
135153,1
135160,1
135164,1
135168,1
135169,1
135170,2
135171,1
135173,1
135175,0
135197,1
135203,0
135206,0
135211,0
135215,0
135218,0
135219,1
135220,1
135224,0
135227,1
135235,0
135237,0
135242,1
135255,0
135258,1
135260,1
135263,0
135266,0
135270,0
135274,1
135276,0
135277,0
135281,2
135282,1
135285,2
135294,1
135299,1
135301,2
135308,0
135312,1
135314,1
135320,1
135321,0
135325,0
135345,0
135351,1
135352,1
135353,2
135356,0
135359,0
135363,0
135366,1
135371,0
135377,0
135379,0
135381,2
135388,1
135393,1
135395,0
135396,0
135401,1
135402,1
135404,1
135418,1
135426,0
135431,0
135439,0
135450,0
135452,0
135453,1
135461,0
135466,1
135475,0
135477,1
135479,0
135480,0
135481,1
135482,0
135483,1
135485,0
135487,0
135492,1
135494,1
135503,0
135511,0
135519,0
135521,1
135522,0
135523,1
135525,1
135529,1
135550,0
135552,0
135557,1
135559,0
135567,1
135580,1
135585,0
135589,1
135590,1
135591,0
135592,0
135593,1
135598,0
135611,0
135616,1
135619,1
135627,0
135628,2
135631,0
135635,1
135636,2
135637,0
135638,1
135647,0
135653,1
135654,1
135657,0
135659,0
135664,0
135665,0
135674,1
135676,0
135680,1
135685,1
135686,0
135688,0
135691,0
135693,1
135702,0
135704,1
135708,0
135709,1
135711,1
135717,1
135724,2
135733,1
135749,0
135754,0
135755,1
135761,2
135768,0
135772,0
135777,1
135785,0
135795,0
135814,0
135822,1
135825,1
135839,0
135840,0
135853,1
135860,0
135864,0
135872,1
135873,0
135878,0
135886,0
135887,1
135893,1
135894,0
135897,1
135903,1
135905,1
135910,2
135913,1
135916,0
135918,0
135922,1
135923,1
135927,0
135928,0
135931,0
135940,1
135942,1
135946,1
135957,0
135960,1
135970,1
135974,2
135976,2
135990,1
135995,0
135998,0
136000,0
136001,0
136005,0
136009,1
136014,0
136015,3
136026,1
136028,1
136036,0
136051,1
136054,1
136064,1
136069,1
136075,2
136078,1
136082,2
136085,0
136086,0
136104,0
136107,0
136112,0
136116,1
136118,0
136136,1
136138,0
136140,1
136163,1
136173,0
136179,2
136184,1
136191,2
136199,0
136213,0
136231,1
136238,0
136246,1
136247,0
136264,0
136270,0
136272,1
136274,0
136282,0
136284,0
136293,0
136296,0
136305,0
136312,2
136313,1
136319,1
136325,2
136329,1
136336,0
136337,0
136338,1
136341,2
136344,0
136347,1
136348,1
136354,0
136356,0
136358,1
136372,0
136374,1
136383,1
136387,0
136388,0
136389,1
136394,1
136399,1
136400,0
136401,1
136406,0
136409,0
136411,1
136413,1
136414,0
136417,2
136418,1
136419,1
136420,0
136423,1
136424,2
136429,1
136433,0
136437,1
136438,0
136447,1
136451,0
136454,0
136460,1
136464,0
136471,0
136473,0
136475,1
136479,0
136480,0
136481,1
136485,2
136487,0
136496,1
136499,1
136500,1
136502,0
136507,1
136510,0
136522,2
136527,0
136533,0
136535,1
136536,0
136543,0
136550,1
136555,2
136556,0
136561,1
136562,0
136569,1
136575,0
136576,2
136594,0
136595,0
136598,1
136603,0
136605,0
136611,2
136613,1
136622,2
136623,1
136624,0
136625,1
136632,1
136633,1
136643,1
136646,0
136647,0
136649,1
136653,1
136654,1
136657,0
136670,0
136674,0
136677,1
136683,1
136684,1
136686,1
136699,1
136702,1
136703,0
136707,1
136709,0
136712,0
136719,1
136725,1
136726,0
136728,1
136730,1
136732,0
136737,0
136749,1
136755,0
136756,0
136758,1
136763,1
136772,1
136778,0
136789,1
136795,1
136800,1
136805,1
136809,0
136815,1
136816,1
136823,0
136825,1
136828,0
136831,1
136836,0
136839,0
136840,1
136841,0
136847,0
136848,1
136849,0
136850,0
136865,1
136878,0
136885,0
136886,2
136890,0
136895,0
136899,1
136900,0
136909,0
136911,0
136915,2
136917,1
136919,0
136921,0
136932,2
136940,1
136944,1
136951,1
136956,1
136957,1
136966,1
136967,0
136969,1
136970,1
136972,1
136973,0
136974,0
136985,1
136991,0
136998,2
137013,1
137020,2
137021,1
137023,1
137032,0
137048,2
137049,1
137053,0
137054,0
137058,0
137072,0
137074,1
137075,0
137090,1
137094,0
137095,0
137097,0
137098,1
137107,1
137108,0
137117,1
137125,0
137132,1
137134,0
137138,1
137141,2
137142,1
137143,0
137145,0
137152,0
137156,0
137160,2
137165,2
137170,0
137174,0
137177,0
137181,2
137182,1
137185,2
137187,1
137194,0
137201,0
137206,0
137212,0
137217,0
137223,1
137226,2
137228,0
137233,0
137234,1
137236,1
137243,0
137249,0
137254,1
137266,2
137267,1
137270,0
137273,1
137277,0
137279,0
137283,2
137284,2
137291,0
137293,0
137299,1
137301,0
137303,1
137305,1
137316,1
137322,0
137338,0
137340,0
137342,1
137344,0
137347,1
137384,0
137389,1
137392,1
137401,1
137402,1
137406,0
137415,1
137433,1
137434,1
137451,1
137459,0
137461,0
137464,1
137466,0
137472,0
137476,0
137482,1
137483,0
137487,1
137490,1
137499,1
137501,0
137502,0
137513,2
137516,1
137518,1
137519,1
137520,1
137521,0
137523,2
137525,0
137528,0
137530,1
137531,1
137532,1
137534,0
137536,2
137537,1
137542,1
137549,2
137551,1
137566,1
137571,1
137573,1
137575,0
137576,1
137587,0
137593,0
137596,1
137613,0
137624,1
137625,0
137628,1
137630,0
137631,1
137632,0
137640,1
137641,1
137643,2
137646,1
137648,1
137649,0
137650,1
137654,0
137659,0
137660,1
137670,0
137671,1
137677,1
137683,0
137690,1
137696,0
137698,0
137711,1
137718,2
137719,1
137738,0
137742,1
137744,0
137747,0
137753,0
137761,0
137769,1
137771,0
137772,1
137776,0
137780,2
137784,0
137785,0
137790,2
137792,0
137796,1
137798,1
137800,1
137803,1
137811,0
137818,0
137821,2
137827,0
137830,1
137849,0
137850,0
137858,1
137861,0
137867,0
137873,1
137875,1
137878,2
137879,0
137893,0
137895,1
137898,0
137899,0
137903,0
137905,1
137909,0
137914,1
137920,0
137922,1
137929,1
137948,2
137954,0
137955,0
137958,1
137967,1
137974,2
137978,1
137980,0
137985,0
137990,0
137992,0
138013,0
138014,1
138017,0
138018,1
138019,2
138021,0
138022,0
138024,1
138029,1
138030,1
138036,0
138039,1
138043,1
138047,1
138048,1
138058,1
138061,0
138079,0
138086,0
138088,0
138092,1
138097,0
138103,0
138106,0
138109,0
138116,1
138119,1
138122,1
138129,2
138130,0
138138,0
138139,2
138144,0
138150,1
138151,1
138153,1
138160,1
138162,0
138166,1
138168,1
138169,2
138170,1
138171,0
138172,1
138174,0
138188,0
138193,1
138198,0
138204,0
138212,1
138220,1
138229,1
138235,1
138248,0
138257,1
138265,0
138269,0
138272,1
138273,1
138275,0
138276,0
138292,1
138293,1
138297,0
138298,1
138300,1
138318,1
138319,1
138330,0
138337,1
138344,0
138348,1
138350,1
138354,0
138355,2
138356,2
138363,0
138368,0
138369,0
138370,0
138375,1
138377,1
138382,0
138384,0
138393,1
138395,1
138396,2
138404,0
138405,1
138408,0
138415,0
138435,0
138448,2
138454,1
138461,0
138462,1
138468,0
138470,0
138484,1
138486,1
138488,0
138491,0
138495,0
138502,0
138510,0
138541,0
138543,0
138550,1
138567,1
138568,0
138569,0
138574,0
138585,1
138589,0
138602,1
138606,1
138607,1
138610,0
138612,2
138613,0
138614,0
138619,1
138624,1
138626,0
138627,1
138630,0
138644,2
138646,0
138654,1
138664,1
138665,0
138671,0
138679,1
138681,0
138682,0
138684,0
138685,1
138691,0
138701,0
138707,1
138709,1
138711,1
138718,1
138724,1
138725,1
138726,0
138737,0
138743,0
138746,1
138750,1
138752,0
138761,1
138762,2
138768,1
138774,1
138775,1
138780,1
138791,1
138793,0
138798,2
138815,2
138820,0
138823,1
138827,1
138829,1
138830,1
138833,1
138838,0
138840,0
138843,1
138844,0
138851,0
138853,0
138859,0
138860,0
138861,0
138868,0
138871,0
138875,1
138877,2
138890,1
138891,0
138897,1
138909,0
138911,1
138915,0
138925,1
138927,3
138935,1
138944,0
138945,1
138950,0
138952,0
138953,2
138959,1
138961,1
138965,1
138981,1
138982,1
138983,0
139005,2
139011,0
139012,1
139016,1
139019,1
139021,1
139025,2
139027,1
139036,0
139039,1
139044,1
139058,1
139059,1
139063,0
139065,2
139078,0
139087,1
139091,1
139094,1
139100,0
139102,1
139104,0
139106,0
139110,0
139112,1
139122,0
139127,0
139129,0
139136,2
139141,0
139144,1
139145,0
139147,1
139154,1
139155,1
139161,1
139166,0
139167,1
139170,2
139173,0
139174,2
139179,1
139191,0
139192,0
139197,0
139204,0
139228,0
139229,0
139238,1
139242,0
139255,2
139266,0
139268,1
139274,0
139281,0
139296,1
139297,0
139307,1
139313,1
139324,1
139330,1
139331,0
139337,0
139339,1
139346,1
139349,0
139355,1
139356,0
139358,1
139366,0
139368,1
139373,0
139384,1
139392,0
139394,1
139408,1
139428,0
139434,1
139438,1
139442,1
139445,0
139447,1
139451,0
139461,1
139464,0
139471,0
139473,0
139475,0
139481,0
139482,1
139484,1
139489,1
139498,2
139500,1
139502,0
139514,0
139516,0
139526,1
139528,1
139540,0
139550,2
139554,0
139556,1
139557,0
139561,2
139569,0
139573,1
139583,0
139585,1
139589,1
139594,1
139595,2
139610,0
139612,0
139615,1
139617,1
139620,0
139623,0
139629,1
139631,1
139658,0
139664,1
139672,1
139674,1
139699,0
139703,0
139711,0
139714,0
139719,0
139723,0
139724,1
139728,1
139744,1
139749,0
139750,2
139758,0
139766,1
139768,0
139769,0
139772,1
139777,0
139780,0
139781,2
139785,0
139786,1
139787,1
139789,1
139798,0
139800,0
139802,0
139815,0
139818,1
139825,0
139834,1
139835,0
139840,0
139841,0
139842,1
139846,1
139855,1
139868,0
139873,1
139881,0
139904,1
139908,1
139915,0
139916,1
139920,0
139921,1
139927,1
139932,0
139936,0
139944,2
139946,2
139948,0
139956,1
139961,0
139963,1
139964,1
139974,0
139985,1
139986,1
140013,0
140014,1
140015,0
140042,0
140053,0
140055,1
140072,1
140076,0
140086,1
140098,1
140109,1
140111,1
140112,0
140113,1
140119,0
140140,0
140142,1
140145,1
140149,0
140161,1
140164,0
140174,1
140180,1
140187,1
140202,2
140226,0
140232,1
140234,1
140235,0
140236,0
140240,2
140243,0
140249,1
140256,2
140262,2
140263,0
140276,1
140280,1
140285,0
140288,0
140292,1
140293,1
140298,1
140300,1
140306,2
140307,1
140309,0
140314,1
140316,1
140323,1
140326,0
140332,0
140339,1
140341,1
140342,1
140344,1
140345,1
140348,0
140358,1
140359,0
140360,1
140361,0
140369,0
140376,0
140378,2
140383,1
140386,1
140388,1
140399,1
140405,1
140410,1
140411,1
140415,1
140420,3
140421,1
140423,0
140424,0
140429,0
140433,0
140437,1
140439,1
140443,1
140444,1
140445,1
140447,1
140452,0
140457,0
140459,2
140460,0
140466,0
140470,1
140471,0
140477,0
140490,0
140507,1
140508,1
140522,1
140524,1
140527,0
140528,1
140537,1
140539,0
140544,0
140550,0
140554,0
140569,1
140571,1
140573,0
140575,1
140584,0
140599,1
140600,1
140602,1
140609,1
140610,0
140616,0
140619,1
140622,2
140623,1
140625,1
140626,1
140627,1
140629,0
140632,1
140640,1
140643,0
140675,1
140676,2
140682,0
140684,1
140688,0
140693,0
140694,1
140698,0
140701,1
140705,0
140707,2
140711,2
140717,1
140723,0
140732,1
140734,0
140735,2
140737,0
140740,1
140756,1
140765,2
140771,1
140776,0
140786,0
140788,0
140796,1
140798,1
140803,1
140806,1
140808,0
140809,2
140810,0
140822,0
140824,1
140826,1
140828,0
140838,2
140843,0
140846,1
140852,0
140859,1
140861,1
140863,0
140867,0
140869,1
140872,2
140876,1
140880,1
140883,0
140889,1
140890,1
140895,0
140900,0
140901,0
140908,1
140918,0
140919,2
140920,1
140924,2
140942,2
140952,2
140953,1
140958,1
140962,2
140966,0
140968,1
140977,1
140986,2
140994,1
141003,1
141007,0
141014,0
141024,1
141031,1
141034,1
141035,2
141042,0
141043,2
141044,0
141046,1
141054,1
141059,1
141062,0
141065,1
141077,1
141078,1
141081,1
141086,0
141087,1
141091,0
141097,1
141099,0
141100,1
141105,1
141108,0
141109,0
141110,2
141115,1
141120,0
141124,1
141129,2
141131,0
141144,1
141157,1
141158,0
141168,2
141170,0
141173,1
141180,1
141196,1
141204,1
141208,1
141209,0
141215,1
141217,1
141221,0
141228,0
141236,2
141240,0
141243,1
141249,0
141260,0
141261,1
141264,1
141271,1
141273,1
141285,0
141290,1
141296,0
141298,1
141301,1
141304,2
141305,1
141311,1
141317,0
141321,0
141331,0
141341,0
141345,1
141346,1
141348,0
141360,0
141368,1
141371,0
141372,1
141374,1
141383,1
141389,1
141390,1
141391,1
141402,2
141403,2
141408,2
141411,0
141416,1
141423,1
141424,1
141426,2
141442,0
141444,0
141451,0
141455,0
141464,1
141467,2
141468,1
141476,1
141479,2
141481,1
141486,1
141494,2
141510,1
141511,0
141520,1
141525,0
141530,0
141531,0
141537,1
141541,0
141545,2
141549,1
141553,0
141566,1
141577,0
141578,1
141588,1
141592,0
141599,1
141602,1
141603,1
141613,0
141614,0
141619,1
141621,1
141622,0
141623,1
141625,0
141634,0
141647,0
141651,0
141656,0
141659,1
141666,0
141670,1
141676,2
141679,1
141681,0
141682,1
141687,1
141690,0
141694,1
141696,0
141708,0
141715,1
141725,1
141728,1
141732,0
141733,1
141735,2
141736,0
141741,0
141749,1
141756,1
141759,1
141803,0
141810,1
141813,0
141816,0
141828,0
141841,1
141843,1
141844,0
141848,1
141849,2
141853,1
141859,0
141864,1
141866,0
141876,0
141880,0
141882,0
141884,2
141894,0
141901,1
141905,1
141906,1
141916,1
141922,0
141925,1
141948,0
141950,1
141959,0
141961,1
141966,1
141967,1
141968,1
141969,0
141980,0
141983,1
141989,1
141991,1
141995,2
142005,0
142013,1
142027,1
142032,0
142033,0
142035,2
142036,1
142037,1
142039,0
142040,0
142049,1
142054,0
142056,1
142059,1
142062,1
142066,1
142078,1
142081,2
142082,1
142083,1
142086,1
142087,1
142092,0
142096,0
142103,1
142108,1
142111,1
142113,1
142119,1
142127,1
142128,1
142133,0
142142,0
142146,0
142147,1
142158,1
142161,0
142165,1
142172,2
142173,0
142175,1
142186,1
142191,1
142192,1
142208,0
142214,1
142220,0
142234,0
142238,1
142242,2
142259,1
142260,1
142268,1
142270,1
142272,0
142277,1
142281,0
142290,1
142293,0
142304,1
142318,2
142331,2
142341,1
142347,1
142362,1
142376,1
142380,0
142381,1
142385,0
142386,1
142387,1
142389,1
142393,1
142394,0
142402,2
142419,1
142425,1
142435,2
142442,0
142444,0
142447,0
142449,0
142456,1
142457,1
142471,0
142474,1
142490,0
142492,2
142501,1
142510,0
142513,0
142518,0
142530,1
142540,1
142542,0
142547,2
142569,2
142572,1
142574,0
142593,1
142597,1
142601,0
142618,1
142633,0
142637,1
142642,2
142645,1
142653,0
142667,0
142668,1
142669,0
142671,1
142676,1
142684,1
142687,0
142695,2
142700,0
142704,0
142717,0
142718,2
142721,1
142723,0
142726,2
142728,0
142736,0
142741,1
142743,1
142745,1
142751,0
142754,2
142756,1
142758,0
142766,1
142773,2
142775,1
142791,1
142799,1
142818,0
142819,1
142820,0
142825,0
142826,0
142831,2
142837,1
142838,2
142845,0
142849,1
142852,0
142855,1
142858,1
142861,1
142864,1
142874,1
142888,1
142893,2
142905,0
142913,2
142914,0
142921,0
142944,1
142967,2
142979,1
142982,0
143001,1
143005,0
143006,0
143014,1
143030,0
143037,0
143040,0
143041,1
143043,0
143049,2
143056,0
143061,2
143065,0
143069,1
143071,1
143074,1
143075,0
143076,0
143079,0
143081,1
143083,0
143093,1
143096,1
143101,0
143114,2
143125,0
143130,1
143137,0
143140,1
143142,0
143149,0
143153,0
143160,1
143162,1
143171,0
143175,2
143177,1
143181,0
143184,1
143185,0
143197,1
143199,1
143200,0
143201,0
143215,0
143230,1
143231,0
143233,1
143244,0
143264,0
143265,2
143283,0
143285,0
143296,1
143298,1
143300,0
143303,1
143306,1
143314,1
143315,0
143318,0
143320,0
143324,1
143341,1
143344,1
143345,0
143350,1
143352,1
143353,0
143355,0
143364,1
143367,0
143368,1
143369,2
143372,0
143373,1
143384,1
143386,0
143388,0
143393,0
143395,0
143407,0
143409,0
143411,1
143412,0
143420,1
143425,1
143439,0
143460,0
143462,1
143465,1
143469,1
143471,0
143489,0
143493,1
143505,1
143506,1
143508,0
143509,1
143513,0
143520,0
143527,1
143535,1
143542,1
143544,0
143546,1
143551,1
143555,1
143557,1
143558,0
143562,1
143565,0
143566,1
143575,0
143577,1
143579,0
143594,0
143596,1
143601,0
143603,1
143604,1
143606,0
143610,1
143620,1
143621,1
143632,1
143633,1
143638,1
143639,1
143644,0
143645,1
143646,2
143648,1
143650,2
143652,0
143661,0
143664,2
143666,1
143672,0
143682,0
143688,1
143696,1
143701,0
143717,0
143720,1
143731,0
143740,0
143745,1
143752,0
143763,0
143766,1
143771,0
143772,1
143773,1
143777,1
143784,0
143795,1
143797,1
143820,1
143826,1
143828,1
143834,1
143836,1
143837,0
143838,1
143842,0
143843,1
143847,1
143854,2
143855,1
143863,0
143873,1
143887,0
143891,0
143893,1
143906,0
143909,0
143910,0
143911,0
143921,0
143924,0
143930,0
143931,2
143933,1
143936,1
143937,1
143944,2
143945,1
143962,1
143963,0
143970,1
143976,1
143979,0
143981,0
143987,0
143993,0
143996,1
143998,1
144000,0
144003,1
144011,0
144012,1
144015,1
144017,1
144018,0
144019,1
144027,0
144038,0
144044,2
144048,1
144049,2
144050,1
144051,0
144052,1
144068,2
144075,1
144078,1
144079,1
144082,1
144085,1
144086,1
144088,2
144091,1
144092,0
144096,0
144100,1
144110,0
144111,1
144117,0
144122,0
144125,1
144127,1
144128,1
144133,0
144134,1
144135,1
144137,1
144138,1
144139,3
144146,0
144151,0
144152,0
144154,1
144163,1
144164,1
144172,1
144178,1
144179,0
144180,1
144184,0
144197,0
144203,1
144205,1
144208,1
144211,1
144212,1
144217,0
144220,0
144222,0
144223,0
144225,2
144226,1
144227,0
144233,1
144241,1
144243,0
144244,0
144251,1
144253,2
144254,1
144255,2
144257,1
144261,1
144263,2
144266,1
144277,0
144278,1
144279,1
144283,0
144284,1
144285,0
144302,0
144305,2
144311,0
144313,0
144322,0
144329,0
144333,2
144338,0
144342,0
144345,2
144350,0
144362,1
144368,1
144370,0
144371,0
144372,2
144377,2
144384,1
144385,1
144389,0
144399,2
144408,1
144409,1
144421,1
144429,1
144431,1
144433,1
144435,1
144436,3
144438,1
144440,0
144443,0
144453,1
144456,1
144458,0
144464,0
144481,0
144484,1
144488,2
144491,0
144494,0
144501,0
144502,0
144513,0
144523,0
144526,1
144527,0
144529,1
144531,0
144542,1
144545,0
144548,1
144559,0
144560,1
144563,1
144564,2
144567,1
144569,1
144576,0
144577,1
144580,0
144585,2
144586,1
144589,0
144596,2
144597,0
144599,0
144600,0
144601,1
144606,0
144607,1
144608,0
144609,1
144610,0
144612,0
144614,0
144630,1
144633,0
144653,0
144654,0
144679,2
144688,0
144695,0
144702,0
144703,0
144706,1
144708,0
144709,1
144714,1
144716,0
144718,1
144720,1
144725,1
144731,1
144732,0
144733,1
144736,0
144738,0
144743,1
144745,1
144750,0
144752,0
144754,1
144756,1
144761,2
144762,2
144766,1
144778,1
144781,1
144785,1
144790,1
144794,1
144796,0
144799,1
144808,0
144810,1
144821,0
144824,0
144825,1
144826,1
144830,1
144832,0
144840,0
144843,1
144844,1
144850,0
144856,1
144862,0
144869,0
144878,1
144882,0
144886,0
144888,1
144891,1
144893,1
144898,1
144909,0
144912,1
144919,0
144923,1
144930,1
144940,1
144967,0
144971,0
144973,1
144978,1
144986,1
144987,1
144990,1
144992,0
144994,2
144995,1
144996,2
145001,1
145003,1
145006,1
145008,0
145014,0
145020,0
145023,1
145026,0
145028,1
145030,0
145031,1
145034,1
145037,1
145038,2
145040,0
145042,0
145046,1
145049,0
145052,0
145055,1
145065,1
145066,1
145068,0
145070,1
145086,2
145091,1
145097,1
145100,1
145101,1
145104,1
145105,0
145109,1
145115,1
145118,0
145121,0
145126,0
145135,1
145143,1
145145,0
145152,0
145155,1
145157,1
145163,0
145167,1
145169,2
145175,1
145178,1
145180,1
145183,2
145184,1
145186,1
145190,0
145192,1
145193,0
145197,1
145201,2
145205,1
145217,0
145218,1
145230,1
145235,1
145239,0
145242,1
145246,0
145251,2
145253,1
145254,1
145257,0
145266,1
145269,1
145272,1
145279,1
145297,1
145307,0
145309,0
145311,1
145312,0
145317,0
145333,0
145346,1
145350,0
145355,1
145361,1
145365,0
145367,0
145368,0
145372,1
145374,0
145382,0
145394,0
145395,1
145397,0
145399,1
145402,0
145404,0
145407,0
145411,1
145415,0
145416,1
145430,2
145447,1
145450,1
145463,1
145465,0
145470,0
145472,0
145486,0
145491,0
145493,0
145495,1
145504,1
145505,1
145508,1
145512,1
145514,1
145516,0
145521,0
145525,0
145528,0
145529,1
145536,1
145537,1
145541,1
145542,1
145543,0
145553,0
145557,0
145563,1
145564,1
145573,0
145574,1
145582,1
145583,1
145588,0
145592,1
145593,1
145594,0
145607,1
145608,1
145618,1
145622,2
145631,0
145640,0
145648,1
145649,2
145650,2
145653,0
145658,1
145660,0
145669,0
145670,2
145671,2
145672,0
145683,0
145700,2
145705,0
145707,1
145710,0
145721,0
145738,1
145740,1
145745,1
145748,1
145749,2
145750,0
145754,1
145757,2
145761,0
145763,1
145765,2
145766,0
145767,0
145770,0
145773,0
145779,1
145791,1
145794,0
145797,0
145803,1
145804,0
145809,0
145811,2
145815,0
145819,2
145821,0
145824,0
145838,1
145843,1
145847,0
145852,1
145853,0
145854,1
145866,1
145868,1
145878,1
145879,0
145885,2
145901,1
145906,1
145916,0
145919,1
145920,1
145921,1
145926,1
145928,0
145929,1
145938,1
145939,1
145948,0
145958,0
145971,0
145974,0
145976,1
145980,1
145983,0
145985,1
145997,0
145998,2
146017,1
146023,0
146024,1
146027,2
146028,0
146039,1
146042,0
146044,1
146050,1
146055,1
146057,0
146063,1
146067,2
146072,0
146073,1
146079,0
146081,1
146085,1
146092,0
146096,1
146098,0
146100,0
146102,1
146131,0
146132,1
146135,1
146142,1
146146,0
146154,0
146160,2
146165,0
146166,1
146168,1
146169,0
146180,1
146181,1
146188,1
146189,1
146193,0
146197,1
146213,0
146215,1
146224,1
146226,0
146231,1
146232,1
146235,1
146236,1
146238,2
146241,1
146243,1
146244,0
146245,1
146248,1
146255,1
146262,1
146268,1
146269,1
146270,2
146275,0
146278,0
146279,1
146281,0
146287,1
146288,1
146303,1
146311,1
146312,1
146316,1
146319,0
146321,0
146337,1
146343,1
146351,1
146354,0
146359,1
146363,0
146369,2
146373,1
146391,0
146395,2
146399,0
146402,0
146408,1
146427,1
146430,2
146445,2
146446,0
146448,1
146454,0
146457,1
146461,0
146462,1
146464,0
146474,1
146475,1
146486,1
146492,1
146499,1
146501,0
146505,1
146507,0
146517,1
146518,1
146521,1
146524,0
146525,0
146535,1
146540,1
146544,1
146549,0
146550,1
146553,0
146560,1
146561,0
146580,0
146585,0
146587,1
146597,0
146598,1
146599,1
146604,0
146607,1
146615,0
146616,2
146618,1
146622,0
146625,1
146634,2
146642,1
146653,0
146655,1
146657,0
146659,2
146671,1
146681,0
146688,0
146699,2
146702,1
146712,0
146716,1
146719,0
146726,1
146728,1
146733,1
146736,0
146738,1
146745,0
146747,1
146750,1
146754,2
146756,1
146761,0
146762,1
146769,1
146779,0
146780,0
146789,1
146793,0
146798,1
146808,0
146813,2
146816,1
146820,1
146823,1
146824,0
146836,1
146840,0
146841,1
146842,2
146846,0
146848,1
146849,2
146852,2
146858,0
146862,0
146863,1
146864,2
146871,1
146877,2
146883,0
146888,2
146895,0
146898,2
146901,0
146911,0
146912,2
146913,1
146917,1
146918,0
146920,1
146929,1
146931,0
146938,0
146941,0
146951,1
146955,1
146959,0
146965,2
146967,0
146972,0
146973,0
146977,0
146986,0
146992,1
146996,0
147010,0
147014,1
147017,1
147020,1
147031,1
147032,1
147037,0
147038,0
147041,1
147053,1
147057,0
147070,1
147078,1
147085,0
147091,1
147097,0
147100,0
147103,1
147108,0
147112,1
147119,1
147120,0
147127,1
147132,1
147143,0
147163,1
147166,1
147170,0
147172,1
147175,1
147179,0
147180,1
147181,2
147182,0
147183,0
147185,2
147189,1
147191,2
147201,0
147202,0
147206,1
147218,0
147225,1
147228,1
147230,1
147238,1
147252,2
147255,1
147259,1
147260,1
147269,0
147271,1
147278,1
147297,0
147302,0
147303,1
147304,1
147311,2
147312,1
147316,0
147321,0
147323,0
147330,1
147340,2
147350,2
147368,2
147372,1
147376,0
147378,0
147382,2
147383,0
147393,1
147397,1
147404,0
147407,1
147414,1
147421,0
147425,1
147428,1
147433,0
147435,1
147441,1
147446,1
147458,0
147464,2
147472,0
147478,0
147485,1
147488,1
147490,0
147493,0
147496,1
147499,0
147508,1
147514,0
147516,0
147517,1
147520,1
147523,0
147529,1
147532,1
147535,1
147538,0
147539,1
147552,2
147553,1
147557,1
147561,1
147564,2
147571,1
147577,0
147584,1
147600,1
147606,0
147611,1
147613,2
147629,1
147631,1
147632,0
147633,1
147636,2
147640,0
147657,0
147664,1
147666,1
147668,0
147671,0
147674,1
147676,1
147680,1
147682,1
147683,0
147686,0
147688,1
147689,1
147696,0
147698,1
147710,1
147714,1
147726,0
147736,1
147739,0
147741,1
147746,1
147747,1
147754,0
147771,1
147775,0
147776,1
147777,1
147789,0
147790,1
147791,0
147792,1
147795,2
147797,0
147799,0
147800,1
147802,1
147808,0
147818,1
147825,1
147830,0
147832,1
147836,2
147846,0
147847,1
147853,0
147861,1
147862,1
147878,1
147881,2
147885,2
147892,0
147894,0
147901,0
147903,0
147914,1
147933,0
147936,2
147940,2
147941,1
147954,2
147971,0
147973,1
147976,1
147978,1
147979,0
147986,0
147987,0
147988,1
147993,0
148005,1
148009,0
148012,2
148013,0
148015,1
148017,1
148022,2
148023,0
148029,0
148038,1
148039,1
148045,1
148047,1
148049,0
148051,2
148053,0
148067,1
148084,1
148086,1
148087,2
148090,0
148097,0
148098,1
148101,1
148109,1
148110,1
148112,1
148113,2
148117,1
148123,1
148124,0
148127,0
148129,0
148134,0
148137,0
148145,1
148148,0
148152,1
148156,0
148159,1
148160,0
148167,1
148170,2
148175,0
148181,0
148186,1
148190,0
148193,2
148202,0
148204,0
148212,0
148213,1
148216,1
148228,0
148232,0
148249,1
148251,0
148253,0
148254,1
148263,1
148264,0
148269,1
148275,1
148276,0
148278,1
148282,1
148290,0
148297,1
148298,0
148305,1
148312,0
148320,1
148321,1
148326,1
148330,0
148344,0
148348,0
148350,1
148351,0
148355,0
148361,0
148362,1
148364,1
148365,1
148367,1
148371,1
148373,1
148374,1
148379,1
148386,1
148387,1
148388,1
148395,1
148396,1
148417,1
148422,1
148424,0
148426,1
148428,0
148432,1
148433,1
148436,0
148437,1
148438,0
148447,0
148452,0
148459,0
148461,0
148468,0
148474,2
148481,1
148487,0
148492,1
148497,1
148500,2
148504,0
148511,1
148514,2
148518,1
148522,0
148526,0
148532,0
148538,1
148539,0
148548,0
148552,0
148560,0
148563,1
148564,1
148569,1
148570,0
148573,1
148576,0
148579,1
148588,1
148590,1
148599,1
148600,0
148603,0
148613,0
148614,0
148615,0
148624,0
148627,1
148633,0
148637,0
148641,1
148643,0
148648,1
148653,1
148661,1
148662,2
148664,1
148674,1
148678,1
148680,2
148689,2
148692,0
148694,0
148699,1
148711,0
148716,1
148717,1
148726,1
148727,1
148728,1
148735,0
148748,0
148754,0
148755,0
148763,0
148778,1
148779,0
148780,1
148785,0
148786,1
148788,1
148789,1
148796,1
148799,0
148805,1
148807,0
148809,1
148811,1
148822,1
148829,2
148830,1
148832,1
148835,1
148837,0
148838,0
148840,1
148846,0
148857,0
148859,0
148864,1
148868,0
148870,1
148876,1
148879,0
148881,0
148882,2
148885,1
148886,0
148888,1
148890,1
148893,1
148901,1
148902,2
148904,1
148909,0
148910,1
148920,0
148922,1
148923,1
148926,0
148928,1
148932,0
148937,1
148939,1
148940,2
148947,1
148948,0
148950,0
148956,0
148957,0
148968,0
148972,1
148977,1
148981,0
148990,1
148992,1
149009,1
149013,0
149015,2
149021,0
149024,0
149027,0
149032,0
149035,1
149036,0
149038,1
149042,1
149056,1
149061,1
149063,0
149064,1
149071,1
149080,1
149081,1
149085,1
149086,1
149103,1
149109,0
149116,0
149119,1
149126,1
149131,1
149135,1
149136,1
149142,0
149145,1
149151,2
149160,1
149162,0
149166,0
149169,1
149174,0
149176,0
149178,0
149186,1
149190,0
149191,1
149196,1
149204,1
149205,2
149207,1
149208,1
149226,2
149230,0
149236,1
149252,1
149254,0
149262,0
149270,2
149275,1
149276,1
149284,1
149285,1
149287,0
149289,0
149292,0
149298,0
149302,1
149305,0
149310,0
149318,1
149321,2
149322,0
149326,1
149327,1
149329,2
149330,1
149333,2
149338,2
149339,1
149341,1
149349,1
149356,1
149361,0
149371,0
149374,1
149376,1
149380,0
149382,2
149389,1
149394,1
149397,1
149402,2
149404,0
149408,1
149428,1
149429,0
149434,1
149438,1
149441,0
149452,1
149457,1
149461,0
149470,0
149474,1
149479,1
149483,0
149488,1
149500,0
149506,2
149517,2
149521,0
149523,0
149531,1
149532,1
149536,0
149546,0
149549,2
149560,1
149567,0
149570,1
149572,0
149586,1
149591,2
149599,1
149600,1
149604,0
149608,1
149617,1
149624,0
149625,1
149632,1
149636,1
149650,1
149651,1
149655,1
149659,1
149668,1
149669,0
149675,1
149678,1
149681,1
149686,1
149688,2
149695,1
149706,0
149714,1
149715,1
149719,1
149737,0
149740,1
149742,1
149760,1
149763,0
149767,0
149769,1
149771,1
149772,0
149775,0
149783,0
149792,2
149798,1
149803,0
149805,1
149808,0
149824,1
149825,0
149826,0
149828,2
149832,0
149837,0
149843,0
149853,1
149861,0
149864,0
149872,0
149887,1
149897,2
149905,0
149906,0
149911,1
149913,2
149923,0
149925,1
149926,1
149934,1
149942,1
149948,1
149953,0
149959,0
149962,1
149966,0
149971,0
149972,1
149975,1
149976,0
149985,1
149995,0
149997,0
149998,0
149999,0
150000,0
150005,1
150008,1
150010,1
150015,2
150018,1
150019,1
150020,1
150023,0
150025,0
150033,1
150039,0
150048,2
150050,1
150058,1
150061,1
150063,1
150081,1
150084,0
150086,2
150093,0
150097,0
150103,1
150104,0
150106,1
150113,1
150116,0
150117,1
150118,1
150124,2
150126,1
150127,0
150138,0
150143,1
150150,0
150151,0
150152,0
150153,1
150154,0
150157,1
150162,1
150165,2
150168,0
150175,0
150178,1
150188,1
150189,0
150190,0
150192,1
150197,1
150200,1
150204,1
150206,1
150207,1
150209,0
150211,1
150215,0
150216,0
150217,0
150224,0
150232,1
150233,1
150248,1
150250,0
150251,1
150252,1
150254,1
150261,1
150267,0
150270,1
150273,1
150287,0
150292,1
150308,1
150311,0
150322,0
150323,2
150324,0
150329,0
150330,0
150334,1
150339,1
150357,0
150358,0
150363,0
150368,1
150370,0
150374,0
150377,1
150380,0
150384,1
150388,1
150390,0
150391,1
150395,1
150406,1
150412,1
150414,1
150419,2
150420,0
150423,1
150425,0
150429,0
150430,0
150432,1
150435,1
150436,0
150449,2
150454,1
150458,1
150463,1
150464,1
150470,1
150471,1
150473,1
150475,1
150476,1
150477,2
150479,1
150488,2
150496,0
150499,1
150502,1
150510,1
150511,0
150512,1
150516,2
150517,2
150518,1
150527,1
150528,0
150532,1
150535,0
150540,1
150544,0
150549,0
150553,1
150554,0
150559,1
150570,0
150571,0
150573,1
150581,0
150582,1
150586,0
150590,1
150592,0
150596,0
150599,2
150600,1
150607,1
150610,1
150622,1
150628,0
150630,1
150634,1
150638,1
150641,0
150647,1
150650,0
150651,0
150662,2
150670,1
150673,0
150678,1
150680,0
150691,0
150699,1
150703,0
150708,1
150726,1
150744,2
150757,1
150762,1
150763,1
150765,1
150771,1
150772,2
150775,0
150783,2
150786,1
150787,1
150788,1
150789,0
150790,0
150798,0
150800,1
150801,0
150805,0
150806,1
150808,0
150810,1
150815,1
150816,1
150820,1
150822,0
150825,1
150826,1
150830,0
150839,2
150841,2
150843,1
150852,2
150855,1
150864,1
150873,2
150879,1
150885,0
150887,0
150890,0
150894,0
150896,2
150897,0
150900,1
150901,1
150902,1
150904,0
150915,0
150924,0
150931,1
150932,1
150934,0
150936,0
150943,2
150944,1
150971,1
150978,0
150985,0
150989,1
151012,2
151018,0
151033,0
151046,0
151050,1
151051,1
151055,0
151056,1
151062,1
151063,0
151069,1
151085,1
151087,1
151091,1
151103,0
151104,0
151110,0
151112,0
151123,1
151124,0
151126,1
151129,1
151133,0
151144,0
151150,1
151151,1
151156,0
151161,0
151165,0
151170,1
151173,1
151177,1
151182,1
151184,1
151186,0
151190,0
151203,0
151204,1
151206,1
151209,1
151216,0
151218,1
151219,0
151221,2
151230,1
151237,0
151244,1
151250,0
151252,0
151255,0
151258,2
151261,1
151262,0
151266,0
151267,1
151270,1
151272,0
151275,0
151283,2
151284,1
151293,0
151304,0
151305,1
151313,1
151328,0
151331,0
151335,2
151345,2
151354,1
151355,1
151360,0
151377,1
151378,0
151382,1
151387,2
151395,0
151396,0
151399,2
151404,1
151412,1
151414,1
151415,0
151417,1
151419,1
151428,1
151431,0
151433,1
151437,2
151448,0
151452,0
151455,1
151463,1
151464,0
151466,2
151471,1
151473,1
151482,1
151487,1
151488,0
151491,1
151497,1
151500,1
151509,2
151519,1
151525,0
151528,0
151540,0
151542,1
151545,0
151546,1
151555,0
151556,0
151569,0
151578,2
151594,0
151595,0
151603,0
151612,0
151613,0
151614,1
151616,0
151624,1
151632,1
151644,0
151653,2
151657,1
151658,1
151662,1
151667,0
151668,0
151669,1
151671,0
151672,1
151674,2
151678,1
151686,1
151689,1
151695,1
151701,0
151703,1
151705,2
151707,1
151708,1
151710,2
151712,2
151716,2
151719,1
151723,1
151727,0
151728,1
151729,1
151730,1
151734,0
151741,1
151742,1
151743,1
151749,1
151755,1
151760,1
151766,1
151767,0
151772,1
151780,0
151783,1
151786,0
151801,0
151804,0
151808,0
151810,0
151825,0
151836,0
151837,0
151841,2
151844,0
151846,0
151847,2
151852,0
151862,1
151870,0
151871,1
151878,1
151880,1
151882,1
151884,1
151892,1
151898,0
151900,2
151921,0
151924,0
151929,0
151930,2
151934,1
151935,0
151938,0
151942,0
151947,1
151950,1
151953,1
151956,1
151959,1
151961,1
151965,1
151967,0
151976,2
151979,0
151983,0
151990,2
151998,1
152003,1
152019,1
152023,0
152024,1
152031,2
152033,1
152035,0
152045,0
152062,1
152068,2
152069,1
152074,0
152077,1
152078,0
152080,1
152082,1
152095,1
152099,0
152102,0
152104,1
152107,0
152108,1
152111,0
152114,1
152122,0
152123,0
152125,0
152128,0
152135,0
152139,1
152141,1
152148,0
152153,1
152156,1
152158,1
152160,0
152166,0
152169,1
152171,1
152172,0
152175,0
152184,0
152185,1
152189,2
152191,0
152196,0
152200,1
152202,1
152208,1
152210,1
152212,0
152217,0
152219,1
152226,0
152228,0
152243,1
152245,2
152246,1
152248,0
152251,1
152252,0
152254,1
152255,0
152261,0
152264,0
152266,1
152268,1
152269,1
152277,1
152284,0
152287,0
152289,1
152292,0
152294,0
152300,0
152308,1
152310,0
152313,0
152321,2
152329,0
152332,2
152333,1
152350,2
152359,1
152366,0
152370,0
152371,1
152383,0
152385,1
152393,1
152397,0
152400,0
152409,0
152425,1
152426,2
152432,2
152440,0
152441,0
152444,0
152460,1
152471,0
152472,0
152475,0
152476,1
152477,0
152489,2
152498,0
152502,0
152503,2
152518,0
152519,1
152523,1
152530,1
152538,1
152543,0
152546,1
152550,0
152553,0
152560,0
152563,1
152572,0
152580,1
152581,2
152585,1
152586,1
152588,0
152594,1
152601,1
152603,1
152612,0
152613,2
152623,0
152624,0
152629,0
152630,0
152634,0
152638,1
152641,0
152643,0
152653,1
152656,0
152664,1
152669,0
152678,2
152679,2
152681,2
152682,0
152684,1
152685,0
152686,1
152688,1
152690,1
152693,0
152694,0
152701,1
152702,2
152716,0
152719,0
152721,1
152725,1
152739,1
152744,0
152745,0
152747,1
152751,1
152754,1
152757,0
152763,1
152770,1
152780,0
152781,2
152782,0
152784,1
152786,2
152791,1
152793,1
152802,0
152813,2
152815,0
152816,2
152819,1
152830,1
152832,1
152834,1
152837,0
152842,0
152846,0
152863,1
152868,0
152869,1
152873,1
152876,1
152879,1
152881,0
152883,2
152894,1
152899,0
152904,1
152906,1
152907,0
152908,0
152911,0
152912,1
152920,1
152930,0
152942,1
152944,1
152958,1
152959,0
152960,1
152964,0
152967,2
152977,0
152979,2
152987,1
152993,1
153011,1
153024,1
153036,2
153040,1
153043,1
153045,1
153046,1
153049,1
153058,0
153059,1
153062,2
153067,0
153069,1
153076,1
153083,2
153092,0
153094,1
153097,1
153099,1
153109,0
153114,2
153117,0
153126,0
153139,1
153144,1
153147,0
153167,1
153169,0
153170,1
153172,0
153179,0
153180,0
153182,1
153188,1
153190,0
153193,0
153194,0
153198,1
153199,1
153218,0
153220,0
153224,1
153225,0
153229,0
153231,1
153235,0
153236,1
153243,0
153246,1
153249,0
153255,1
153263,1
153264,0
153273,1
153274,0
153277,1
153278,1
153283,1
153287,1
153293,2
153301,1
153304,0
153305,1
153308,1
153311,0
153314,1
153320,1
153322,1
153326,1
153334,0
153335,0
153341,1
153344,1
153350,1
153362,2
153370,1
153376,1
153378,0
153380,0
153381,1
153383,0
153389,1
153390,0
153395,0
153397,0
153401,0
153402,0
153409,1
153425,1
153443,1
153450,1
153462,2
153470,2
153475,1
153478,1
153491,0
153504,1
153509,0
153514,1
153515,1
153517,1
153525,1
153527,0
153528,0
153536,1
153538,0
153544,0
153548,1
153552,1
153566,1
153570,1
153597,1
153601,0
153607,0
153608,1
153610,1
153615,0
153624,1
153637,1
153638,1
153646,0
153648,0
153655,0
153656,0
153663,1
153668,1
153674,1
153680,1
153682,1
153683,0
153684,0
153687,1
153691,1
153694,0
153695,0
153713,1
153714,0
153723,1
153724,1
153725,0
153729,1
153731,2
153736,0
153749,0
153756,1
153762,0
153763,0
153764,2
153768,1
153775,0
153777,0
153780,0
153781,0
153784,2
153796,0
153810,1
153811,0
153820,2
153824,0
153828,1
153829,1
153831,2
153834,0
153851,2
153875,0
153876,0
153877,2
153879,1
153885,1
153892,0
153896,1
153899,1
153907,0
153908,1
153911,1
153921,0
153932,1
153940,0
153953,2
153958,1
153959,1
153960,0
153962,1
153969,0
153981,0
153983,2
153985,1
153995,0
153996,1
153997,2
154007,1
154013,2
154016,1
154022,1
154025,1
154028,0
154040,0
154043,1
154047,1
154054,1
154058,1
154060,1
154068,1
154077,1
154082,0
154084,0
154085,1
154090,1
154102,0
154104,0
154105,1
154118,0
154121,0
154124,0
154129,0
154135,1
154138,1
154143,3
154147,0
154151,1
154164,1
154168,0
154170,1
154176,0
154184,0
154185,0
154200,0
154201,0
154217,1
154218,1
154219,1
154223,0
154229,1
154247,0
154248,1
154254,1
154257,1
154260,0
154265,1
154287,1
154290,1
154292,1
154297,0
154300,0
154304,2
154320,1
154321,0
154331,0
154339,0
154346,0
154349,1
154352,1
154355,1
154358,0
154359,0
154369,1
154372,0
154382,0
154385,1
154386,1
154395,1
154411,1
154412,1
154415,2
154417,1
154420,0
154421,2
154423,1
154427,0
154434,0
154435,1
154442,0
154444,0
154459,2
154469,1
154478,0
154487,1
154489,0
154490,1
154493,0
154510,0
154515,0
154516,1
154520,2
154527,1
154546,0
154550,1
154556,1
154558,1
154568,1
154575,0
154577,0
154579,0
154595,0
154599,1
154612,1
154614,1
154624,0
154625,0
154638,0
154641,0
154647,2
154652,1
154657,1
154659,1
154675,1
154677,1
154688,1
154692,0
154695,0
154697,1
154698,0
154699,0
154700,1
154703,0
154704,0
154705,1
154708,0
154711,1
154712,1
154728,0
154731,1
154735,0
154736,1
154756,0
154760,1
154761,0
154768,1
154771,1
154772,1
154773,1
154775,0
154776,1
154785,1
154797,1
154798,0
154804,1
154830,1
154831,0
154837,1
154855,1
154856,1
154857,0
154859,1
154869,1
154878,0
154880,1
154881,1
154913,1
154916,1
154930,1
154932,0
154944,0
154945,1
154953,2
154975,1
154985,0
154989,1
154996,0
155002,1
155004,0
155006,1
155007,0
155008,0
155012,1
155018,0
155020,0
155033,1
155037,0
155044,1
155045,1
155050,1
155055,1
155063,2
155083,1
155088,2
155089,0
155094,0
155100,1
155102,2
155111,1
155122,0
155123,1
155124,1
155125,1
155135,1
155136,1
155142,1
155144,1
155154,1
155158,0
155163,1
155171,1
155175,0
155186,1
155187,2
155198,1
155204,0
155205,2
155218,1
155234,1
155239,0
155246,1
155252,0
155254,0
155258,0
155261,1
155265,1
155268,2
155272,0
155276,2
155279,2
155286,1
155289,0
155293,0
155294,1
155299,0
155301,1
155307,0
155316,0
155319,1
155327,1
155328,1
155333,1
155338,1
155340,1
155348,1
155349,0
155353,1
155356,1
155357,1
155358,1
155364,1
155367,0
155372,0
155377,0
155380,1
155392,0
155394,1
155400,0
155405,0
155409,0
155416,1
155427,0
155432,1
155434,1
155438,1
155445,0
155453,1
155455,1
155456,1
155460,2
155469,2
155473,1
155475,2
155477,0
155479,0
155484,0
155490,0
155492,2
155494,1
155495,0
155497,1
155498,1
155500,0
155501,1
155510,0
155515,0
155518,0
155521,1
155527,1
155534,0
155536,1
155538,0
155539,1
155544,1
155552,0
155555,1
155556,1
155558,2
155560,1
155565,1
155580,0
155592,0
155605,1
155606,1
155614,1
155615,0
155625,1
155628,1
155635,0
155641,1
155649,0
155655,1
155660,2
155664,0
155665,0
155668,1
155669,1
155676,1
155687,1
155688,2
155691,0
155696,1
155699,2
155706,0
155725,0
155726,1
155733,1
155735,0
155736,2
155738,0
155750,0
155763,2
155772,2
155774,1
155780,0
155783,0
155785,1
155786,1
155791,1
155806,0
155823,1
155824,2
155826,1
155830,1
155833,2
155840,1
155852,0
155854,0
155862,0
155863,0
155872,2
155879,0
155900,1
155906,0
155908,2
155914,1
155915,0
155924,0
155926,1
155928,2
155932,1
155938,0
155955,1
155957,2
155959,0
155977,1
155983,0
155984,1
155986,2
155987,0
155989,1
155998,0
156003,1
156006,1
156014,0
156020,1
156034,1
156043,1
156045,2
156053,1
156068,0
156069,0
156070,1
156080,0
156086,0
156088,0
156097,0
156098,2
156123,0
156127,2
156134,1
156143,1
156152,1
156166,0
156167,2
156168,1
156170,2
156177,1
156178,2
156187,1
156205,1
156208,0
156213,0
156214,0
156221,1
156223,0
156226,0
156230,2
156232,1
156234,1
156235,2
156246,1
156247,1
156248,0
156254,0
156264,1
156278,0
156284,1
156286,1
156295,1
156299,1
156301,1
156305,0
156308,2
156324,0
156325,0
156326,0
156332,1
156345,1
156354,1
156360,0
156366,1
156368,0
156378,0
156382,0
156387,1
156394,1
156400,1
156404,0
156407,1
156412,0
156417,1
156418,1
156419,1
156422,1
156423,0
156429,0
156432,1
156433,1
156452,1
156453,1
156462,1
156468,1
156471,2
156472,2
156473,0
156477,1
156484,0
156487,2
156491,1
156496,2
156498,1
156515,0
156517,1
156520,0
156522,1
156528,1
156535,1
156536,0
156544,0
156551,0
156554,0
156555,0
156559,1
156567,1
156571,1
156583,1
156585,1
156593,1
156596,0
156599,0
156600,1
156601,1
156602,1
156605,1
156607,2
156614,0
156616,0
156626,1
156631,0
156636,0
156637,0
156640,0
156649,0
156652,0
156653,0
156669,0
156672,1
156677,0
156685,1
156688,1
156689,2
156694,1
156695,0
156705,2
156708,0
156710,1
156722,1
156730,0
156744,1
156750,1
156772,1
156774,1
156778,1
156793,0
156800,0
156801,1
156806,0
156807,0
156809,0
156812,2
156813,1
156820,1
156825,1
156837,1
156843,0
156844,0
156845,0
156846,0
156850,0
156851,0
156854,1
156864,2
156866,0
156868,1
156870,2
156878,1
156885,1
156887,1
156888,1
156890,0
156892,1
156894,1
156911,2
156920,1
156923,0
156924,1
156927,1
156934,0
156938,0
156946,1
156947,1
156966,1
156985,1
156990,2
156991,1
156994,1
156996,0
156998,1
156999,0
157008,0
157013,0
157014,1
157020,2
157032,0
157033,0
157040,0
157042,0
157052,0
157060,1
157063,0
157066,1
157068,1
157070,0
157071,1
157075,0
157078,0
157080,1
157091,1
157112,0
157113,1
157118,0
157120,2
157121,2
157123,0
157126,0
157128,0
157130,1
157132,1
157133,1
157136,0
157140,1
157141,2
157144,0
157145,1
157146,1
157148,1
157156,1
157163,1
157168,1
157172,1
157191,0
157194,2
157196,0
157199,0
157201,2
157209,0
157211,0
157219,1
157220,0
157221,0
157222,0
157226,1
157235,0
157239,1
157246,1
157249,1
157250,0
157251,1
157264,0
157265,1
157268,1
157270,1
157272,1
157273,0
157285,0
157289,1
157294,1
157295,1
157299,1
157321,0
157327,1
157329,0
157335,0
157344,0
157346,0
157350,1
157354,1
157359,1
157363,0
157364,1
157368,1
157377,1
157389,1
157392,1
157398,1
157402,0
157407,1
157415,1
157428,1
157435,0
157439,1
157443,0
157446,0
157447,0
157448,0
157452,0
157453,1
157463,1
157468,1
157484,0
157485,1
157486,1
157491,0
157492,1
157494,1
157498,0
157504,1
157509,0
157512,2
157516,0
157519,0
157525,1
157527,1
157530,0
157533,1
157534,1
157538,0
157539,2
157544,0
157555,1
157572,1
157575,1
157582,1
157596,0
157600,1
157627,2
157629,2
157631,0
157636,1
157639,0
157640,0
157644,1
157645,0
157648,0
157650,0
157661,1
157665,1
157666,0
157668,1
157670,0
157671,0
157674,1
157680,0
157686,0
157687,0
157690,2
157691,0
157695,1
157696,1
157698,0
157703,3
157705,1
157706,1
157708,1
157709,0
157710,2
157711,1
157716,0
157719,0
157725,0
157730,0
157731,0
157747,1
157748,1
157752,1
157762,1
157763,0
157767,1
157769,1
157770,1
157774,1
157777,0
157784,0
157785,1
157786,1
157787,0
157790,1
157802,0
157805,1
157814,1
157817,1
157822,2
157824,0
157830,2
157834,0
157835,0
157837,1
157844,0
157854,0
157855,0
157859,0
157864,1
157866,0
157868,1
157871,2
157873,1
157874,1
157877,0
157878,2
157884,1
157889,1
157904,1
157907,1
157908,0
157914,1
157916,1
157917,0
157920,0
157931,0
157938,1
157945,1
157950,0
157955,0
157956,0
157960,1
157963,2
157973,1
157982,1
157989,1
157992,0
157995,2
158001,0
158004,1
158005,1
158009,1
158011,0
158013,2
158018,1
158022,1
158025,0
158031,0
158039,0
158042,1
158065,1
158070,1
158075,2
158088,1
158089,1
158093,0
158115,1
158118,1
158128,1
158142,1
158145,0
158147,0
158148,1
158156,1
158159,1
158161,1
158166,0
158171,1
158179,1
158182,1
158184,1
158189,1
158196,0
158203,1
158207,0
158210,1
158212,1
158215,1
158229,1
158231,1
158233,1
158238,1
158239,0
158241,2
158246,0
158248,2
158253,0
158255,1
158256,1
158257,1
158270,2
158271,1
158272,1
158273,0
158276,1
158281,1
158283,1
158284,0
158298,0
158306,1
158308,0
158316,1
158317,1
158321,1
158322,2
158330,0
158331,1
158333,1
158338,0
158342,0
158346,1
158360,1
158365,1
158368,0
158376,0
158381,1
158398,1
158403,1
158408,1
158410,1
158412,0
158425,2
158427,2
158430,2
158431,0
158433,1
158440,1
158442,0
158443,1
158446,2
158449,1
158452,1
158463,1
158464,0
158466,0
158467,0
158493,0
158496,1
158507,0
158511,1
158512,1
158519,1
158520,1
158522,0
158524,1
158532,0
158535,0
158538,0
158545,0
158547,0
158548,1
158556,0
158572,3
158575,1
158576,0
158577,1
158585,1
158589,0
158590,0
158592,1
158593,0
158594,1
158602,1
158607,0
158608,0
158609,1
158612,0
158616,0
158617,1
158621,1
158627,1
158641,0
158645,0
158646,1
158660,1
158664,1
158666,0
158678,1
158686,0
158690,1
158695,0
158698,1
158701,0
158703,2
158704,0
158713,1
158715,1
158724,0
158725,1
158730,1
158735,0
158736,0
158744,2
158745,1
158751,0
158772,1
158781,0
158782,1
158783,0
158800,2
158814,2
158818,1
158819,2
158828,1
158830,1
158831,1
158832,1
158844,1
158847,1
158850,0
158853,1
158859,1
158866,1
158869,1
158872,0
158887,0
158892,2
158901,1
158914,0
158920,0
158921,1
158922,1
158923,0
158926,0
158930,2
158931,1
158933,1
158945,1
158959,0
158960,1
158963,1
158973,0
158974,0
158986,0
158991,1
158992,1
158993,0
158994,1
158996,0
158997,0
159000,1
159007,0
159020,0
159021,0
159023,1
159024,0
159026,0
159028,0
159047,1
159052,0
159053,0
159056,1
159057,1
159058,0
159065,1
159067,1
159071,2
159076,1
159077,0
159078,0
159087,0
159090,0
159092,1
159094,1
159108,0
159126,1
159127,1
159128,0
159132,1
159141,2
159143,2
159148,1
159149,0
159161,0
159162,0
159165,0
159176,1
159180,0
159181,0
159187,1
159198,0
159199,1
159205,1
159206,1
159211,0
159224,1
159227,1
159229,0
159233,1
159236,1
159237,1
159238,1
159240,1
159246,0
159253,1
159257,1
159270,0
159273,0
159274,0
159275,0
159277,0
159278,1
159279,2
159281,1
159287,1
159289,0
159290,0
159295,1
159307,0
159323,0
159325,2
159328,1
159339,1
159340,1
159344,2
159364,1
159375,1
159376,1
159377,0
159381,2
159391,0
159394,1
159395,0
159398,1
159403,0
159405,0
159420,1
159430,2
159440,0
159453,0
159459,1
159465,0
159472,0
159473,1
159474,2
159476,0
159489,1
159500,1
159510,1
159513,0
159522,1
159527,1
159533,1
159537,0
159540,1
159544,1
159545,1
159551,2
159555,1
159560,0
159565,2
159572,1
159578,0
159583,2
159585,0
159589,0
159590,0
159596,1
159610,1
159617,0
159624,1
159625,0
159627,0
159632,0
159633,0
159635,1
159641,2
159642,0
159651,0
159658,1
159667,1
159676,0
159686,0
159692,1
159703,0
159705,1
159711,2
159715,1
159719,0
159721,0
159724,1
159729,0
159741,0
159743,1
159744,2
159746,0
159755,1
159763,0
159764,1
159766,0
159769,1
159771,1
159774,1
159777,1
159786,1
159787,0
159788,0
159795,0
159805,0
159811,1
159822,2
159829,1
159839,0
159850,1
159853,1
159856,1
159861,0
159870,0
159877,1
159880,1
159881,0
159883,0
159889,0
159892,0
159902,0
159903,0
159904,0
159906,0
159909,0
159924,1
159931,1
159935,0
159951,2
159960,0
159964,1
159969,0
159982,2
159983,1
159987,0
159988,1
159989,0
159994,1
159995,0
159999,0
160009,1
160011,1
160015,0
160026,0
160041,0
160043,0
160049,1
160054,1
160061,2
160064,2
160070,1
160075,1
160077,1
160081,0
160086,0
160087,0
160092,0
160093,1
160094,0
160110,1
160112,0
160115,1
160116,1
160118,1
160122,0
160130,1
160133,1
160135,1
160140,0
160152,1
160161,2
160167,1
160168,0
160172,0
160173,0
160177,1
160178,1
160179,0
160185,1
160188,1
160202,0
160203,1
160205,2
160213,0
160215,1
160219,0
160221,1
160222,1
160227,0
160231,1
160238,0
160254,0
160256,1
160267,1
160275,0
160277,0
160283,0
160286,0
160288,0
160289,1
160298,0
160300,0
160302,1
160308,0
160322,1
160329,0
160331,0
160334,1
160337,1
160358,1
160359,1
160364,1
160372,1
160375,0
160376,0
160377,1
160380,1
160381,2
160382,1
160383,2
160389,0
160392,1
160393,0
160396,1
160400,1
160402,2
160403,0
160406,0
160412,1
160420,1
160422,0
160423,0
160426,0
160427,1
160434,0
160437,0
160439,0
160444,1
160447,1
160448,0
160459,1
160460,1
160463,0
160466,0
160469,1
160472,1
160473,0
160476,2
160481,1
160484,1
160488,1
160502,1
160504,0
160505,0
160508,1
160520,0
160524,1
160528,0
160535,1
160536,1
160543,2
160544,0
160550,0
160553,1
160566,1
160571,0
160580,1
160584,0
160585,1
160590,1
160594,1
160595,0
160597,0
160599,0
160602,0
160608,1
160617,0
160621,0
160630,0
160642,0
160646,0
160652,1
160653,1
160654,0
160655,1
160673,0
160679,1
160680,1
160687,1
160691,1
160698,1
160705,1
160710,1
160711,0
160719,1
160729,1
160734,1
160735,2
160740,0
160747,1
160749,0
160754,2
160759,0
160761,0
160765,0
160766,2
160773,0
160781,1
160785,1
160791,1
160794,0
160804,0
160806,1
160810,0
160812,0
160821,1
160825,1
160827,1
160835,0
160842,1
160843,0
160844,1
160846,1
160848,0
160849,1
160851,0
160854,2
160861,0
160876,1
160880,1
160885,1
160893,1
160895,1
160896,0
160897,1
160900,0
160912,1
160917,1
160918,1
160927,1
160941,1
160945,2
160954,1
160968,1
160980,1
161006,2
161015,1
161016,1
161022,1
161031,0
161051,1
161055,1
161057,1
161059,2
161060,1
161069,0
161080,2
161087,1
161088,0
161093,0
161094,1
161095,2
161097,0
161098,1
161110,1
161115,0
161116,0
161120,1
161124,2
161130,1
161131,0
161132,0
161133,0
161136,1
161147,0
161148,1
161149,0
161153,1
161154,0
161160,2
161161,3
161168,0
161173,1
161174,0
161181,0
161185,1
161188,2
161189,2
161191,1
161193,2
161202,1
161206,0
161215,1
161217,1
161218,0
161221,1
161223,1
161232,1
161236,0
161239,0
161249,1
161253,0
161256,0
161276,1
161285,1
161286,1
161295,1
161305,1
161306,0
161308,1
161316,1
161317,2
161319,1
161320,0
161321,1
161325,1
161327,0
161328,1
161340,0
161341,1
161343,1
161344,1
161345,0
161353,1
161359,2
161364,1
161365,1
161369,1
161371,0
161373,0
161377,1
161379,1
161381,1
161415,0
161423,1
161441,1
161445,1
161450,0
161458,1
161461,1
161466,0
161472,2
161475,0
161480,1
161485,1
161488,1
161489,0
161492,2
161497,1
161523,0
161524,1
161530,0
161532,1
161533,2
161535,0
161541,0
161551,1
161552,1
161563,1
161575,1
161578,1
161579,1
161580,1
161581,0
161586,1
161591,1
161592,0
161593,0
161595,0
161598,1
161601,2
161603,1
161605,0
161608,1
161609,0
161623,0
161631,1
161640,0
161646,1
161652,0
161654,1
161655,1
161658,1
161669,1
161675,2
161677,1
161684,0
161689,2
161691,0
161703,0
161707,0
161709,1
161710,1
161711,1
161712,0
161717,1
161721,1
161724,2
161729,0
161730,1
161733,1
161736,0
161741,1
161742,0
161746,0
161755,1
161771,1
161772,0
161775,1
161776,0
161777,1
161787,1
161788,1
161792,2
161798,1
161817,0
161824,1
161832,0
161834,0
161838,1
161844,0
161846,0
161847,1
161863,0
161866,1
161873,0
161878,0
161881,1
161886,0
161887,0
161895,0
161898,1
161899,1
161900,1
161904,1
161908,0
161909,1
161911,0
161913,0
161917,0
161920,0
161923,0
161931,0
161932,0
161935,1
161940,1
161947,1
161949,0
161952,1
161954,1
161966,0
161973,0
161978,1
161980,1
161982,2
161985,0
161988,0
161992,1
161994,1
161995,0
162003,0
162004,1
162011,0
162019,0
162021,1
162025,0
162026,1
162028,1
162032,0
162039,1
162043,1
162052,0
162054,0
162056,1
162060,0
162065,0
162067,0
162070,0
162073,0
162077,1
162087,1
162093,1
162095,0
162096,1
162098,1
162100,1
162111,1
162118,0
162121,1
162122,0
162137,0
162138,1
162140,0
162141,0
162142,1
162144,1
162145,1
162150,0
162155,1
162160,0
162171,1
162172,1
162173,2
162176,2
162185,1
162187,1
162195,0
162197,0
162198,0
162199,0
162201,0
162205,1
162217,1
162219,0
162224,0
162225,2
162226,0
162244,1
162249,0
162252,1
162255,0
162258,0
162262,0
162263,1
162264,1
162270,0
162276,1
162277,0
162283,0
162285,0
162298,0
162303,1
162310,0
162313,0
162315,1
162317,0
162326,1
162329,2
162330,1
162337,1
162339,1
162340,0
162341,2
162351,0
162354,1
162361,1
162368,1
162375,1
162380,0
162383,1
162385,1
162387,0
162394,1
162403,1
162406,0
162410,1
162414,2
162419,1
162420,1
162424,0
162429,1
162434,0
162436,1
162440,0
162451,0
162452,0
162455,0
162461,1
162464,1
162471,1
162474,0
162477,1
162485,1
162487,1
162495,2
162497,1
162498,0
162500,1
162508,1
162512,0
162513,0
162514,0
162521,1
162541,0
162551,0
162553,0
162557,1
162563,1
162564,1
162569,1
162570,0
162571,1
162580,0
162581,1
162585,0
162586,1
162595,0
162596,1
162599,1
162603,1
162610,0
162611,1
162619,1
162621,0
162622,2
162628,2
162641,0
162643,1
162645,0
162646,1
162647,1
162648,0
162656,0
162670,0
162676,0
162677,0
162678,1
162680,1
162681,1
162683,1
162687,1
162692,1
162695,1
162700,1
162706,2
162707,0
162708,1
162710,0
162715,0
162716,0
162725,0
162728,1
162730,0
162734,1
162735,0
162738,1
162739,0
162742,1
162752,0
162755,1
162756,1
162758,0
162764,0
162769,1
162775,0
162781,0
162782,2
162785,1
162791,1
162792,1
162793,0
162795,1
162796,1
162804,1
162805,0
162811,0
162812,0
162817,1
162818,0
162820,0
162828,1
162835,1
162837,0
162859,0
162860,1
162868,1
162874,1
162876,0
162881,2
162884,0
162893,1
162894,0
162895,1
162896,1
162899,1
162901,0
162905,1
162911,1
162916,0
162917,1
162924,0
162934,0
162949,0
162957,1
162958,1
162962,0
162967,0
162969,0
162974,1
162980,1
162984,2
162999,0
163002,0
163010,0
163014,0
163015,0
163017,1
163029,1
163034,0
163042,1
163045,1
163048,1
163051,0
163056,1
163062,1
163063,2
163065,1
163067,0
163068,1
163076,1
163081,0
163088,2
163093,1
163098,0
163112,2
163113,1
163120,1
163129,1
163130,0
163134,0
163138,1
163142,2
163144,0
163145,0
163151,0
163157,0
163162,1
163167,1
163173,0
163175,0
163180,0
163181,1
163187,0
163189,1
163203,1
163205,1
163211,1
163212,1
163222,1
163223,0
163227,0
163231,0
163234,2
163235,0
163237,0
163241,0
163242,1
163243,2
163247,1
163249,2
163257,0
163260,0
163269,1
163271,0
163279,0
163282,1
163283,1
163293,0
163294,1
163312,1
163317,1
163322,0
163329,0
163330,1
163334,2
163347,1
163352,0
163355,1
163357,1
163359,0
163363,1
163366,0
163368,0
163369,0
163373,1
163375,0
163377,1
163378,1
163389,0
163395,1
163401,1
163403,0
163405,1
163419,0
163420,0
163437,1
163442,0
163443,2
163447,1
163448,1
163457,0
163458,1
163478,0
163487,0
163490,2
163507,1
163508,2
163519,0
163521,1
163522,1
163527,1
163531,2
163535,0
163552,0
163554,0
163557,1
163560,1
163561,0
163562,1
163566,1
163567,1
163571,1
163573,0
163574,1
163582,0
163585,1
163588,0
163608,1
163613,0
163616,0
163617,1
163619,1
163623,1
163627,2
163628,0
163633,0
163636,1
163637,2
163642,1
163643,1
163655,1
163669,2
163671,1
163673,1
163675,1
163678,1
163683,2
163685,1
163689,0
163694,0
163695,0
163709,2
163710,1
163726,0
163727,1
163730,0
163732,0
163734,1
163752,1
163754,1
163755,1
163763,1
163764,0
163767,1
163770,1
163771,1
163772,0
163773,0
163776,1
163783,0
163787,0
163792,1
163802,2
163807,1
163811,0
163817,0
163826,2
163836,0
163851,2
163865,1
163868,2
163875,1
163885,1
163890,1
163904,1
163915,1
163916,1
163919,2
163921,0
163922,1
163924,0
163925,1
163943,1
163944,1
163945,2
163951,1
163955,1
163966,0
163970,0
163981,2
163982,0
163985,1
163990,1
163995,1
163997,1
163999,1
164002,0
164005,0
164006,1
164008,1
164010,1
164011,1
164020,2
164028,1
164031,2
164032,1
164040,1
164045,1
164053,0
164055,1
164064,0
164067,1
164069,1
164070,1
164071,2
164076,1
164097,0
164098,2
164100,1
164109,0
164111,1
164114,0
164120,0
164128,1
164131,1
164133,0
164136,0
164145,0
164148,0
164150,1
164159,0
164161,1
164165,1
164168,1
164171,2
164173,1
164177,1
164178,1
164186,1
164191,0
164195,1
164196,1
164198,0
164210,0
164211,0
164212,0
164219,1
164226,1
164235,0
164247,1
164259,0
164261,0
164263,0
164267,0
164270,2
164274,1
164284,1
164285,0
164286,0
164298,1
164304,2
164311,2
164319,0
164321,0
164325,1
164330,0
164332,1
164335,0
164336,2
164338,0
164342,2
164346,0
164348,1
164350,0
164352,0
164362,0
164368,1
164371,0
164372,0
164374,1
164378,0
164381,2
164383,1
164387,1
164396,0
164407,1
164412,1
164415,0
164416,0
164419,0
164426,1
164427,0
164432,1
164440,1
164443,1
164451,1
164454,1
164464,0
164481,0
164482,0
164488,1
164490,1
164492,1
164493,1
164495,1
164500,1
164512,0
164518,0
164522,1
164529,1
164532,1
164544,2
164545,0
164558,1
164566,0
164568,0
164569,1
164572,1
164573,0
164574,0
164580,1
164584,1
164586,1
164589,0
164591,0
164597,0
164602,0
164618,1
164619,1
164622,0
164625,1
164644,1
164652,0
164658,2
164663,2
164665,1
164666,1
164672,2
164678,0
164679,0
164683,0
164685,1
164692,1
164694,2
164698,1
164704,0
164712,0
164722,1
164730,1
164732,0
164736,0
164742,0
164746,1
164748,1
164750,1
164752,0
164758,0
164760,1
164761,1
164762,2
164772,1
164780,1
164788,0
164789,1
164797,0
164805,0
164813,0
164820,1
164831,1
164838,2
164840,0
164843,1
164847,0
164854,0
164859,1
164864,1
164865,1
164872,0
164879,1
164891,1
164896,1
164900,0
164907,1
164917,1
164920,1
164924,0
164931,2
164936,1
164951,1
164968,0
164977,0
164982,0
165002,0
165011,1
165012,0
165020,1
165023,0
165028,0
165036,0
165038,0
165039,0
165047,1
165048,0
165052,1
165060,1
165061,1
165073,1
165076,1
165078,2
165082,1
165083,0
165089,0
165090,2
165097,1
165098,1
165100,0
165101,0
165102,1
165105,2
165112,0
165117,0
165125,1
165131,0
165132,1
165133,1
165139,1
165140,1
165142,0
165147,0
165161,1
165163,1
165166,0
165169,0
165174,2
165180,1
165189,0
165191,1
165195,1
165196,1
165199,2
165207,0
165226,0
165232,0
165247,1
165251,0
165255,2
165261,0
165265,0
165266,1
165267,1
165270,0
165271,1
165274,1
165278,0
165288,1
165293,1
165296,1
165302,1
165308,0
165309,1
165312,1
165316,1
165317,0
165325,1
165328,2
165348,0
165354,1
165357,1
165360,1
165365,1
165370,1
165371,0
165372,1
165375,0
165379,1
165381,0
165384,1
165390,0
165392,1
165394,1
165402,0
165416,1
165420,2
165425,1
165433,0
165434,0
165438,0
165446,2
165458,0
165472,1
165474,1
165478,2
165484,0
165485,1
165493,0
165503,0
165505,0
165506,1
165510,0
165517,1
165529,1
165534,0
165540,1
165544,0
165548,0
165550,1
165551,0
165557,1
165560,1
165563,1
165565,1
165574,0
165575,1
165578,1
165580,2
165581,0
165584,0
165593,0
165595,1
165597,1
165602,0
165605,1
165606,1
165613,2
165615,0
165619,1
165639,1
165640,0
165641,1
165647,1
165648,0
165650,0
165656,0
165658,1
165659,1
165668,1
165671,1
165674,0
165675,1
165691,0
165693,1
165725,2
165727,1
165732,1
165736,0
165739,0
165758,1
165774,0
165789,1
165794,0
165807,0
165809,0
165810,1
165812,1
165823,0
165829,0
165831,0
165832,1
165839,0
165840,2
165844,1
165850,1
165852,0
165867,0
165868,0
165882,0
165884,0
165893,1
165897,0
165906,1
165911,1
165915,0
165916,1
165926,1
165929,1
165930,0
165932,0
165941,1
165948,1
165951,0
165957,0
165959,2
165960,1
165962,0
165968,1
165981,0
165989,0
165990,0
165991,1
165993,1
166001,0
166006,2
166010,0
166023,0
166027,1
166030,1
166035,0
166037,1
166040,0
166051,1
166052,1
166053,0
166055,2
166062,1
166063,0
166069,1
166074,0
166076,0
166080,0
166083,0
166088,1
166091,1
166096,1
166101,0
166111,0
166117,1
166119,0
166120,1
166126,1
166127,1
166130,0
166139,0
166143,1
166145,1
166147,0
166156,1
166157,0
166158,0
166159,1
166171,0
166183,0
166186,0
166187,0
166197,1
166204,1
166221,1
166223,1
166227,1
166232,2
166237,0
166244,0
166245,0
166249,0
166253,1
166254,2
166256,0
166262,1
166263,1
166268,1
166269,0
166270,0
166272,0
166277,2
166283,0
166290,1
166296,2
166304,1
166316,0
166317,1
166321,1
166325,1
166328,1
166334,1
166339,1
166346,1
166347,1
166354,2
166367,1
166385,1
166386,1
166395,0
166396,1
166398,0
166409,2
166412,1
166414,1
166422,1
166440,1
166447,0
166453,0
166457,1
166460,0
166477,0
166481,1
166486,0
166492,1
166495,1
166496,0
166504,0
166514,1
166516,0
166517,0
166520,1
166522,1
166528,1
166530,2
166534,1
166539,2
166545,0
166579,1
166583,1
166584,2
166586,1
166587,1
166601,1
166602,1
166608,1
166612,1
166614,1
166619,2
166629,1
166636,2
166637,1
166639,1
166645,1
166649,0
166654,0
166659,0
166662,0
166665,0
166671,0
166672,1
166676,1
166685,1
166690,1
166694,1
166697,1
166698,0
166702,2
166704,0
166722,1
166727,1
166732,0
166740,1
166745,0
166747,1
166752,1
166753,1
166756,1
166762,0
166766,0
166771,1
166772,1
166775,1
166776,2
166777,1
166778,1
166781,1
166787,0
166796,0
166801,0
166803,0
166807,0
166808,0
166810,2
166811,1
166818,1
166821,2
166826,0
166828,1
166831,0
166836,0
166840,1
166842,2
166843,2
166845,2
166851,0
166865,0
166869,0
166873,0
166875,1
166877,1
166881,2
166885,0
166887,0
166892,0
166893,0
166901,0
166908,0
166910,0
166914,1
166915,1
166920,2
166921,1
166925,1
166931,0
166932,2
166939,1
166946,1
166952,1
166954,1
166961,0
166969,0
166985,0
166988,1
166993,0
166995,0
167000,1
167001,1
167004,1
167017,0
167028,0
167030,1
167032,2
167034,1
167041,1
167046,1
167047,0
167050,0
167061,0
167067,0
167068,1
167069,1
167075,1
167086,0
167087,0
167089,1
167091,1
167094,1
167117,1
167120,1
167127,1
167129,0
167136,0
167141,1
167161,1
167169,1
167171,1
167181,2
167185,0
167196,0
167200,0
167202,1
167208,0
167209,0
167213,1
167217,2
167218,1
167224,1
167234,0
167242,0
167243,0
167245,0
167248,1
167249,0
167250,0
167258,1
167266,0
167272,1
167274,1
167279,2
167283,0
167291,0
167296,0
167301,1
167302,1
167307,2
167308,2
167311,2
167313,1
167315,0
167318,0
167333,0
167336,1
167348,1
167354,0
167355,2
167356,0
167359,1
167365,0
167366,1
167368,0
167383,0
167386,1
167391,2
167398,0
167402,0
167405,1
167413,0
167415,0
167423,0
167427,1
167431,0
167433,1
167438,2
167439,1
167442,1
167457,1
167462,1
167473,1
167488,1
167489,1
167501,1
167512,0
167518,0
167520,0
167522,0
167523,0
167531,0
167534,0
167536,2
167545,1
167556,1
167565,0
167570,1
167571,0
167572,0
167574,1
167578,0
167587,1
167591,0
167592,0
167593,1
167594,1
167606,0
167607,0
167611,1
167613,1
167618,0
167625,2
167639,1
167644,1
167653,2
167663,0
167667,0
167675,1
167679,1
167682,1
167688,1
167689,1
167691,0
167717,2
167719,1
167722,0
167723,1
167726,1
167732,1
167734,0
167740,1
167741,0
167751,2
167758,1
167764,1
167767,0
167770,2
167775,0
167788,2
167791,1
167797,0
167798,2
167799,1
167804,0
167805,0
167811,0
167812,1
167815,1
167816,1
167821,2
167827,0
167838,1
167842,2
167846,0
167863,0
167868,0
167872,1
167887,1
167895,1
167897,0
167900,1
167905,1
167911,0
167912,1
167921,1
167928,0
167953,1
167957,0
167960,0
167965,1
167971,0
167975,0
167985,0
167988,0
167989,0
167990,1
167992,1
167999,2
168000,1
168001,0
168021,2
168032,0
168038,1
168041,1
168043,0
168050,1
168054,1
168055,1
168058,1
168061,1
168062,1
168063,2
168067,1
168073,0
168075,0
168079,0
168084,2
168085,0
168102,1
168103,0
168105,0
168120,1
168126,1
168130,1
168133,0
168136,1
168139,1
168143,1
168148,0
168167,0
168172,1
168181,0
168183,2
168193,1
168196,1
168198,1
168208,0
168215,0
168216,1
168230,0
168233,1
168240,0
168247,1
168250,0
168255,2
168257,1
168263,0
168265,0
168268,1
168270,1
168281,1
168284,1
168285,1
168301,1
168304,2
168305,0
168309,1
168313,0
168320,1
168327,1
168331,0
168332,1
168336,1
168345,1
168347,1
168348,1
168349,0
168350,0
168351,0
168353,0
168355,0
168361,1
168362,0
168367,1
168376,1
168378,2
168383,1
168386,1
168389,1
168391,0
168393,0
168394,0
168398,0
168405,1
168411,0
168419,1
168420,1
168423,1
168438,1
168445,1
168447,1
168452,1
168457,1
168459,0
168460,1
168468,0
168469,1
168470,0
168474,0
168478,0
168494,1
168496,0
168501,0
168505,0
168507,1
168520,1
168521,2
168522,0
168524,0
168525,0
168526,0
168528,1
168529,0
168541,0
168546,0
168550,1
168551,0
168556,1
168559,0
168561,1
168562,1
168597,0
168606,1
168612,1
168626,0
168634,1
168645,1
168646,0
168651,1
168654,0
168660,0
168664,0
168669,1
168670,2
168672,1
168679,0
168701,1
168704,1
168711,1
168712,1
168713,1
168714,0
168715,0
168716,0
168717,1
168721,1
168725,1
168731,1
168732,0
168734,1
168735,1
168746,0
168752,1
168753,0
168757,1
168760,1
168762,1
168770,0
168772,0
168785,0
168789,0
168801,0
168802,0
168804,1
168811,0
168812,1
168819,1
168826,0
168856,1
168858,1
168871,0
168873,1
168875,1
168877,1
168878,1
168891,1
168898,0
168899,2
168908,1
168911,1
168918,0
168920,1
168925,1
168926,1
168931,1
168942,0
168949,0
168951,1
168958,2
168969,0
168973,1
168975,0
168977,1
168979,1
168990,0
169001,1
169002,1
169003,1
169006,1
169007,0
169010,2
169011,2
169015,0
169016,0
169024,2
169026,1
169042,1
169050,1
169053,1
169054,0
169059,0
169062,1
169065,2
169066,1
169073,1
169075,1
169079,0
169080,0
169081,0
169092,1
169104,0
169110,0
169113,0
169115,1
169122,2
169127,1
169131,0
169134,0
169139,1
169140,1
169146,0
169147,1
169150,0
169158,1
169159,0
169161,0
169164,1
169166,3
169170,1
169175,1
169180,0
169181,3
169194,0
169195,1
169203,0
169214,1
169220,1
169221,0
169247,1
169257,2
169259,0
169263,1
169264,2
169265,1
169266,1
169267,0
169274,1
169277,1
169284,0
169290,1
169293,0
169296,0
169307,0
169318,0
169320,0
169330,1
169331,0
169338,0
169348,0
169354,0
169358,1
169360,0
169381,1
169382,0
169399,1
169401,1
169402,1
169411,1
169422,1
169423,2
169437,1
169438,1
169441,0
169443,1
169451,0
169454,0
169456,1
169463,0
169464,0
169472,0
169473,1
169475,0
169480,1
169486,0
169492,0
169498,0
169499,0
169501,1
169503,0
169510,1
169515,1
169524,1
169526,1
169539,0
169553,0
169555,1
169560,0
169563,1
169564,2
169565,0
169567,0
169572,0
169577,1
169582,1
169583,1
169584,0
169589,0
169594,0
169596,2
169607,1
169610,1
169612,0
169619,1
169632,0
169638,0
169645,0
169647,0
169649,0
169655,0
169659,0
169664,1
169672,0
169684,1
169688,1
169696,1
169704,1
169705,1
169709,0
169717,1
169725,1
169726,0
169730,0
169740,1
169744,0
169745,0
169758,0
169763,1
169766,2
169770,2
169771,0
169773,1
169777,1
169783,1
169785,2
169793,1
169796,1
169797,0
169805,0
169806,1
169809,1
169810,2
169814,1
169825,1
169828,0
169855,1
169858,1
169863,1
169864,0
169867,1
169869,1
169876,2
169877,1
169885,0
169890,0
169893,1
169896,0
169897,1
169908,0
169911,2
169912,1
169917,1
169925,0
169935,0
169947,1
169957,1
169962,0
169963,0
169971,2
169979,0
169981,1
169991,1
169992,1
169998,0
170007,0
170018,1
170024,1
170029,1
170030,1
170031,1
170034,0
170036,1
170042,1
170043,0
170044,1
170067,0
170068,0
170076,0
170086,1
170089,2
170096,1
170100,2
170102,1
170108,0
170110,1
170114,0
170121,0
170123,1
170124,0
170141,1
170143,2
170145,1
170150,1
170153,1
170154,0
170169,0
170176,0
170181,0
170183,2
170187,0
170193,1
170199,1
170200,2
170201,2
170215,2
170219,1
170220,0
170225,1
170229,1
170230,1
170243,2
170245,1
170249,0
170252,0
170255,1
170266,0
170267,0
170271,1
170279,1
170289,1
170294,0
170299,0
170315,1
170319,1
170322,0
170324,0
170325,1
170329,0
170331,1
170335,1
170337,0
170339,1
170340,0
170351,1
170367,1
170369,0
170373,0
170389,0
170402,0
170403,0
170405,0
170413,1
170416,2
170427,1
170434,0
170436,2
170440,1
170445,0
170451,0
170459,0
170465,1
170483,2
170487,1
170503,1
170505,2
170513,1
170516,0
170521,0
170527,1
170528,0
170531,0
170535,1
170541,0
170545,2
170548,0
170551,0
170554,1
170555,0
170565,1
170566,1
170567,1
170568,0
170571,1
170572,2
170574,1
170576,0
170583,2
170586,0
170591,2
170593,1
170599,0
170600,0
170604,0
170606,0
170608,1
170610,0
170618,1
170622,0
170626,1
170630,0
170633,1
170634,2
170638,1
170639,0
170649,1
170653,1
170670,1
170677,1
170678,0
170691,0
170692,0
170696,0
170701,1
170709,1
170714,1
170721,0
170724,0
170725,1
170727,2
170736,0
170738,0
170741,1
170745,1
170755,1
170758,0
170759,0
170760,1
170762,2
170763,1
170767,2
170769,1
170771,0
170773,0
170777,0
170784,0
170788,0
170789,0
170791,0
170793,0
170798,2
170801,1
170802,1
170803,1
170809,2
170844,1
170848,1
170850,0
170851,0
170853,1
170861,0
170867,0
170870,1
170879,0
170884,1
170886,0
170889,1
170890,0
170893,0
170895,0
170899,0
170906,0
170923,2
170924,0
170938,1
170941,1
170943,0
170948,1
170953,0
170963,1
170966,1
170969,0
170975,1
170991,0
170992,0
170995,0
171005,0
171012,1
171013,0
171014,1
171021,2
171025,0
171027,1
171032,0
171039,0
171041,0
171046,2
171049,0
171051,2
171054,0
171057,1
171071,0
171074,1
171075,0
171077,1
171079,0
171081,0
171082,1
171084,1
171087,2
171088,1
171091,0
171095,0
171097,1
171098,1
171102,0
171104,0
171109,1
171118,1
171120,2
171123,0
171128,0
171135,1
171137,0
171140,0
171144,0
171147,1
171152,0
171156,0
171162,1
171172,0
171175,0
171176,1
171180,0
171192,0
171193,0
171198,1
171201,1
171208,1
171210,1
171212,1
171223,1
171224,0
171225,0
171238,0
171248,1
171249,0
171265,2
171268,0
171270,1
171277,0
171281,2
171289,2
171290,0
171295,1
171301,1
171305,0
171309,1
171328,1
171336,0
171343,0
171344,1
171345,1
171355,2
171357,1
171364,1
171367,2
171368,2
171375,0
171377,1
171380,1
171381,1
171385,0
171389,1
171390,1
171400,0
171404,0
171405,0
171414,1
171415,1
171423,2
171424,0
171427,1
171435,1
171436,0
171440,0
171444,1
171447,1
171458,1
171461,1
171462,1
171463,1
171467,0
171470,0
171472,0
171479,1
171482,0
171485,2
171492,2
171495,1
171496,1
171498,1
171499,0
171508,0
171511,0
171513,0
171515,1
171520,1
171523,0
171525,1
171526,1
171530,2
171534,1
171541,1
171544,0
171556,0
171560,1
171564,0
171569,1
171572,1
171588,0
171591,1
171592,1
171594,1
171597,0
171604,1
171606,1
171610,1
171617,1
171622,0
171624,1
171628,0
171629,1
171638,0
171650,0
171656,0
171660,1
171664,1
171668,0
171676,1
171683,1
171693,0
171702,0
171703,0
171707,0
171713,0
171722,0
171724,1
171727,0
171731,1
171745,0
171748,1
171752,0
171757,0
171762,1
171767,0
171775,0
171779,1
171781,0
171784,1
171792,0
171793,1
171797,1
171799,0
171803,0
171805,0
171809,0
171840,0
171847,0
171868,0
171869,0
171873,1
171876,1
171885,1
171886,1
171901,1
171903,0
171904,1
171910,0
171911,0
171919,0
171920,0
171922,0
171925,1
171928,0
171929,1
171930,0
171936,1
171943,0
171948,0
171955,0
171956,0
171957,1
171959,1
171960,0
171967,1
171989,1
171994,0
171996,2
171999,1
172010,1
172011,1
172018,0
172028,1
172034,1
172036,0
172037,0
172043,0
172044,1
172045,0
172047,0
172052,1
172056,1
172058,1
172072,1
172091,2
172094,0
172097,1
172098,0
172100,1
172101,1
172104,1
172111,1
172123,0
172125,1
172130,1
172131,1
172136,1
172139,2
172140,0
172148,1
172157,2
172159,1
172161,0
172166,1
172171,0
172172,0
172176,0
172184,1
172188,0
172198,0
172199,0
172206,2
172207,0
172215,1
172216,1
172218,1
172222,0
172230,0
172240,1
172241,1
172242,1
172246,1
172250,1
172254,1
172259,1
172265,0
172277,0
172288,1
172291,1
172298,2
172299,0
172300,1
172301,0
172302,1
172306,0
172326,1
172327,1
172329,0
172335,1
172344,1
172349,0
172350,1
172354,2
172356,1
172362,0
172363,0
172369,0
172371,0
172376,0
172379,0
172393,0
172398,1
172401,0
172406,1
172407,1
172415,1
172432,1
172433,1
172438,0
172439,0
172443,1
172444,0
172450,1
172452,0
172455,0
172459,0
172461,1
172465,0
172467,1
172471,0
172472,0
172479,1
172482,1
172488,1
172496,1
172497,1
172498,1
172509,1
172520,1
172540,2
172541,2
172545,0
172546,0
172549,0
172553,1
172556,1
172557,0
172562,2
172565,0
172567,1
172583,0
172586,0
172590,0
172591,2
172594,0
172597,0
172606,0
172613,1
172618,1
172628,1
172638,1
172651,0
172663,1
172665,1
172674,0
172677,0
172678,1
172679,1
172680,0
172694,0
172700,1
172702,1
172705,0
172709,1
172710,1
172720,0
172734,0
172740,0
172741,1
172747,0
172748,0
172749,1
172766,1
172769,0
172771,0
172773,1
172775,1
172776,1
172788,0
172791,0
172798,1
172800,1
172803,0
172818,2
172828,0
172829,0
172833,1
172834,1
172844,1
172850,1
172853,0
172854,0
172862,0
172864,1
172868,1
172876,0
172886,0
172887,0
172894,0
172897,0
172899,0
172900,2
172905,1
172910,1
172929,1
172934,0
172935,1
172939,1
172945,1
172964,1
172968,1
172969,1
172981,0
172983,1
172986,0
172996,1
172999,1
173015,1
173021,1
173024,1
173026,0
173027,1
173040,2
173044,0
173045,0
173049,1
173050,1
173072,1
173075,0
173085,0
173089,1
173092,0
173100,1
173111,1
173114,1
173117,1
173120,1
173123,0
173124,0
173126,1
173128,2
173129,1
173138,1
173140,0
173146,0
173151,1
173156,0
173157,0
173170,1
173172,1
173173,0
173175,0
173189,0
173190,0
173191,2
173192,0
173201,0
173207,1
173208,2
173213,1
173217,0
173218,0
173225,2
173228,0
173229,0
173245,1
173253,1
173263,1
173267,0
173272,1
173277,1
173288,1
173304,1
173312,1
173315,0
173330,2
173334,0
173335,0
173339,0
173349,0
173351,0
173352,1
173360,0
173370,2
173371,1
173381,1
173395,2
173399,1
173401,1
173407,1
173411,1
173424,1
173430,0
173431,0
173436,0
173437,0
173439,0
173447,0
173462,2
173477,1
173483,0
173485,0
173489,0
173490,0
173492,0
173499,1
173504,1
173505,0
173506,1
173508,1
173516,1
173521,1
173523,1
173532,2
173534,1
173536,1
173539,0
173543,0
173546,1
173547,0
173549,0
173551,2
173552,1
173570,1
173574,1
173581,0
173582,2
173590,0
173595,1
173601,0
173602,2
173604,0
173615,0
173616,0
173618,0
173624,2
173626,2
173627,0
173628,1
173639,0
173640,1
173642,0
173644,1
173649,1
173656,1
173662,1
173663,1
173669,1
173670,1
173681,2
173685,0
173690,0
173692,0
173696,1
173697,1
173702,0
173703,1
173708,2
173711,0
173726,0
173728,1
173730,1
173732,0
173745,1
173759,1
173760,0
173762,0
173767,2
173768,0
173769,0
173773,1
173776,1
173780,2
173784,1
173789,2
173804,1
173810,1
173814,1
173820,2
173823,0
173826,0
173831,0
173832,0
173838,1
173848,1
173852,0
173853,0
173854,1
173857,1
173862,0
173888,2
173894,1
173898,1
173901,1
173907,0
173908,0
173910,1
173911,0
173912,1
173920,1
173923,0
173926,2
173927,0
173928,1
173934,1
173953,1
173962,0
173965,0
173972,0
173986,0
173987,1
173991,1
173993,2
174008,1
174012,0
174022,0
174031,1
174047,0
174051,1
174061,1
174065,1
174066,0
174077,2
174079,1
174080,1
174085,0
174091,0
174092,1
174095,1
174100,2
174101,0
174122,1
174126,1
174131,1
174144,0
174145,0
174147,1
174162,0
174163,1
174166,2
174167,1
174170,0
174171,0
174181,1
174183,0
174185,1
174187,1
174198,0
174199,1
174204,1
174208,0
174217,0
174230,1
174233,2
174235,0
174253,0
174255,0
174256,0
174257,0
174260,0
174262,1
174265,1
174279,1
174287,1
174288,0
174293,1
174295,2
174304,1
174318,1
174320,1
174324,2
174331,1
174332,2
174348,1
174352,0
174366,0
174370,1
174374,1
174375,3
174386,1
174388,1
174389,1
174392,0
174399,1
174401,2
174402,0
174404,1
174408,0
174418,0
174437,0
174448,1
174451,1
174452,1
174453,2
174460,1
174470,1
174472,0
174474,1
174478,1
174496,1
174499,1
174504,0
174506,0
174508,1
174520,0
174524,1
174532,1
174533,1
174535,1
174538,1
174541,1
174552,0
174553,2
174554,1
174557,2
174571,1
174572,0
174578,1
174584,0
174592,0
174594,0
174597,0
174599,0
174610,0
174612,1
174614,0
174615,1
174616,1
174631,1
174632,0
174641,2
174642,1
174644,0
174658,1
174659,1
174667,0
174668,1
174689,0
174694,1
174697,0
174698,0
174710,1
174717,1
174718,0
174721,0
174724,0
174727,1
174728,2
174732,1
174734,2
174741,1
174742,2
174744,0
174745,1
174752,1
174759,0
174761,0
174762,1
174763,1
174767,0
174775,2
174776,0
174777,2
174791,1
174796,1
174805,1
174809,1
174816,0
174821,1
174827,2
174835,2
174844,0
174845,0
174847,1
174850,1
174854,0
174857,2
174864,1
174865,0
174872,1
174877,0
174879,0
174880,1
174886,1
174887,1
174895,1
174896,1
174897,1
174904,0
174910,2
174918,1
174922,0
174936,0
174942,0
174949,1
174950,1
174959,0
174961,1
174964,1
174966,1
174968,0
174970,1
174977,0
174998,1
174999,0
175000,1
175018,1
175021,1
175023,1
175027,2
175032,2
175037,0
175041,1
175043,0
175055,0
175056,0
175057,1
175065,0
175067,1
175070,0
175073,1
175077,0
175086,0
175088,0
175090,2
175099,1
175102,0
175110,0
175112,2
175118,0
175119,0
175126,0
175128,1
175131,1
175132,0
175136,1
175139,2
175144,1
175152,0
175153,0
175155,0
175160,0
175170,1
175176,0
175177,1
175182,0
175183,1
175186,0
175191,1
175192,1
175193,1
175197,1
175201,1
175202,0
175211,1
175213,1
175218,1
175224,1
175237,0
175251,1
175261,1
175267,0
175269,1
175291,1
175292,1
175296,1
175300,1
175303,0
175304,1
175314,1
175317,0
175318,0
175322,2
175324,1
175327,1
175330,1
175333,0
175335,0
175336,1
175338,0
175341,1
175342,2
175347,0
175354,1
175355,1
175364,0
175369,2
175370,1
175394,0
175397,0
175407,0
175409,0
175411,0
175414,0
175415,2
175425,1
175434,1
175439,1
175442,1
175443,1
175444,1
175446,0
175447,0
175455,1
175459,1
175461,0
175463,0
175466,2
175467,1
175468,0
175471,0
175473,0
175492,1
175493,1
175496,1
175497,1
175499,1
175502,0
175510,0
175520,2
175526,0
175528,1
175530,1
175533,0
175541,1
175552,0
175561,0
175562,0
175569,2
175571,0
175581,1
175583,0
175585,1
175586,0
175587,1
175591,0
175593,0
175598,1
175600,2
175604,0
175605,0
175613,0
175614,0
175618,1
175624,0
175626,0
175627,1
175634,2
175635,0
175645,1
175646,0
175649,1
175656,1
175661,2
175673,1
175674,1
175675,1
175682,0
175683,1
175686,0
175688,1
175694,2
175696,0
175705,2
175710,0
175717,0
175719,2
175722,1
175726,0
175732,1
175734,0
175735,0
175741,0
175742,1
175745,1
175748,0
175749,0
175751,0
175752,1
175761,2
175769,0
175770,0
175771,0
175776,1
175778,0
175779,0
175783,0
175787,0
175789,0
175792,1
175803,1
175817,1
175818,2
175825,2
175826,1
175832,0
175846,0
175848,0
175852,1
175859,1
175860,2
175869,1
175874,1
175886,2
175890,0
175892,1
175895,1
175897,0
175912,0
175915,0
175917,2
175918,1
175920,0
175922,1
175931,1
175932,0
175936,1
175941,1
175944,1
175947,0
175949,0
175950,1
175952,0
175961,1
175962,1
175965,1
175966,1
175967,0
175977,0
175978,1
175985,1
175992,1
176007,1
176012,1
176014,0
176020,0
176022,1
176024,1
176025,1
176028,0
176033,1
176043,0
176050,1
176066,1
176069,1
176075,2
176079,1
176082,1
176088,0
176094,2
176100,1
176102,0
176103,1
176117,1
176142,1
176144,2
176148,1
176149,1
176151,1
176160,1
176170,1
176179,1
176193,1
176202,1
176205,0
176206,1
176211,1
176214,1
176217,1
176222,0
176228,1
176233,0
176235,0
176236,1
176237,1
176240,1
176247,0
176259,0
176261,1
176264,1
176267,1
176274,1
176277,0
176279,0
176288,1
176290,2
176296,1
176306,0
176309,0
176311,1
176319,1
176322,0
176328,0
176331,0
176334,0
176336,2
176339,1
176340,1
176341,2
176345,0
176347,0
176359,1
176361,0
176368,1
176373,0
176376,1
176388,1
176390,1
176391,0
176393,0
176397,1
176399,1
176402,0
176403,1
176404,0
176406,0
176407,1
176413,1
176415,1
176427,1
176435,1
176436,0
176442,0
176443,1
176448,0
176449,0
176461,2
176473,1
176478,1
176484,2
176485,2
176486,1
176493,0
176494,2
176497,0
176499,1
176505,1
176506,0
176514,1
176522,1
176523,1
176525,2
176527,1
176528,1
176532,0
176536,1
176549,1
176552,0
176561,0
176566,0
176570,0
176577,1
176583,2
176594,2
176601,1
176602,1
176606,1
176607,0
176619,1
176629,1
176630,1
176637,1
176645,1
176646,0
176650,2
176655,1
176660,0
176665,0
176671,1
176677,1
176683,0
176687,0
176695,3
176696,0
176699,2
176702,0
176711,1
176729,1
176741,2
176742,1
176745,1
176746,0
176756,1
176769,0
176770,1
176774,1
176780,1
176788,2
176789,0
176798,0
176804,0
176808,2
176809,1
176816,1
176825,2
176830,1
176832,1
176833,1
176834,0
176835,0
176856,0
176859,0
176862,2
176866,0
176875,1
176879,1
176881,0
176885,1
176899,0
176902,1
176908,2
176914,0
176923,0
176926,1
176929,1
176936,2
176937,0
176938,1
176945,1
176952,1
176957,1
176962,1
176974,1
176977,2
176981,1
176982,1
176983,1
176985,1
176989,0
176990,1
176992,1
176998,1
177001,1
177004,1
177005,1
177006,0
177010,0
177011,0
177012,1
177019,1
177025,0
177030,0
177035,0
177037,1
177042,2
177047,0
177051,1
177076,1
177084,0
177085,0
177087,1
177101,1
177109,0
177121,1
177122,1
177123,2
177126,0
177134,0
177136,1
177139,2
177142,0
177144,2
177148,0
177150,0
177159,0
177168,0
177170,0
177176,1
177203,1
177217,2
177220,1
177222,0
177224,1
177226,1
177229,1
177230,1
177232,0
177247,0
177248,1
177249,0
177255,1
177257,0
177261,0
177268,1
177273,1
177279,1
177284,0
177286,0
177288,1
177294,1
177295,0
177299,1
177301,0
177305,1
177326,0
177328,0
177329,0
177334,0
177336,2
177337,1
177338,1
177341,1
177346,2
177352,1
177357,0
177358,1
177361,0
177370,2
177375,1
177378,1
177389,1
177397,0
177401,0
177402,0
177403,0
177404,1
177420,2
177421,1
177427,1
177439,1
177440,0
177450,0
177452,0
177460,0
177465,0
177471,0
177491,2
177495,0
177507,0
177510,0
177511,1
177514,1
177519,1
177523,1
177526,2
177528,0
177529,0
177530,0
177538,1
177540,0
177548,0
177556,0
177557,2
177560,0
177563,1
177567,1
177569,1
177571,0
177575,0
177578,2
177579,1
177584,0
177589,0
177592,1
177595,1
177596,1
177598,0
177604,1
177614,0
177616,0
177619,2
177637,1
177643,2
177645,0
177659,1
177660,0
177664,0
177666,0
177673,1
177681,1
177685,2
177688,0
177689,1
177704,1
177712,1
177713,2
177714,0
177719,0
177725,1
177726,1
177727,1
177733,0
177735,1
177736,1
177742,0
177744,1
177748,1
177754,0
177756,1
177759,0
177765,1
177767,0
177772,0
177776,1
177785,1
177790,2
177791,2
177793,1
177803,0
177809,0
177816,2
177818,1
177819,0
177833,0
177834,0
177835,0
177836,1
177837,1
177844,1
177852,2
177853,1
177856,1
177857,0
177858,1
177861,1
177866,0
177868,2
177872,1
177874,0
177879,1
177883,0
177885,1
177888,1
177890,1
177896,0
177897,1
177904,1
177907,0
177916,1
177919,1
177928,1
177949,0
177952,1
177957,0
177958,1
177963,2
177967,1
177968,1
177971,0
177972,2
177976,1
177979,0
177980,0
177981,1
177991,0
177992,0
178000,1
178001,1
178003,1
178006,0
178009,0
178016,0
178021,1
178024,1
178035,1
178044,1
178048,0
178059,1
178060,0
178067,0
178079,1
178081,1
178084,1
178085,0
178090,0
178104,0
178110,0
178126,0
178127,1
178131,1
178136,1
178137,1
178141,1
178142,1
178147,1
178148,1
178149,1
178153,1
178157,0
178161,1
178164,1
178168,1
178174,1
178177,1
178186,1
178195,0
178197,1
178204,1
178212,1
178219,0
178225,1
178233,0
178237,1
178242,1
178245,0
178251,1
178259,2
178261,1
178263,2
178266,1
178267,2
178284,1
178285,0
178287,1
178288,1
178290,0
178291,0
178293,1
178297,1
178298,1
178301,2
178305,1
178309,0
178312,0
178313,0
178316,0
178317,1
178323,0
178324,0
178329,2
178334,2
178337,0
178351,1
178352,0
178361,0
178371,1
178378,1
178387,2
178406,1
178409,2
178412,1
178415,1
178416,1
178417,1
178418,0
178419,2
178420,1
178426,1
178428,2
178429,1
178435,0
178439,0
178440,0
178448,0
178449,1
178457,0
178462,1
178468,0
178477,0
178478,0
178481,1
178485,0
178494,1
178500,0
178503,2
178509,1
178519,0
178526,1
178534,0
178536,2
178539,1
178540,1
178541,2
178543,1
178544,0
178550,2
178563,0
178566,0
178568,2
178571,1
178572,1
178575,1
178578,0
178579,0
178604,1
178616,1
178618,0
178623,0
178629,1
178632,0
178634,1
178637,0
178641,2
178646,0
178647,0
178666,1
178673,0
178674,1
178675,0
178676,0
178678,0
178681,1
178687,0
178690,2
178694,0
178697,0
178704,0
178707,1
178709,1
178718,1
178721,0
178724,0
178727,0
178729,1
178745,1
178751,1
178752,0
178754,1
178759,1
178760,1
178767,1
178771,0
178774,2
178779,1
178781,0
178786,0
178787,1
178791,0
178798,1
178799,1
178805,0
178806,2
178808,0
178816,1
178817,0
178818,0
178819,2
178821,0
178823,0
178827,1
178834,1
178835,1
178836,0
178859,0
178861,1
178862,1
178867,0
178874,0
178882,2
178888,1
178893,1
178894,2
178895,1
178903,0
178905,2
178910,0
178917,1
178923,1
178930,1
178936,0
178941,0
178943,2
178946,0
178947,1
178961,1
178963,1
178968,1
178970,0
178971,1
178975,1
178977,2
178983,1
178989,0
178994,1
178995,0
178999,0
179004,1
179011,0
179012,1
179022,2
179024,1
179027,1
179031,0
179032,0
179034,0
179056,2
179065,2
179069,2
179071,1
179074,1
179075,0
179078,2
179080,0
179088,0
179092,0
179093,1
179113,1
179118,1
179121,1
179124,1
179133,0
179135,1
179136,1
179144,0
179147,1
179151,1
179152,0
179157,1
179158,1
179159,1
179165,1
179171,0
179175,1
179176,1
179178,1
179180,1
179183,0
179196,0
179202,1
179203,1
179213,1
179216,1
179218,1
179231,0
179233,1
179245,1
179254,0
179255,0
179267,0
179276,2
179293,1
179296,1
179298,1
179302,0
179312,0
179323,1
179324,1
179326,0
179329,0
179340,1
179343,1
179346,1
179347,1
179355,2
179363,2
179364,0
179371,0
179373,0
179378,1
179380,0
179396,1
179406,0
179413,0
179439,1
179444,1
179445,0
179448,0
179455,1
179457,0
179458,1
179462,1
179463,0
179464,0
179470,1
179471,0
179472,0
179481,0
179485,2
179491,1
179493,0
179503,1
179504,1
179507,1
179513,1
179514,0
179528,0
179529,1
179539,1
179548,1
179549,1
179562,0
179568,0
179574,1
179576,1
179577,0
179581,1
179583,1
179585,0
179595,0
179602,1
179606,2
179611,1
179615,0
179617,1
179618,0
179621,1
179626,0
179631,1
179633,0
179634,0
179654,0
179657,1
179664,0
179672,1
179674,1
179675,2
179679,0
179680,0
179681,1
179687,1
179695,2
179697,1
179699,1
179704,0
179710,1
179718,2
179722,0
179723,0
179733,1
179738,1
179739,1
179744,1
179745,1
179749,1
179751,0
179756,1
179758,0
179761,1
179775,0
179776,1
179780,0
179785,0
179789,0
179793,2
179801,0
179812,1
179814,1
179815,0
179819,1
179822,1
179827,0
179835,1
179839,1
179840,0
179844,0
179846,2
179848,1
179853,0
179862,1
179869,1
179877,0
179882,0
179892,0
179896,1
179899,2
179903,0
179915,1
179919,0
179923,1
179924,0
179933,0
179934,1
179936,1
179939,0
179940,0
179953,1
179956,1
179968,1
179976,2
179984,0
179985,1
179987,0
179992,0
179993,1
179995,1
179999,1
180001,0
180003,1
180011,1
180016,1
180021,1
180022,1
180024,0
180028,1
180032,0
180035,0
180050,0
180052,1
180053,1
180060,1
180061,0
180062,2
180065,0
180070,1
180071,0
180075,1
180076,1
180077,1
180082,1
180106,0
180110,0
180114,2
180124,1
180128,0
180146,0
180148,1
180150,1
180155,0
180165,1
180186,1
180188,1
180204,1
180208,2
180232,0
180237,0
180240,0
180241,1
180245,1
180254,2
180256,0
180257,0
180271,0
180277,1
180282,1
180283,0
180284,1
180285,0
180287,0
180289,1
180292,0
180297,1
180298,0
180301,0
180309,1
180310,0
180317,1
180319,1
180321,0
180326,0
180327,2
180330,1
180335,1
180337,0
180339,1
180344,0
180347,1
180351,1
180356,1
180364,1
180365,1
180367,1
180369,0
180371,1
180372,0
180376,1
180379,0
180383,1
180392,0
180397,1
180401,0
180402,1
180413,0
180420,0
180427,0
180436,0
180437,2
180442,1
180445,1
180461,0
180463,0
180473,1
180479,1
180484,1
180491,0
180492,0
180493,1
180503,1
180508,1
180518,0
180519,1
180531,0
180535,1
180540,0
180549,2
180550,1
180558,0
180562,1
180567,0
180571,1
180572,1
180582,1
180583,0
180584,0
180585,2
180590,1
180592,2
180594,1
180600,2
180605,1
180610,0
180614,0
180619,0
180621,0
180626,1
180630,0
180650,0
180651,0
180657,0
180658,2
180660,0
180664,1
180667,1
180670,0
180680,0
180687,1
180691,1
180693,0
180694,0
180701,1
180706,0
180707,1
180710,0
180714,0
180716,2
180717,0
180719,1
180723,1
180732,0
180733,1
180735,0
180739,0
180745,0
180746,2
180749,1
180756,1
180760,1
180769,2
180773,0
180775,1
180782,1
180793,0
180796,0
180800,1
180806,1
180808,1
180809,1
180815,1
180818,0
180819,1
180823,1
180835,0
180841,1
180844,2
180847,0
180848,1
180854,0
180857,1
180864,0
180867,0
180876,1
180884,1
180892,1
180900,1
180913,1
180920,1
180940,0
180953,0
180959,1
180960,2
180961,0
180970,1
180971,0
180976,1
180977,1
180981,1
180986,1
180991,1
180995,0
180997,1
181002,0
181005,0
181006,1
181011,1
181014,1
181026,1
181027,1
181030,0
181032,1
181043,1
181045,1
181046,1
181047,1
181050,1
181051,1
181052,1
181053,1
181057,1
181059,1
181062,1
181069,1
181070,1
181073,1
181084,0
181086,1
181091,1
181095,0
181101,0
181106,1
181108,1
181116,0
181121,1
181129,1
181131,0
181139,2
181143,1
181147,0
181148,0
181152,0
181154,1
181160,1
181164,1
181184,1
181186,0
181190,1
181191,0
181194,1
181198,1
181204,0
181210,1
181215,1
181227,1
181231,0
181241,2
181243,1
181244,0
181245,0
181246,1
181248,0
181250,0
181254,1
181255,1
181258,1
181262,0
181266,1
181271,0
181276,1
181281,1
181289,1
181292,0
181293,1
181296,0
181302,1
181309,1
181314,1
181318,1
181320,1
181335,1
181345,1
181347,1
181353,0
181357,0
181369,1
181372,0
181385,0
181387,1
181389,1
181390,0
181396,1
181401,1
181402,1
181404,0
181407,0
181416,1
181423,1
181432,0
181434,1
181435,0
181437,0
181443,1
181445,1
181450,1
181470,0
181471,0
181474,1
181476,0
181477,0
181478,1
181479,0
181484,1
181485,0
181498,2
181499,1
181512,0
181516,1
181522,0
181527,2
181534,0
181538,1
181544,1
181547,1
181553,1
181572,1
181574,0
181576,1
181579,1
181581,1
181595,0
181618,1
181625,0
181626,0
181635,1
181648,0
181656,0
181657,0
181662,0
181663,0
181666,0
181667,2
181669,1
181677,0
181679,2
181683,1
181685,1
181689,1
181691,1
181694,1
181700,2
181702,1
181707,0
181721,1
181722,0
181724,0
181725,0
181739,2
181740,0
181745,1
181748,0
181763,1
181767,2
181768,1
181773,0
181776,0
181789,1
181793,2
181794,0
181796,1
181804,1
181809,1
181810,1
181814,0
181822,0
181825,2
181827,1
181828,0
181831,1
181832,3
181833,1
181835,1
181839,0
181845,0
181847,1
181851,1
181857,0
181860,1
181862,0
181863,1
181864,0
181867,0
181869,0
181875,1
181882,1
181886,0
181898,1
181901,1
181903,1
181904,0
181913,1
181914,0
181915,1
181916,0
181923,1
181929,0
181936,2
181937,1
181940,1
181949,2
181950,1
181953,1
181957,0
181958,0
181959,1
181964,0
181965,0
181976,0
181980,1
181985,0
181994,0
181999,0
182010,0
182022,1
182029,0
182035,0
182043,1
182044,1
182047,0
182055,0
182056,0
182058,1
182059,0
182076,1
182079,1
182083,0
182088,0
182089,1
182093,1
182109,2
182112,0
182114,0
182116,1
182117,0
182118,1
182129,2
182135,0
182137,0
182139,0
182150,0
182151,1
182152,1
182153,1
182157,1
182162,0
182172,0
182173,2
182181,1
182190,1
182191,0
182192,1
182208,1
182224,2
182235,1
182245,1
182246,1
182256,0
182257,0
182259,1
182260,1
182278,1
182280,1
182287,1
182290,1
182294,0
182295,0
182300,2
182310,0
182311,0
182312,0
182317,1
182319,0
182321,1
182332,0
182339,1
182366,0
182385,0
182386,0
182388,1
182392,1
182395,0
182404,0
182420,1
182423,2
182424,1
182428,0
182432,0
182434,0
182435,1
182436,0
182437,0
182440,0
182443,1
182451,1
182453,1
182459,1
182473,0
182474,0
182479,1
182481,1
182482,2
182483,1
182485,0
182489,0
182494,0
182495,1
182501,1
182502,1
182510,0
182541,0
182553,0
182562,0
182563,1
182565,1
182566,0
182571,0
182575,0
182586,1
182591,1
182604,1
182607,1
182617,1
182621,0
182625,1
182634,1
182636,0
182640,2
182644,1
182658,0
182662,0
182663,1
182668,1
182674,1
182676,0
182677,1
182684,0
182691,1
182707,2
182711,1
182713,0
182718,1
182719,1
182723,2
182725,1
182727,1
182742,0
182745,2
182750,1
182751,2
182754,0
182756,2
182765,2
182767,0
182769,0
182775,1
182776,0
182786,1
182790,0
182804,1
182812,1
182819,1
182829,0
182831,0
182842,0
182844,0
182847,0
182854,0
182859,0
182861,0
182863,0
182864,1
182883,0
182885,0
182888,1
182893,1
182896,1
182897,2
182901,1
182906,0
182911,0
182913,1
182922,0
182925,1
182926,1
182928,0
182930,1
182942,1
182944,0
182949,1
182950,1
182962,0
182971,0
182973,0
182977,1
182983,1
182985,0
182991,1
182999,1
183004,1
183015,2
183017,0
183025,2
183029,1
183031,1
183037,1
183050,0
183052,1
183056,0
183061,1
183066,0
183067,1
183072,2
183076,0
183081,1
183085,1
183089,0
183093,1
183099,0
183100,0
183109,1
183119,1
183122,1
183124,2
183125,1
183127,1
183128,1
183132,0
183134,0
183135,0
183138,0
183141,1
183145,0
183155,0
183162,1
183166,1
183173,0
183175,1
183184,0
183187,0
183190,0
183193,1
183196,1
183201,2
183202,2
183204,1
183206,1
183208,0
183217,2
183228,1
183232,0
183233,0
183238,0
183239,1
183249,1
183250,0
183258,1
183260,1
183263,2
183264,0
183269,0
183281,1
183287,0
183290,1
183294,1
183303,0
183306,0
183310,0
183340,1
183346,3
183349,1
183351,1
183364,0
183368,1
183374,2
183375,0
183380,1
183396,1
183398,2
183399,0
183402,1
183403,1
183408,1
183411,1
183430,1
183444,1
183448,1
183451,1
183454,0
183460,1
183461,2
183462,1
183463,1
183477,1
183479,2
183480,1
183487,0
183489,1
183490,1
183495,0
183500,1
183503,1
183507,0
183511,1
183520,0
183522,0
183524,1
183529,0
183533,1
183538,1
183541,0
183542,0
183545,1
183551,1
183552,1
183555,0
183561,0
183567,0
183573,1
183575,0
183581,0
183583,0
183591,0
183608,0
183609,1
183625,1
183635,1
183638,1
183639,1
183641,1
183649,1
183655,0
183661,1
183669,0
183678,0
183681,0
183687,1
183690,1
183705,1
183709,0
183712,1
183713,0
183714,1
183716,0
183728,0
183729,0
183736,1
183739,1
183743,0
183746,1
183751,1
183753,0
183755,0
183757,0
183758,1
183762,1
183767,1
183769,1
183771,0
183772,1
183776,0
183777,0
183782,0
183786,0
183795,0
183796,1
183797,0
183802,1
183806,1
183811,0
183817,0
183824,2
183825,1
183837,0
183841,0
183846,2
183848,1
183849,1
183851,0
183852,1
183856,1
183864,0
183870,1
183876,1
183880,2
183885,1
183888,0
183893,1
183895,0
183899,0
183901,1
183907,0
183912,0
183918,2
183921,1
183922,0
183945,0
183948,0
183952,1
183954,0
183959,1
183963,1
183966,1
183968,1
183969,1
183970,0
183979,1
183980,1
183983,1
183986,1
184001,1
184002,1
184005,0
184010,1
184014,0
184015,1
184034,1
184035,2
184046,1
184054,1
184055,1
184058,2
184063,2
184065,0
184070,1
184077,1
184095,1
184104,0
184108,1
184116,0
184118,0
184128,0
184138,1
184144,0
184155,1
184159,1
184162,1
184176,1
184178,0
184181,1
184182,1
184186,0
184192,1
184195,1
184204,0
184219,1
184224,1
184233,1
184237,0
184242,0
184243,2
184250,1
184265,0
184273,0
184274,1
184276,0
184282,1
184284,1
184286,1
184292,1
184294,0
184297,1
184299,1
184303,1
184306,1
184313,1
184317,1
184318,1
184322,0
184327,2
184329,0
184333,1
184336,0
184339,1
184340,1
184354,0
184356,1
184360,2
184363,2
184364,0
184372,0
184374,1
184377,1
184380,1
184385,1
184386,1
184399,0
184413,2
184416,2
184417,0
184418,0
184419,2
184421,1
184433,1
184435,1
184441,1
184444,1
184446,0
184449,2
184452,1
184454,2
184457,1
184463,0
184465,1
184469,1
184475,0
184489,1
184497,1
184503,1
184504,1
184505,1
184507,1
184528,0
184532,0
184538,2
184548,2
184552,1
184561,0
184562,0
184578,1
184592,1
184593,0
184595,2
184598,0
184600,2
184606,1
184613,0
184619,3
184622,2
184626,1
184629,1
184630,1
184632,0
184633,1
184635,0
184637,1
184640,0
184641,1
184647,2
184648,1
184656,1
184659,0
184673,0
184685,1
184693,1
184695,0
184699,1
184713,1
184719,2
184722,0
184732,0
184734,0
184739,1
184743,1
184744,1
184753,1
184762,1
184763,0
184767,0
184774,1
184781,1
184785,0
184796,0
184799,1
184804,1
184812,2
184815,0
184823,0
184834,0
184840,0
184847,1
184848,2
184853,1
184854,0
184872,1
184878,1
184879,2
184886,0
184888,2
184889,0
184898,0
184908,1
184909,2
184913,2
184922,1
184930,1
184935,0
184956,0
184959,1
184964,3
184970,1
184971,1
184974,1
184993,1
184994,1
184995,2
184999,1
185004,1
185009,1
185015,0
185022,0
185024,0
185026,0
185027,1
185028,2
185037,1
185038,0
185041,0
185044,2
185049,1
185054,0
185058,1
185071,1
185075,2
185076,0
185078,0
185091,1
185092,2
185095,1
185105,1
185109,1
185120,1
185122,1
185125,0
185129,1
185135,1
185142,1
185144,1
185153,1
185154,2
185155,1
185158,1
185161,1
185169,0
185170,1
185172,1
185175,2
185180,1
185205,0
185212,1
185218,1
185222,0
185229,0
185230,0
185233,1
185234,1
185240,2
185242,0
185247,0
185259,1
185263,0
185265,1
185270,0
185273,2
185281,1
185300,0
185301,2
185311,2
185313,2
185317,1
185332,1
185335,0
185344,1
185345,1
185347,0
185353,1
185354,0
185355,1
185360,0
185369,0
185372,0
185373,1
185374,1
185382,0
185384,0
185392,1
185397,1
185399,1
185407,0
185409,1
185410,1
185421,0
185423,1
185424,0
185432,1
185441,2
185447,1
185454,1
185458,0
185463,0
185464,0
185471,1
185488,0
185492,0
185493,1
185495,0
185501,1
185502,0
185507,0
185517,1
185521,2
185526,1
185528,0
185531,0
185544,1
185552,1
185563,1
185565,1
185573,0
185574,1
185575,0
185582,0
185599,0
185603,0
185615,1
185620,0
185626,1
185631,1
185633,1
185639,1
185652,0
185661,2
185663,1
185665,0
185671,0
185673,1
185675,0
185676,1
185678,1
185680,0
185694,0
185697,1
185703,0
185707,0
185711,1
185719,0
185722,1
185725,1
185730,0
185735,1
185736,1
185737,1
185739,0
185740,1
185746,0
185756,1
185759,0
185763,1
185764,1
185780,2
185782,0
185786,0
185794,1
185798,0
185802,0
185803,1
185820,1
185821,0
185827,1
185841,0
185848,0
185857,1
185858,1
185860,1
185863,1
185868,1
185871,1
185877,1
185885,1
185886,0
185887,2
185889,1
185908,1
185918,1
185921,0
185926,1
185932,0
185933,2
185942,0
185943,0
185950,0
185953,1
185954,1
185960,0
185963,1
185965,1
185970,1
185976,1
185981,0
185983,1
185987,2
185993,1
185996,1
185998,0
186003,1
186022,0
186027,0
186035,1
186040,1
186047,0
186049,2
186053,1
186054,1
186060,1
186066,0
186067,1
186071,0
186075,2
186076,0
186083,1
186085,1
186086,2
186091,2
186098,0
186105,2
186106,1
186109,1
186124,0
186127,0
186132,0
186134,1
186148,0
186151,0
186155,0
186156,0
186157,1
186159,0
186161,1
186163,0
186167,1
186168,2
186176,1
186190,0
186206,1
186214,0
186217,0
186223,1
186232,0
186236,0
186237,1
186238,1
186239,1
186244,1
186246,0
186247,0
186249,0
186250,1
186257,1
186265,0
186268,0
186271,2
186279,1
186282,1
186285,1
186288,2
186302,0
186303,1
186312,0
186314,0
186321,1
186327,1
186330,1
186341,1
186348,2
186356,1
186360,0
186365,1
186374,2
186377,1
186381,1
186384,1
186396,0
186407,0
186409,0
186412,2
186418,1
186419,0
186420,1
186431,0
186433,0
186438,0
186444,0
186449,0
186454,0
186457,0
186459,1
186462,1
186466,1
186473,0
186474,1
186476,0
186481,0
186482,0
186487,1
186488,3
186493,2
186499,0
186505,0
186506,0
186515,1
186518,1
186520,0
186526,1
186529,1
186533,1
186537,0
186540,0
186543,0
186546,1
186550,0
186553,1
186567,0
186571,0
186575,0
186576,0
186589,1
186591,0
186592,1
186597,0
186601,1
186607,0
186609,0
186625,0
186628,0
186631,1
186634,0
186639,1
186640,0
186645,1
186646,0
186654,1
186658,0
186660,2
186663,1
186670,1
186673,1
186676,1
186680,0
186684,0
186692,2
186698,1
186703,0
186708,0
186710,0
186714,0
186722,0
186730,1
186736,1
186741,1
186744,0
186748,1
186750,1
186752,0
186753,0
186760,0
186767,1
186768,1
186772,1
186778,0
186785,1
186788,0
186792,1
186810,1
186819,0
186820,2
186824,0
186828,0
186830,1
186838,1
186842,0
186847,1
186854,2
186864,1
186867,1
186868,1
186872,1
186881,2
186885,0
186887,1
186892,1
186896,1
186897,0
186903,1
186915,1
186919,1
186921,0
186925,1
186928,0
186930,1
186938,0
186942,1
186946,1
186948,1
186952,0
186957,0
186958,1
186960,0
186966,0
186968,1
186979,0
186992,1
186996,0
186998,0
187000,1
187011,0
187014,1
187015,0
187016,1
187031,0
187034,2
187035,0
187038,1
187041,0
187042,1
187046,1
187049,0
187053,1
187063,2
187064,2
187068,0
187071,0
187075,0
187080,0
187081,1
187090,1
187094,1
187096,1
187103,1
187108,1
187112,0
187115,0
187117,1
187124,0
187126,0
187127,1
187136,2
187164,1
187168,1
187172,1
187180,0
187183,1
187185,1
187193,1
187204,0
187206,0
187208,1
187225,0
187227,0
187231,2
187235,1
187236,2
187240,1
187259,0
187270,0
187272,1
187273,1
187274,0
187279,0
187280,2
187285,1
187290,1
187292,0
187293,1
187295,2
187318,1
187335,1
187338,0
187339,1
187343,1
187344,1
187346,1
187347,0
187358,1
187360,1
187368,0
187370,0
187374,1
187379,0
187381,0
187385,1
187390,2
187396,0
187402,1
187406,0
187409,0
187411,1
187412,1
187427,0
187435,1
187442,0
187444,0
187448,0
187449,1
187450,1
187458,0
187462,1
187466,0
187467,1
187471,1
187473,1
187474,0
187475,0
187477,1
187485,0
187488,2
187491,1
187503,2
187508,1
187510,0
187516,1
187519,2
187525,1
187530,2
187536,1
187543,1
187545,2
187547,1
187549,0
187550,1
187551,0
187553,0
187559,0
187560,1
187564,0
187576,0
187585,0
187599,1
187600,1
187604,0
187605,2
187611,2
187613,1
187621,1
187629,2
187631,0
187632,1
187636,0
187647,1
187658,1
187660,1
187664,0
187669,0
187674,0
187680,2
187681,1
187686,1
187689,0
187695,0
187696,1
187697,1
187699,0
187700,0
187711,1
187715,1
187720,1
187728,0
187730,0
187731,1
187733,0
187735,1
187742,1
187743,0
187744,0
187748,0
187754,0
187756,0
187761,1
187765,0
187776,0
187777,0
187785,1
187791,2
187794,1
187795,1
187801,0
187802,0
187806,0
187814,0
187818,1
187819,0
187821,1
187822,1
187825,1
187826,1
187827,1
187838,1
187849,0
187857,1
187865,1
187875,2
187876,1
187882,2
187885,1
187895,1
187905,0
187909,0
187924,1
187927,2
187931,0
187962,0
187969,0
187972,2
187975,1
187984,0
187985,1
187989,1
188002,0
188006,2
188015,1
188018,1
188020,1
188023,1
188028,0
188029,1
188048,0
188049,1
188055,1
188065,1
188066,1
188069,0
188075,0
188084,0
188089,1
188094,2
188095,0
188098,1
188099,0
188111,0
188114,0
188124,1
188126,0
188129,1
188137,0
188138,0
188139,1
188140,1
188141,1
188142,0
188143,2
188145,0
188147,1
188149,1
188152,1
188153,1
188156,2
188169,0
188171,1
188184,0
188185,1
188186,1
188192,1
188196,0
188200,0
188201,1
188202,0
188204,1
188215,0
188223,0
188224,0
188226,1
188234,1
188240,0
188249,0
188251,0
188254,0
188256,1
188259,0
188268,1
188269,1
188273,1
188276,0
188294,0
188299,2
188308,1
188313,0
188321,0
188331,0
188332,0
188338,2
188339,1
188340,1
188341,0
188344,2
188345,1
188350,1
188353,1
188359,2
188366,1
188369,2
188370,1
188374,0
188384,0
188386,2
188392,2
188394,1
188402,0
188414,0
188416,0
188418,1
188422,1
188430,1
188431,0
188434,1
188436,0
188440,0
188443,1
188454,0
188458,1
188460,1
188463,0
188469,0
188490,1
188493,1
188495,0
188502,0
188508,1
188511,1
188514,1
188515,0
188538,2
188539,1
188542,0
188545,1
188551,1
188552,0
188553,1
188554,1
188555,0
188558,1
188560,1
188565,0
188569,1
188577,1
188585,1
188590,0
188593,0
188596,0
188597,0
188606,0
188614,1
188618,0
188620,0
188621,1
188622,2
188623,0
188632,1
188636,2
188638,0
188640,1
188652,0
188657,0
188658,0
188659,1
188660,0
188663,0
188669,0
188670,1
188674,0
188675,1
188677,1
188679,0
188684,0
188689,0
188690,1
188692,1
188694,0
188712,1
188715,0
188718,1
188720,0
188732,1
188739,1
188748,1
188750,1
188751,1
188754,1
188755,0
188760,0
188762,1
188770,0
188771,0
188775,2
188777,0
188778,2
188784,1
188786,2
188790,0
188792,1
188793,1
188794,0
188795,0
188814,0
188820,1
188827,1
188828,1
188829,1
188831,0
188833,0
188836,1
188837,0
188838,1
188850,1
188851,2
188853,2
188854,1
188862,1
188879,2
188890,1
188892,0
188900,1
188910,0
188911,0
188914,0
188917,2
188919,1
188923,1
188924,2
188929,0
188946,1
188951,0
188953,0
188955,0
188956,1
188957,1
188961,1
188963,1
188964,2
188970,2
188981,1
188982,0
188983,0
188985,0
188987,1
188989,1
188990,1
188991,0
188993,0
188996,1
189003,1
189012,1
189019,0
189024,0
189026,0
189027,1
189031,0
189033,1
189036,0
189042,0
189054,1
189057,1
189062,1
189068,1
189099,0
189109,2
189110,0
189112,1
189118,0
189125,0
189130,1
189139,0
189162,1
189165,0
189170,1
189179,0
189182,1
189192,1
189197,0
189199,1
189210,1
189211,0
189212,0
189213,1
189224,0
189246,1
189258,0
189266,0
189267,2
189275,0
189276,1
189288,1
189294,0
189301,1
189309,2
189325,0
189328,0
189333,1
189335,1
189336,1
189341,1
189351,0
189352,0
189358,2
189370,1
189377,1
189394,1
189400,1
189416,1
189419,1
189422,1
189430,1
189435,2
189438,0
189440,0
189442,0
189453,1
189465,0
189470,1
189474,0
189490,0
189499,1
189500,2
189501,1
189502,0
189505,2
189507,0
189510,0
189512,2
189514,0
189532,1
189542,1
189543,0
189544,1
189548,1
189556,0
189565,0
189579,1
189580,1
189583,1
189584,1
189599,0
189601,0
189609,2
189613,1
189619,2
189621,1
189624,1
189625,1
189629,0
189637,0
189643,1
189647,0
189653,0
189656,1
189657,1
189658,0
189668,0
189669,1
189670,1
189678,1
189682,0
189689,2
189693,1
189695,0
189701,0
189704,1
189710,0
189718,2
189722,1
189723,1
189731,0
189737,0
189750,1
189752,2
189757,1
189762,1
189768,0
189784,2
189788,0
189791,1
189797,1
189804,0
189820,0
189823,1
189824,1
189828,0
189836,0
189838,1
189845,0
189851,0
189854,1
189858,0
189861,1
189863,1
189865,1
189874,0
189879,2
189883,0
189895,1
189898,0
189905,0
189907,1
189910,0
189912,0
189929,2
189935,0
189942,1
189958,0
189961,1
189966,0
189968,0
189977,1
189983,1
189990,0
189993,0
189994,1
190005,0
190007,1
190008,0
190010,1
190024,1
190032,1
190034,0
190035,2
190036,0
190050,0
190058,1
190059,0
190062,0
190066,1
190074,1
190088,1
190092,1
190098,0
190103,0
190104,0
190106,1
190114,0
190118,1
190121,1
190131,1
190132,0
190135,1
190138,1
190139,1
190144,1
190155,0
190166,1
190168,1
190177,0
190178,0
190183,0
190184,1
190185,0
190186,1
190198,0
190208,1
190211,0
190213,1
190224,1
190229,0
190234,0
190236,1
190244,1
190252,0
190259,2
190263,1
190265,1
190274,1
190286,1
190289,1
190290,0
190294,1
190296,1
190298,1
190299,0
190301,0
190304,1
190305,1
190308,1
190315,2
190316,1
190321,1
190339,0
190341,0
190350,0
190351,1
190353,1
190355,1
190364,1
190365,2
190371,1
190374,2
190382,0
190395,1
190401,1
190414,1
190420,1
190422,2
190425,0
190426,0
190434,1
190436,0
190453,2
190454,0
190461,1
190463,1
190475,1
190482,0
190484,2
190485,2
190488,0
190489,0
190492,0
190500,1
190505,1
190507,0
190511,0
190522,0
190525,0
190526,1
190549,1
190552,0
190556,2
190557,0
190562,0
190570,0
190572,1
190573,1
190574,0
190577,1
190580,1
190581,1
190591,2
190596,1
190602,2
190608,0
190610,0
190621,1
190626,0
190631,1
190637,0
190638,0
190644,0
190656,0
190664,0
190665,1
190666,0
190668,1
190670,1
190672,0
190674,1
190678,0
190679,2
190682,1
190686,1
190691,0
190704,1
190705,1
190706,0
190707,1
190713,0
190717,0
190729,1
190732,2
190735,1
190740,1
190756,2
190765,0
190776,0
190786,0
190788,0
190789,0
190790,1
190793,0
190796,0
190800,0
190801,0
190804,1
190808,2
190823,0
190826,0
190828,0
190840,0
190842,1
190845,0
190848,1
190849,1
190852,1
190856,1
190861,2
190862,0
190864,0
190867,2
190876,1
190877,1
190880,1
190884,1
190890,1
190891,0
190892,1
190916,1
190917,0
190925,1
190933,1
190935,0
190936,0
190938,1
190941,1
190942,0
190943,2
190947,0
190950,1
190951,1
190958,0
190960,0
190970,1
190971,0
190974,1
190981,1
190985,0
190993,0
190995,2
191003,1
191014,1
191019,2
191021,1
191028,0
191034,0
191037,0
191040,0
191041,1
191047,1
191051,1
191056,0
191065,2
191067,1
191069,0
191070,0
191085,2
191087,2
191093,0
191096,0
191105,1
191106,0
191111,0
191112,1
191115,0
191117,1
191122,1
191123,0
191124,0
191125,1
191133,1
191136,0
191143,1
191151,2
191155,0
191175,1
191183,0
191185,2
191188,0
191191,0
191193,0
191197,1
191198,1
191199,0
191212,0
191215,1
191241,0
191249,2
191251,1
191252,1
191258,1
191263,2
191266,1
191267,1
191277,2
191283,1
191295,1
191298,0
191308,2
191314,0
191318,2
191322,1
191331,1
191334,0
191339,1
191341,1
191348,1
191365,2
191386,0
191389,0
191407,0
191416,1
191417,1
191422,1
191428,0
191440,1
191441,2
191442,0
191467,1
191471,1
191483,0
191486,1
191489,1
191504,0
191508,1
191515,0
191524,0
191528,0
191529,0
191535,0
191539,0
191540,1
191543,0
191544,0
191553,1
191560,0
191570,0
191572,0
191573,0
191584,1
191585,1
191597,0
191599,2
191601,1
191618,0
191619,0
191621,0
191631,1
191632,2
191637,0
191642,0
191646,0
191668,0
191669,1
191678,0
191679,1
191686,0
191689,0
191692,0
191694,0
191695,0
191703,1
191708,1
191714,1
191725,0
191733,1
191736,0
191737,0
191741,0
191747,0
191750,1
191754,0
191757,0
191758,2
191760,0
191776,1
191778,1
191784,1
191786,2
191787,1
191792,0
191793,2
191794,1
191797,1
191803,1
191808,1
191813,1
191824,1
191825,0
191828,0
191838,1
191843,0
191849,0
191850,0
191855,1
191856,0
191866,1
191888,1
191889,1
191899,0
191914,0
191918,1
191919,0
191929,1
191934,0
191954,0
191955,1
191958,0
191965,1
191981,0
191986,1
191989,1
191993,0
191998,0
192011,0
192024,1
192028,0
192031,0
192032,0
192034,1
192035,2
192043,1
192044,1
192046,0
192047,1
192049,1
192081,1
192082,1
192089,1
192093,1
192097,0
192100,1
192101,0
192105,1
192113,1
192117,0
192125,2
192127,0
192137,1
192154,0
192161,1
192165,0
192174,0
192181,1
192186,1
192192,2
192193,0
192198,0
192201,1
192211,1
192213,1
192219,1
192227,0
192229,1
192230,0
192232,1
192236,1
192245,0
192246,1
192251,0
192254,1
192258,0
192260,2
192262,1
192264,1
192270,1
192275,1
192276,1
192279,0
192281,1
192287,1
192291,0
192293,1
192295,1
192302,0
192307,1
192319,0
192324,0
192327,2
192331,0
192334,0
192336,1
192340,1
192345,0
192351,0
192353,0
192363,0
192367,2
192371,1
192375,1
192379,0
192380,1
192387,1
192402,1
192406,0
192412,0
192415,1
192431,1
192438,2
192443,1
192444,1
192445,1
192446,1
192448,1
192455,1
192456,1
192459,0
192464,1
192468,1
192469,1
192476,0
192477,0
192479,0
192483,1
192484,1
192486,0
192487,1
192499,0
192502,1
192517,1
192523,1
192524,3
192529,1
192532,0
192533,1
192536,0
192538,1
192539,1
192544,3
192551,2
192560,0
192567,1
192572,1
192583,2
192584,1
192587,0
192588,1
192589,0
192592,2
192593,0
192598,1
192600,1
192601,0
192603,2
192607,1
192608,0
192610,1
192616,1
192621,1
192622,0
192626,0
192635,2
192636,1
192640,1
192644,1
192648,1
192651,2
192658,0
192660,1
192662,0
192672,1
192679,0
192683,0
192695,1
192700,1
192709,1
192723,1
192737,1
192738,0
192742,1
192750,1
192752,0
192766,0
192771,0
192783,1
192789,2
192794,0
192797,2
192798,1
192806,1
192808,0
192810,1
192812,2
192813,1
192826,1
192830,2
192832,0
192842,1
192845,0
192854,1
192859,2
192860,0
192863,0
192864,0
192866,1
192868,1
192869,1
192872,1
192874,2
192876,1
192877,0
192881,1
192886,2
192887,2
192888,1
192893,0
192895,1
192900,1
192901,0
192908,1
192919,0
192924,0
192933,1
192943,0
192946,0
192947,1
192951,0
192967,2
192986,1
192994,0
192996,1
193001,0
193004,0
193008,0
193033,2
193039,1
193040,2
193042,0
193045,2
193047,0
193049,1
193052,0
193060,1
193062,1
193066,0
193070,1
193071,0
193076,1
193081,0
193089,1
193092,1
193094,1
193098,0
193100,0
193103,2
193107,0
193113,1
193123,1
193124,0
193125,1
193126,0
193133,1
193136,0
193141,1
193142,1
193151,1
193153,0
193162,1
193177,1
193178,2
193180,1
193182,1
193186,2
193187,0
193195,0
193202,1
193216,2
193217,1
193222,0
193248,0
193251,0
193255,1
193256,0
193257,0
193264,1
193265,0
193267,0
193279,0
193282,1
193284,0
193285,1
193288,1
193292,0
193294,0
193298,0
193299,0
193304,2
193305,1
193326,2
193327,2
193333,0
193336,1
193337,0
193342,1
193343,2
193349,0
193356,0
193358,1
193360,0
193372,0
193388,0
193391,0
193394,2
193395,2
193400,0
193405,0
193409,1
193414,1
193415,0
193419,0
193423,0
193424,0
193426,0
193430,1
193440,1
193457,0
193465,2
193473,1
193483,0
193484,0
193485,1
193490,1
193495,0
193500,0
193502,0
193520,0
193529,1
193537,0
193542,0
193549,1
193550,1
193551,1
193559,1
193567,0
193569,1
193571,1
193578,0
193585,0
193586,1
193592,0
193593,1
193605,1
193608,0
193612,1
193630,1
193645,2
193650,1
193652,1
193655,1
193657,0
193663,1
193665,0
193672,0
193675,1
193676,0
193678,1
193685,0
193688,0
193689,1
193691,2
193692,0
193697,1
193704,0
193716,0
193718,1
193732,0
193737,1
193741,1
193754,1
193755,1
193756,1
193757,0
193759,1
193760,0
193764,2
193776,2
193780,0
193781,1
193785,1
193787,0
193788,0
193789,1
193792,0
193793,0
193794,1
193796,0
193809,1
193811,0
193816,1
193820,0
193821,1
193832,1
193833,1
193835,1
193840,0
193843,1
193845,0
193863,1
193865,2
193871,1
193876,0
193882,0
193884,2
193888,1
193890,1
193897,1
193898,0
193904,1
193912,0
193914,0
193915,1
193919,1
193930,1
193932,1
193935,0
193941,0
193948,1
193958,0
193959,0
193972,0
193974,2
193978,1
193981,0
193984,0
193985,0
193994,1
194004,2
194007,2
194011,0
194019,1
194020,0
194022,2
194023,0
194029,0
194032,0
194040,0
194047,1
194048,0
194057,0
194058,2
194071,0
194076,1
194082,1
194085,2
194087,1
194091,0
194100,0
194105,1
194111,1
194120,2
194121,1
194129,0
194130,1
194133,1
194140,0
194143,0
194144,0
194151,0
194154,1
194156,0
194160,0
194166,1
194167,0
194168,1
194173,0
194176,0
194179,1
194180,1
194181,0
194184,0
194189,1
194196,0
194198,2
194202,1
194205,1
194212,1
194214,1
194222,0
194227,0
194229,1
194230,0
194235,1
194238,0
194242,1
194243,1
194245,1
194260,0
194262,0
194267,0
194269,1
194286,0
194292,0
194299,2
194304,1
194307,1
194311,0
194317,2
194329,1
194335,0
194336,1
194345,0
194347,1
194349,1
194350,0
194360,2
194361,1
194365,0
194366,1
194367,1
194380,0
194385,0
194388,1
194398,0
194404,1
194407,0
194410,1
194411,0
194417,1
194421,1
194422,0
194433,1
194435,0
194439,1
194450,0
194451,0
194453,1
194468,0
194470,1
194472,0
194477,0
194482,1
194483,0
194490,1
194493,1
194503,1
194507,1
194510,2
194521,0
194526,0
194531,1
194536,1
194542,1
194553,1
194555,0
194556,1
194560,1
194564,0
194582,1
194583,1
194590,0
194591,1
194592,2
194596,1
194600,0
194607,0
194621,0
194631,1
194639,2
194652,2
194659,0
194660,0
194664,1
194666,1
194668,1
194670,0
194680,1
194681,0
194685,0
194687,1
194689,1
194693,0
194696,1
194701,2
194706,1
194719,2
194722,1
194726,0
194731,1
194732,1
194733,0
194752,1
194766,1
194770,0
194772,2
194775,1
194786,1
194791,0
194808,1
194810,2
194816,1
194819,0
194823,1
194837,0
194848,0
194857,0
194860,0
194863,0
194864,0
194873,1
194882,3
194886,1
194893,1
194898,0
194899,0
194900,0
194903,1
194905,1
194907,0
194920,1
194928,1
194941,1
194951,0
194954,2
194958,1
194959,2
194962,0
194967,1
194971,1
194978,0
194979,0
194993,2
195010,1
195013,1
195017,1
195023,1
195029,0
195034,0
195035,0
195037,1
195041,1
195043,1
195044,2
195051,1
195062,1
195065,1
195069,0
195076,1
195077,1
195082,1
195091,0
195092,1
195098,0
195100,0
195103,2
195105,1
195107,2
195121,0
195122,0
195124,2
195126,0
195132,0
195136,1
195141,0
195142,2
195143,1
195145,1
195147,0
195152,1
195168,1
195181,1
195185,1
195191,0
195195,1
195209,0
195210,0
195211,1
195216,0
195221,0
195232,0
195236,0
195242,2
195253,1
195254,1
195255,1
195262,0
195263,0
195270,1
195274,1
195280,1
195291,0
195295,1
195297,1
195299,1
195304,1
195308,0
195316,0
195317,1
195322,1
195325,2
195334,0
195335,0
195336,1
195341,1
195344,0
195348,1
195351,2
195355,2
195356,2
195364,2
195368,1
195376,0
195383,0
195384,0
195387,1
195388,1
195393,0
195396,1
195402,1
195409,1
195417,1
195420,1
195421,1
195424,0
195426,1
195428,1
195431,1
195434,1
195439,1
195442,0
195446,2
195452,0
195454,1
195455,0
195456,0
195457,1
195462,0
195463,1
195464,1
195466,1
195481,1
195482,0
195492,1
195501,0
195508,0
195523,2
195528,2
195530,1
195536,0
195541,1
195543,1
195548,1
195556,2
195567,0
195576,1
195579,1
195592,1
195595,1
195596,0
195601,0
195602,1
195618,1
195620,0
195624,1
195626,1
195627,1
195630,1
195634,0
195635,0
195639,0
195640,0
195642,1
195662,1
195663,0
195664,1
195667,0
195677,1
195678,1
195679,0
195698,0
195700,2
195714,0
195724,2
195747,2
195760,0
195762,1
195765,2
195767,1
195773,1
195775,1
195777,1
195784,2
195787,0
195790,1
195796,1
195800,0
195801,1
195803,0
195806,1
195815,1
195822,0
195828,2
195833,0
195838,0
195853,1
195855,1
195860,1
195862,2
195866,0
195868,1
195885,2
195888,1
195894,0
195896,1
195902,1
195905,1
195907,1
195910,2
195911,0
195916,0
195918,2
195919,1
195922,0
195923,1
195928,1
195938,1
195942,2
195945,0
195946,1
195966,1
195969,2
196000,0
196001,1
196004,0
196008,0
196018,1
196023,2
196029,0
196032,1
196058,1
196060,1
196062,1
196065,1
196075,1
196078,0
196096,0
196100,0
196103,1
196110,0
196112,1
196113,1
196127,1
196133,0
196134,1
196137,1
196140,0
196142,1
196145,0
196149,1
196153,1
196156,1
196158,1
196159,0
196168,1
196172,0
196174,0
196183,1
196185,1
196192,2
196215,1
196227,1
196237,0
196240,0
196244,1
196247,2
196248,1
196249,0
196250,1
196262,0
196267,0
196272,1
196276,1
196278,2
196293,2
196295,0
196299,0
196300,1
196310,0
196312,0
196317,0
196320,1
196323,1
196327,1
196336,0
196337,0
196338,0
196344,1
196355,2
196356,2
196361,2
196362,1
196367,0
196370,0
196383,1
196391,0
196394,0
196396,2
196398,1
196402,1
196403,1
196408,0
196409,1
196410,1
196414,1
196423,1
196427,0
196460,1
196464,1
196473,0
196481,2
196487,0
196490,1
196494,1
196501,0
196506,2
196507,0
196521,1
196533,1
196535,1
196536,0
196537,0
196541,2
196547,1
196549,1
196553,0
196555,0
196560,1
196565,0
196566,1
196576,1
196578,1
196580,1
196581,0
196584,1
196586,1
196589,1
196592,0
196601,2
196610,1
196611,1
196619,0
196624,1
196626,0
196642,0
196645,0
196648,2
196660,2
196665,1
196669,0
196671,0
196684,1
196687,1
196692,0
196693,2
196707,2
196711,1
196716,1
196719,0
196724,2
196730,1
196732,0
196738,2
196751,1
196756,1
196765,0
196768,1
196774,0
196775,2
196777,1
196784,1
196791,1
196795,1
196796,0
196801,1
196807,2
196809,1
196810,0
196828,1
196834,0
196837,1
196844,0
196855,1
196860,0
196864,1
196865,2
196871,0
196876,0
196881,1
196884,0
196885,0
196890,1
196892,0
196895,2
196899,1
196905,0
196927,1
196940,0
196942,1
196944,0
196951,1
196954,0
196959,1
196966,1
196968,1
196972,0
196986,0
196999,0
197003,0
197008,1
197013,2
197028,0
197031,1
197033,0
197035,1
197043,1
197096,0
197101,0
197115,1
197124,1
197128,0
197129,1
197130,1
197132,1
197133,0
197134,2
197141,1
197145,1
197146,2
197147,1
197151,1
197152,1
197160,1
197163,1
197171,0
197173,2
197181,2
197183,1
197184,0
197212,1
197214,0
197220,0
197221,0
197227,1
197230,0
197233,1
197236,2
197238,1
197240,0
197241,2
197242,0
197247,0
197250,0
197251,1
197255,2
197257,1
197258,1
197263,1
197264,0
197287,1
197298,1
197301,1
197303,0
197305,1
197306,1
197310,1
197320,1
197327,0
197330,0
197337,1
197342,1
197344,1
197346,1
197349,1
197350,1
197351,0
197359,2
197360,0
197363,0
197366,0
197372,1
197375,1
197378,1
197385,0
197388,0
197404,0
197405,1
197408,1
197416,1
197420,1
197422,1
197429,1
197433,0
197447,2
197449,1
197450,0
197456,0
197465,2
197479,2
197480,2
197481,0
197483,0
197484,1
197489,1
197493,1
197496,2
197501,1
197504,1
197507,1
197515,1
197519,1
197529,0
197533,1
197535,2
197542,0
197544,0
197552,0
197564,1
197566,1
197567,1
197568,0
197569,1
197571,0
197579,0
197584,1
197587,0
197592,0
197609,1
197617,0
197630,1
197632,0
197634,1
197638,1
197639,0
197644,1
197699,0
197707,2
197714,1
197726,0
197727,2
197729,0
197730,1
197734,0
197735,1
197740,1
197745,1
197752,2
197755,1
197757,1
197758,0
197760,0
197761,1
197770,1
197771,2
197772,2
197773,1
197777,1
197779,0
197791,1
197802,1
197807,0
197812,2
197817,2
197819,0
197835,1
197839,1
197841,0
197849,1
197854,0
197856,1
197857,0
197869,1
197877,1
197882,1
197889,1
197898,1
197899,0
197906,1
197914,2
197916,0
197918,1
197922,1
197924,2
197929,1
197938,1
197940,1
197955,0
197966,0
197974,0
197980,1
197985,1
197990,0
197994,1
198001,1
198014,1
198018,0
198024,0
198027,2
198031,1
198037,0
198038,1
198040,0
198042,0
198046,1
198049,1
198055,0
198064,0
198067,1
198073,0
198079,0
198084,2
198093,0
198095,0
198113,1
198116,1
198118,1
198124,0
198126,1
198142,1
198155,2
198172,0
198177,1
198184,0
198186,0
198187,0
198206,1
198212,0
198221,2
198224,0
198228,2
198232,0
198235,1
198245,0
198250,1
198251,1
198261,0
198265,1
198269,1
198271,1
198273,1
198274,0
198275,0
198284,1
198304,2
198318,1
198319,1
198322,0
198323,0
198324,0
198325,1
198338,0
198342,1
198343,0
198349,1
198358,2
198362,0
198364,0
198373,1
198375,0
198379,2
198383,0
198388,2
198395,0
198407,1
198413,1
198415,1
198417,1
198426,1
198427,1
198431,1
198436,0
198442,0
198444,1
198447,0
198449,0
198456,1
198459,1
198460,2
198464,1
198465,1
198470,1
198477,2
198484,2
198487,1
198508,1
198509,1
198510,1
198515,0
198529,0
198537,0
198538,1
198544,1
198551,2
198559,1
198560,1
198561,1
198564,1
198567,2
198569,1
198574,0
198577,0
198578,1
198584,2
198603,0
198609,1
198613,1
198615,2
198617,1
198619,1
198622,1
198626,0
198637,0
198638,1
198640,1
198642,1
198648,1
198652,1
198653,0
198656,1
198661,1
198664,0
198668,0
198683,1
198687,0
198689,1
198690,0
198696,1
198698,1
198699,0
198708,1
198714,1
198716,2
198718,0
198740,1
198741,0
198751,0
198757,0
198760,0
198772,1
198782,1
198785,1
198801,0
198810,0
198817,1
198818,1
198823,1
198825,0
198828,0
198830,0
198832,1
198833,1
198840,0
198848,2
198849,2
198855,1
198860,0
198861,1
198862,1
198871,1
198880,0
198882,2
198886,1
198888,1
198890,1
198894,2
198902,1
198904,0
198906,0
198909,1
198922,1
198930,0
198931,0
198932,0
198939,0
198940,0
198943,2
198945,0
198947,0
198948,1
198949,2
198961,0
198963,0
198966,0
198974,0
199008,1
199009,0
199015,1
199018,0
199029,0
199030,1
199032,2
199034,0
199038,1
199049,1
199050,1
199060,0
199077,2
199091,0
199092,1
199113,1
199116,1
199121,0
199122,1
199123,0
199128,0
199136,0
199137,1
199146,0
199154,1
199158,0
199162,1
199163,2
199164,0
199169,3
199171,2
199172,1
199175,1
199177,1
199181,1
199187,1
199194,0
199197,1
199198,0
199206,2
199208,0
199214,0
199215,0
199218,0
199219,0
199224,1
199231,2
199236,0
199245,1
199246,1
199248,1
199257,0
199262,1
199274,1
199280,1
199289,0
199290,1
199299,0
199312,1
199314,1
199320,0
199322,1
199326,0
199336,0
199337,0
199346,1
199356,1
199359,0
199360,0
199367,0
199371,0
199372,0
199375,0
199376,1
199377,1
199385,1
199390,1
199391,1
199398,1
199406,1
199412,0
199416,0
199425,0
199432,1
199441,1
199446,0
199447,0
199450,2
199453,1
199459,0
199462,1
199463,1
199464,1
199466,0
199470,1
199475,1
199478,1
199503,0
199505,0
199508,0
199511,0
199532,0
199535,1
199538,1
199543,1
199546,1
199548,0
199551,1
199564,1
199572,1
199577,1
199578,1
199579,1
199582,1
199585,1
199588,1
199589,1
199596,0
199603,1
199604,0
199610,1
199613,0
199616,2
199622,0
199631,0
199637,0
199643,1
199652,1
199657,0
199659,1
199664,1
199670,0
199682,0
199684,0
199692,0
199700,0
199704,1
199707,0
199719,1
199721,1
199723,0
199732,0
199751,0
199759,0
199760,0
199761,0
199764,0
199765,1
199769,1
199770,0
199775,2
199779,0
199780,0
199781,1
199782,1
199798,0
199811,0
199815,0
199817,1
199819,1
199832,0
199833,0
199838,1
199839,0
199842,0
199843,1
199844,0
199846,1
199851,0
199860,1
199863,2
199867,2
199873,0
199877,0
199883,1
199886,1
199892,0
199893,0
199910,0
199912,0
199915,1
199931,2
199936,1
199939,0
199954,0
199963,1
199965,2
199966,1
199976,1
199982,2
199984,1
199985,0
199986,1
199990,1
199991,2
199993,0
199996,2
199998,1
